species_index,species_name,auroc,auprg,auroc_reference,auroc_delta,auprg_reference,auprg_delta
0,Abies alba,0.7836739,0.74912685,0.76675063,0.016923249,0.70909876,0.040028095
1,Abies amabilis,0.97056276,0.98853123,0.97854054,-0.007977784,0.9954232,-0.006891966
2,Abies balsamea,0.75347984,0.46466166,0.7377289,0.015750945,0.47631663,-0.011654973
3,Abies concolor,0.92808425,0.9797494,0.8969956,0.03108865,0.96317005,0.01657933
4,Abies fraseri,0.98389715,0.9989533,0.9799143,0.003982842,0.99578565,0.0031676292
5,Abies grandis,0.93666565,0.956079,0.91918266,0.017482996,0.95444375,0.0016352534
6,Abies lasiocarpa,0.9152562,0.83914095,0.8893404,0.025915802,0.76624197,0.072898984
7,Abies sibirica,0.8541532,-0.47718844,0.9482746,-0.0941214,0.94673663,-1.423925
8,Abrus precatorius,0.9051068,0.790942,0.85899043,0.046116352,0.69629765,0.09464437
9,Abutilon fraseri,0.8997722,0.11616867,0.8504802,0.049292028,-0.19147605,0.30764472
10,Abutilon hannii,0.91809857,0.9393932,0.8252674,0.092831194,0.20311269,0.73628056
11,Abutilon malvifolium,0.95217,0.78173095,0.92192054,0.030249476,0.92378837,-0.14205742
12,Abutilon otocarpum,0.8551876,0.34626853,0.7819847,0.07320291,-0.57846475,0.9247333
13,Abutilon oxycarpum,0.82819724,0.8596479,0.7830835,0.045113742,0.8352559,0.024392009
14,Acacia aneura,0.9709596,0.9852365,0.9464796,0.024479985,0.98866266,-0.0034261346
15,Acacia asperulacea,0.9787816,0.9983712,0.9433775,0.035404086,0.94249624,0.055874944
16,Acacia aulacocarpa,0.83976245,0.9567007,0.81266797,0.027094483,0.9171808,0.039519906
17,Acacia bancroftiorum,0.9472809,0.8756643,0.9446275,0.0026533604,0.9669544,-0.09129012
18,Acacia calyculata,0.9497174,0.9674504,0.92763567,0.022081733,0.9557949,0.0116555095
19,Acacia cambagei,0.92925465,0.94920963,0.9124018,0.016852856,0.93840444,0.01080519
20,Acacia chisholmii,0.9598614,0.9642491,0.90647787,0.05338353,0.98519635,-0.020947278
21,Acacia complanata,0.96808654,0.93702704,0.9581783,0.009908259,0.93682075,0.00020629168
22,Acacia concurrens,0.96279687,0.91778183,0.9318191,0.030977786,0.85260904,0.06517279
23,Acacia crassa,0.9683601,0.97361654,0.9467888,0.021571338,0.80091715,0.17269939
24,Acacia crassicarpa,0.93323183,0.8903287,0.91686803,0.0163638,0.9134194,-0.02309072
25,Acacia disparrima,0.957289,0.9797156,0.9229252,0.034363806,0.9120886,0.06762701
26,Acacia doratoxylon,0.9576273,0.98510987,0.94328445,0.0143428445,0.9951158,-0.010005951
27,Acacia excelsa,0.8873491,0.88835627,0.8548533,0.032495856,0.9548587,-0.06650245
28,Acacia falcata,0.9536292,0.99001914,0.92176616,0.031863034,0.9814533,0.008565843
29,Acacia fimbriata,0.95729774,0.52480584,0.92349684,0.0338009,0.7972678,-0.27246195
30,Acacia flavescens,0.88970625,0.8537798,0.87375534,0.015950918,0.83068365,0.023096144
31,Acacia galioides,0.9195798,0.86273205,0.85292095,0.066658854,0.8274362,0.035295844
32,Acacia glaucocarpa,0.98377794,0.99942356,0.9805359,0.0032420158,0.9790811,0.02034247
33,Acacia hammondii,0.9471959,0.96719766,0.8622012,0.084994674,0.9364941,0.030703545
34,Acacia harpophylla,0.91204333,0.93384147,0.88959575,0.022447586,0.9252105,0.008630991
35,Acacia holosericea,0.79981506,0.7023384,0.6735889,0.12622619,0.7329945,-0.0306561
36,Acacia implexa,0.9152892,0.96346414,0.9012468,0.014042437,0.97241867,-0.008954525
37,Acacia irrorata,0.97533685,0.9816289,0.96471715,0.0106197,0.8682807,0.113348186
38,Acacia julifera,0.8915773,0.91903424,0.8337964,0.05778092,0.8369631,0.082071126
39,Acacia leiocalyx,0.93814003,0.8765735,0.9127157,0.025424361,0.8251373,0.051436186
40,Acacia leptocarpa,0.8707018,0.83044803,0.8708672,-0.00016540289,0.8513172,-0.020869195
41,Acacia leptostachya,0.85613215,0.75009364,0.81566274,0.040469408,0.80105376,-0.050960124
42,Acacia ligulata,0.9691853,0.980085,0.92516863,0.04401666,0.91721714,0.06286788
43,Acacia longispicata,0.93404204,0.9642156,0.92212933,0.0119127035,0.98093086,-0.016715288
44,Acacia maidenii,0.95008427,0.93893635,0.9467473,0.003336966,0.9524571,-0.013520718
45,Acacia mariae,0.9702232,0.90143996,0.9593982,0.010824978,0.9928787,-0.09143871
46,Acacia melanoxylon,0.94148904,0.94468117,0.9198693,0.021619737,0.9771434,-0.03246224
47,Acacia multisiliqua,0.9357684,0.7009675,0.83081245,0.10495597,0.84081924,-0.13985175
48,Acacia oswaldii,0.92401326,0.99092364,0.8726351,0.05137813,0.9461185,0.04480517
49,Acacia papyrocarpa,0.9933172,0.99968547,0.98530436,0.008012831,0.97999024,0.019695222
50,Acacia penninervis,0.93204767,0.919247,0.91821903,0.013828635,0.96955794,-0.05031097
51,Acacia platycarpa,0.8944342,0.76591223,0.781558,0.11287624,0.7936983,-0.027786076
52,Acacia polystachya,0.95686966,0.96989316,0.9450274,0.011842251,0.97201145,-0.0021182895
53,Acacia rothii,0.9602637,0.9390945,0.93896234,0.021301389,0.9746451,-0.035550594
54,Acacia salicina,0.8315154,-1.4195386,0.7406742,0.090841174,-0.79520583,-0.6243328
55,Acacia sericophylla,0.96884537,0.9753855,0.9157779,0.053067446,0.97678554,-0.0014000535
56,Acacia shirleyi,0.9077853,0.92518365,0.8280269,0.079758406,0.6251185,0.30006516
57,Acacia simsii,0.79846174,0.894332,0.76061326,0.037848473,0.8474716,0.046860397
58,Acacia stenophylla,0.94600254,0.9746985,0.9237405,0.022262037,0.97525024,-0.0005517602
59,Acacia tenuissima,0.93778026,0.99280035,0.90464956,0.033130705,0.9087567,0.08404368
60,Acacia tetragonophylla,0.99062335,0.9701981,0.9686007,0.022022665,0.98561054,-0.01541245
61,Acacia torulosa,0.8785492,0.43404657,0.8033782,0.075170994,0.80677503,-0.37272847
62,Acacia ulicifolia,0.9767684,0.7655843,0.9693605,0.0074079037,0.8987519,-0.13316762
63,Acacia victoriae,0.8691566,0.9932732,0.8373929,0.031763673,0.96253717,0.03073603
64,Acaena novae-zelandiae,0.98644805,0.99729985,0.9862043,0.00024372339,0.9870482,0.010251641
65,Acalypha fruticosa,0.6616055,-1.4417444,0.66341543,-0.0018099546,-0.9279995,-0.51374495
66,Acalypha gracilens,0.7912824,0.9506886,0.84791905,-0.05663663,0.9181004,0.032588184
67,Acamptopappus sphaerocephalus,0.9602968,0.88721484,0.9539824,0.006314397,0.9602676,-0.073052764
68,Acanthocephalus benthamianus,0.14795011,-3.3710916,0.45822194,-0.31027183,-2.057763,-1.3133285
69,Acantholimon diapensioides,0.9235183,0.88887787,0.75622654,0.16729176,0.61226296,0.2766149
70,Acantholimon laxum,0.19754097,-2.7544398,0.33749998,-0.13995901,-1.8770162,-0.87742364
71,Acanthus mollis,0.9218869,0.832505,0.9290917,-0.007204771,0.9892894,-0.15678442
72,Acer albopurpurascens,0.80705875,0.8048852,0.74171567,0.06534308,0.6826581,0.12222713
73,Acer campestre,0.7813736,0.76084393,0.7760818,0.0052918196,0.76685184,-0.00600791
74,Acer floridanum,0.88740456,0.9210409,0.8758426,0.01156199,0.8686941,0.052346766
75,Acer glabrum,0.9413289,0.8846286,0.92474955,0.01657933,0.9186658,-0.034037232
76,Acer grandidentatum,0.93326825,0.9473623,0.94936174,-0.016093493,0.92995197,0.017410338
77,Acer leucoderme,0.9395739,0.93129534,0.9275,0.0120738745,0.95822453,-0.0269292
78,Acer monspessulanum,0.88809085,0.87794715,0.8986887,-0.010597825,0.9047409,-0.026793778
79,Acer morrisonense,0.8439441,0.8448245,0.85313153,-0.00918746,0.81454414,0.030280352
80,Acer negundo,0.9242585,0.9647715,0.9259441,-0.0016856194,0.96755576,-0.0027842522
81,Acer opalus,0.9028471,0.9474234,0.91432595,-0.011478841,0.94138515,0.0060382485
82,Acer pensylvanicum,0.91554093,0.81964076,0.9227541,-0.0072131753,0.7324102,0.08723056
83,Acer pictum,0.9478739,0.89263904,0.93475777,0.013116121,0.9278004,-0.035161376
84,Acer platanoides,0.81758416,0.84429395,0.78388834,0.033695817,0.7710371,0.07325685
85,Acer pseudoplatanus,0.757802,0.6634544,0.72785646,0.029945552,0.6018473,0.061607122
86,Acer pseudosieboldianum,0.8237825,0.65049744,0.7779144,0.0458681,0.5976564,0.052841008
87,Acer rubrum,0.9052352,0.83406854,0.8654432,0.03979194,0.7369449,0.09712362
88,Acer saccharum,0.93077254,0.90453404,0.9104223,0.020350218,0.88213956,0.022394478
89,Acer serrulatum,0.5957795,0.09844303,0.64011955,-0.044340074,0.40931836,-0.31087533
90,Acer spicatum,0.90548027,0.8254135,0.92438424,-0.01890397,0.9159836,-0.09057009
91,Acer tataricum,0.86863863,0.9915957,0.77655697,0.092081666,0.9417536,0.04984206
92,Achillea asiatica,0.80687857,0.7083285,0.7732582,0.033620358,0.6154661,0.09286237
93,Achillea atrata,0.9736204,0.95902747,0.9752908,-0.0016703606,0.96105355,-0.002026081
94,Achillea clavennae,0.9534635,0.9301282,0.9539069,-0.00044339895,0.9501144,-0.019986212
95,Achillea collina,0.8659805,0.9806014,0.8518647,0.01411581,0.93616563,0.04443574
96,Achillea distans,0.84585774,0.53613657,0.85508907,-0.009231329,0.893635,-0.3574984
97,Achillea fragrantissima,0.61258334,0.10631404,0.67725515,-0.064671814,0.4901186,-0.38380456
98,Achillea macrophylla,0.95180357,0.95516825,0.9334286,0.01837498,0.9410006,0.014167666
99,Achillea maritima,0.9696755,0.9064018,0.96312976,0.0065457225,0.8896684,0.016733408
100,Achillea millefolium,0.8028676,0.6788939,0.78075635,0.022111237,0.6946823,-0.015788376
101,Achillea nana,0.9863158,0.9980096,0.98837703,-0.0020612478,0.93647736,0.06153226
102,Achillea nobilis,0.8238974,0.9766623,0.7678486,0.05604881,0.96703154,0.00963074
103,Achillea pannonica,0.9293499,0.6516255,0.92541575,0.003934145,0.7843657,-0.1327402
104,Achillea ptarmica,0.86771846,0.909319,0.8583667,0.00935173,0.9502151,-0.040896118
105,Achillea salicifolia,0.8736893,0.7396686,0.81010103,0.06358826,0.7426906,-0.003022015
106,Achillea setacea,0.9510968,0.9835757,0.91780514,0.033291638,0.95505863,0.028517067
107,Achnatherum bromoides,0.8948706,0.83900154,0.8931603,0.0017102957,0.86650884,-0.027507305
108,Achnatherum calamagrostis,0.9353085,0.9765022,0.913935,0.02137351,0.86471933,0.11178285
109,Achnatherum pelliotii,0.65693045,0.41116366,0.61584663,0.041083813,0.08548499,0.32567868
110,Achnatherum sibiricum,0.93350554,0.93810505,0.89964867,0.03385687,0.89997107,0.03813398
111,Achyranthes aspera,0.86913854,0.8788334,0.819675,0.04946351,0.81182086,0.06701255
112,Acmella grandiflora,0.9077985,0.6354733,0.89247274,0.015325785,0.9815813,-0.34610796
113,Acmispon wrightii,0.9609346,0.6872636,0.98313946,-0.022204876,0.95951414,-0.27225053
114,Aconitum columbianum,0.9521959,0.88709587,0.94744235,0.00475353,0.87514836,0.011947513
115,Aconitum degenii,0.9272732,0.6486142,0.9001923,0.027080894,0.704804,-0.056189775
116,Aconitum delphiniifolium,0.84773445,0.81278664,0.81506854,0.03266591,0.7863635,0.026423156
117,Aconitum firmum,0.96895355,0.95711195,0.967277,0.0016765594,0.9521835,0.0049284697
118,Aconitum napellus,0.848613,0.93921995,0.85301006,-0.0043970346,0.7828278,0.15639216
119,Aconitum septentrionale,0.8335769,0.6112401,0.7337069,0.099870026,0.1155022,0.49573788
120,Aconitum variegatum,0.9309001,0.89201766,0.92219734,0.008702755,0.849558,0.042459667
121,Aconitum volubile,0.9421824,0.95018816,0.8981907,0.043991745,0.8851481,0.06504005
122,Acritochaete volkensii,0.73535156,0.7430847,0.65001506,0.08533651,-1.6277807,2.3708653
123,Acrospelion distichophyllum,0.95035684,0.96125937,0.95551336,-0.005156517,0.85572386,0.10553551
124,Acrotriche aggregata,0.96331984,0.89864135,0.9640162,-0.00069636106,0.88330764,0.015333712
125,Actaea erythrocarpa,0.884647,0.70775586,0.8458799,0.0387671,0.2949942,0.41276166
126,Actaea pachypoda,0.8740102,0.9189147,0.867475,0.006535232,0.8831502,0.035764456
127,Actaea racemosa,0.79498696,0.66841626,0.8074371,-0.012450159,0.74395424,-0.07553798
128,Actaea rubra,0.9252828,0.94458956,0.9115711,0.013711691,0.5360085,0.40858108
129,Actaea spicata,0.84511906,0.6930267,0.8294795,0.015639544,0.72513616,-0.03210944
130,Actinidia arguta,0.89881897,0.8950283,0.91355467,-0.014735699,0.85414654,0.040881753
131,Actinodaphne acuminata,0.6868739,0.3497114,0.8040707,-0.1171968,0.6373728,-0.2876614
132,Actinodaphne mushaensis,0.8388455,0.80944234,0.79240906,0.04643643,0.6966022,0.112840116
133,Actinostemon concolor,0.8520764,0.80604386,0.8104153,0.041661084,0.7348764,0.07116747
134,Adenanthera abrosperma,0.9072963,0.84978986,0.8936656,0.013630688,0.91239756,-0.062607706
135,Adenia gummifera,0.762863,0.22228347,0.6494759,0.11338711,-0.39537507,0.61765856
136,Adenocaulon bicolor,0.88812685,0.9500075,0.89867926,-0.010552406,0.90591836,0.04408914
137,Adenonema cherleriae,0.9161271,0.8985698,0.84306973,0.07305735,0.72737384,0.17119598
138,Adenophora gmelinii,0.93065566,0.7769886,0.756056,0.17459965,-1.05545,1.8324386
139,Adenophora liliifolia,0.96436584,0.95874655,0.95503306,0.009332776,0.997127,-0.038380444
140,Adenophora stenanthina,0.88157785,0.3051538,0.7578264,0.12375146,0.4092344,-0.10408062
141,Adenostyles alliariae,0.9016302,0.91007626,0.89437306,0.0072571635,0.91290975,-0.0028334856
142,Adenostyles alpina,0.8877983,0.8257486,0.8952091,-0.0074107647,0.7616799,0.064068735
143,Adiantum balfourii,0.9045908,0.8665514,0.9341814,-0.029590607,0.90614146,-0.03959006
144,Adiantum capillus-veneris,0.96116483,-0.63771045,0.9401131,0.021051705,0.8641398,-1.5018502
145,Adiantum hispidulum,0.9551823,0.9700209,0.9548527,0.0003296137,0.97911906,-0.009098172
146,Adina racemosa,0.7952105,0.71749276,0.437373,0.35783747,-1.3276787,2.0451715
147,Adinandra formosana,0.7436225,0.6236576,0.7144169,0.02920556,0.5891406,0.03451699
148,Adinandra lasiostyla,0.75964946,0.6121969,0.83404815,-0.0743987,0.86399245,-0.25179553
149,Adonis vernalis,0.95988387,0.9743713,0.93966484,0.020219028,0.9555506,0.018820703
150,Adoxa moschatellina,0.8029937,0.9168727,0.69863445,0.10435927,0.88859093,0.028281748
151,Aegilops geniculata,0.8184365,0.5845925,0.8059093,0.012527227,-0.13483971,0.71943223
152,Aegilops neglecta,0.96484065,0.7518769,0.95640343,0.008437216,0.8372707,-0.08539379
153,Aegilops triuncialis,0.93545926,0.2513701,0.9282932,0.007166028,-0.6973802,0.94875026
154,Aegiphila integrifolia,0.8409454,0.79190916,0.8037794,0.037166,0.4226016,0.36930755
155,Aegonychon purpurocaeruleum,0.89361525,0.8618919,0.89721006,-0.0035948157,0.880697,-0.018805087
156,Aegopodium podagraria,0.724093,0.30441174,0.68133307,0.042759955,0.41877854,-0.1143668
157,Aeluropus littoralis,0.96815205,0.99381876,0.96625245,0.0018996,0.98404443,0.009774327
158,Aerva javanica,0.86928666,0.7934571,0.8312382,0.038048446,0.4465244,0.34693268
159,Aeschynanthus acuminatus,0.7830854,0.6723392,0.8262712,-0.04318577,0.72659653,-0.054257333
160,Aeschynomene indica,0.8955311,0.77127177,0.7953933,0.10013783,0.23901452,0.53225726
161,Aesculus flava,0.9413813,0.96001107,0.94333935,-0.0019580722,0.9221187,0.03789234
162,Aesculus pavia,0.8897675,0.81534594,0.88119954,0.008567989,0.93066376,-0.11531782
163,Aesculus sylvatica,0.9304577,0.958119,0.9262793,0.004178405,0.90977716,0.04834181
164,Aethionema saxatile,0.8955136,0.75373256,0.8509169,0.044596672,0.5710812,0.18265134
165,Afrohybanthus enneaspermus,0.8352013,0.8490602,0.8444624,-0.009261072,0.79980624,0.04925394
166,Afrohybanthus stellarioides,0.9159375,0.88778716,0.9056353,0.010302186,0.839593,0.04819417
167,Agastache urticifolia,0.9767814,0.9982738,0.9694945,0.0072869062,0.9949624,0.0033113956
168,Ageratina altissima,0.8734486,0.8497674,0.8834346,-0.009985983,0.8357136,0.014053762
169,Ageratina aromatica,0.6562732,0.65450376,0.68254954,-0.02627635,0.6466313,0.007872462
170,Ageratina roanensis,0.92057,0.9669778,0.92166245,-0.0010924339,0.92866594,0.03831184
171,Agoseris aurantiaca,0.9449075,0.8791419,0.9351922,0.009715259,0.95282817,-0.07368624
172,Agoseris glauca,0.95808786,0.8798697,0.9310112,0.027076662,0.9392905,-0.059420824
173,Agrimonia agrimonoides,0.91263235,0.9051791,0.9089896,0.0036427379,0.8232132,0.08196586
174,Agrimonia eupatoria,0.770062,0.8191574,0.7559066,0.0141554475,0.774829,0.04432845
175,Agrimonia pilosa,0.393586,0.8116762,0.394765,-0.0011789799,-0.29031056,1.1019868
176,Agropyron cristatum,0.93818355,0.81394434,0.9166455,0.02153802,0.9201977,-0.106253386
177,Agropyron michnoi,0.8697659,0.81760126,0.86584365,0.003922224,0.9042709,-0.086669624
178,Agrostis breviculmis,0.7577542,0.6192046,0.7375998,0.020154417,0.5659959,0.05320871
179,Agrostis canina,0.8031086,0.6759905,0.8058908,-0.0027822256,0.7922553,-0.11626476
180,Agrostis capillaris,0.6865255,0.40094665,0.6917096,-0.0051840544,0.5011088,-0.10016218
181,Agrostis castellana,0.8052123,0.54511946,0.8368277,-0.031615376,0.81563497,-0.2705155
182,Agrostis exarata,0.577274,-2.3911862,0.5978057,-0.020531654,-6.164667,3.773481
183,Agrostis foliata,0.8149171,0.6619769,0.77111286,0.04380423,0.4860935,0.17588338
184,Agrostis gigantea,0.7506748,0.36748108,0.7156235,0.035051286,0.89098537,-0.52350426
185,Agrostis kilimandscharica,0.830226,0.58936816,0.92594147,-0.09571546,0.8773819,-0.28801376
186,Agrostis mertensii,0.95546967,-1.1042907,0.96203685,-0.00656718,0.4216141,-1.5259049
187,Agrostis perennans,0.8753692,0.92665166,0.8210387,0.05433047,0.6040144,0.32263726
188,Agrostis rupestris,0.9390752,0.9752477,0.92224395,0.01683122,0.9851366,-0.009888947
189,Agrostis scabra,0.92758197,0.3532361,0.88963664,0.03794533,-0.96594065,1.3191768
190,Agrostis stolonifera,0.697543,0.80363387,0.6170842,0.08045882,0.53550595,0.26812792
191,Agrostis tolucensis,0.74245054,0.68234736,0.62952673,0.1129238,0.4392149,0.24313247
192,Agrostis vinealis,0.8758602,0.81214494,0.8697098,0.0061504245,0.8418969,-0.029751956
193,Aidia racemosa,0.9435087,0.9396648,0.92474693,0.018761754,0.8468032,0.09286159
194,Ainsliaea acerifolia,0.8215781,0.7009356,0.7771337,0.044444382,0.5560198,0.14491582
195,Ainsliaea henryi,0.79079014,0.72436947,0.87340075,-0.08261061,0.8714356,-0.14706612
196,Aiouea amoena,0.83720577,0.81970584,0.77159935,0.065606415,0.78191584,0.03779
197,Aiouea saligna,0.87826353,0.7419984,0.8473179,0.030945659,0.66748583,0.07451254
198,Aira caryophyllea,0.8709477,0.94610524,0.8741181,-0.003170371,0.98369485,-0.03758961
199,Aira cupaniana,0.8830888,0.68755776,0.877304,0.0057848096,0.9931776,-0.30561984
200,Aira praecox,0.90786976,0.9941667,0.8976251,0.0102446675,0.9849017,0.009264946
201,Aizoon africanum,0.9130076,0.79172456,0.94280285,-0.02979523,0.86467797,-0.0729534
202,Aizoon canariense,0.767732,0.067657165,0.65936315,0.10836887,-0.007286127,0.07494329
203,Aizoon mezianum,0.81884766,0.6157647,0.8540039,-0.03515625,0.78502995,-0.16926527
204,Ajania achilleoides,0.6795522,0.4000378,0.68683326,-0.007281065,0.5153264,-0.115288585
205,Ajania fruticulosa,0.8036802,0.7098359,0.80765975,-0.0039795637,0.6859832,0.023852706
206,Ajuga australis,0.8257072,0.73648816,0.80505836,0.020648837,0.945193,-0.20870483
207,Ajuga chamaepitys,0.9142664,0.7981756,0.9160182,-0.0017517805,0.9960802,-0.19790465
208,Ajuga genevensis,0.849868,0.9554675,0.84959596,0.0002720356,0.89350635,0.061961174
209,Ajuga pyramidalis,0.81560314,0.81102824,0.71611905,0.099484086,0.19933718,0.61169106
210,Ajuga reptans,0.73738563,0.6260253,0.72469735,0.012688279,0.5436068,0.0824185
211,Albizia gummifera,0.7658855,0.9020699,0.6641146,0.10177088,0.7633609,0.13870901
212,Alchemilla alpigena,0.91383094,0.5901845,0.9104538,0.0033771396,-0.07997397,0.6701585
213,Alchemilla alpina,0.9390585,0.9722069,0.93250227,0.006556213,0.974179,-0.0019721389
214,Alchemilla argyrophylla,0.8918786,0.6717383,0.8997881,-0.007909477,0.71121997,-0.03948164
215,Alchemilla conjuncta,0.8718738,0.9422459,0.8674729,0.004400909,0.7835152,0.15873069
216,Alchemilla crinita,0.8860137,0.12777078,0.9210954,-0.035081685,0.99924463,-0.87147385
217,Alchemilla ellenbeckii,0.90421736,0.8303821,0.90458864,-0.00037127733,0.92991346,-0.09953135
218,Alchemilla fischeri,0.8744232,0.8504665,0.8230059,0.05141729,0.7641297,0.08633679
219,Alchemilla fissa,0.9314074,0.9176218,0.9304712,0.00093621016,0.72248995,0.19513184
220,Alchemilla flabellata,0.8534906,-1.1709169,0.8521315,0.0013591051,-0.37651497,-0.79440194
221,Alchemilla glabra,0.8396944,0.9528865,0.851528,-0.011833608,0.94822544,0.004661083
222,Alchemilla hispidula,0.6493478,0.56952107,0.694332,-0.04498422,0.50022334,0.06929773
223,Alchemilla hoppeana,0.8826196,0.70779705,0.89090353,-0.008283913,0.7632073,-0.055410266
224,Alchemilla hybrida,0.80878156,-0.4291642,0.7711528,0.03762877,-0.8136144,0.38445023
225,Alchemilla johnstonii,0.93148077,0.9281801,0.96091866,-0.0294379,0.96941817,-0.04123807
226,Alchemilla monticola,0.86753213,0.75972575,0.86282665,0.0047054887,0.9474941,-0.18776834
227,Alchemilla nivalis,0.7537125,0.56189865,0.66615295,0.08755952,0.41300902,0.14888963
228,Alchemilla vulgaris,0.76538527,0.76359504,0.76600486,-0.0006195903,0.83973795,-0.07614291
229,Alchemilla xanthochlora,0.6960998,0.8157424,0.6979081,-0.0018082857,0.88110423,-0.06536186
230,Alchornea glandulosa,0.77781844,0.67702264,0.89400756,-0.11618912,0.77222353,-0.095200896
231,Alchornea sidifolia,0.82021636,0.65350604,0.77640295,0.043813407,0.6243648,0.029141247
232,Alchornea triplinervia,0.91172844,0.8687693,0.9304655,-0.018737078,0.90502894,-0.03625965
233,Alectryon diversifolius,0.96931446,0.9846885,0.966062,0.0032524467,0.95795596,0.026732564
234,Alectryon oleifolius,0.7635832,0.8977457,0.69285715,0.07072604,-0.880529,1.7782748
235,Alectryon subcinereus,0.98436296,0.9264557,0.98524594,-0.0008829832,0.99713755,-0.07068187
236,Aletris farinosa,0.83636945,0.7972611,0.862513,-0.02614355,0.8741566,-0.076895475
237,Alisma lanceolatum,0.8581825,-1.3790075,0.75434744,0.10383505,0.827653,-2.2066605
238,Alisma plantago-aquatica,0.81349933,0.83223975,0.8004938,0.013005555,0.7957903,0.036449432
239,Alliaria petiolata,0.76267225,0.83683777,0.7677223,-0.005050063,0.8629894,-0.026151657
240,Allium anisopodium,0.84755605,0.7574801,0.8730672,-0.025511146,0.8042892,-0.046809137
241,Allium bidentatum,0.88285744,0.72457325,0.8503939,0.03246355,0.6787845,0.045788765
242,Allium carinatum,0.8970872,0.90739006,0.8927915,0.0042957067,0.40740928,0.49998078
243,Allium ericetorum,0.7205821,0.3707969,0.5479085,0.17267364,0.6334963,-0.2626994
244,Allium flavum,0.93041736,0.99620634,0.9297601,0.0006572604,0.986444,0.009762347
245,Allium mongolicum,0.6258825,0.39959866,0.6858506,-0.059968114,0.23559628,0.16400237
246,Allium nutans,0.94529736,0.85051364,0.88903576,0.0562616,0.968684,-0.11817038
247,Allium oleraceum,0.8967926,0.76824677,0.8756606,0.021131992,0.76729804,0.00094872713
248,Allium prostratum,0.7502832,0.70399344,0.69277567,0.057507515,-0.25554615,0.9595396
249,Allium rubens,0.9534725,0.9532389,0.95139116,0.0020813346,0.9607875,-0.0075485706
250,Allium schoenoprasum,0.8913273,0.87656635,0.8867066,0.004620731,0.9035149,-0.026948571
251,Allium senescens,0.8483502,0.80729246,0.7083622,0.139988,0.61358833,0.19370413
252,Allium sphaerocephalon,0.8582073,0.9420031,0.8659474,-0.00774014,0.89916885,0.042834222
253,Allium strictum,0.9619999,0.9735554,0.9597522,0.0022476912,0.99754536,-0.023989975
254,Allium subhirsutum,0.94888026,0.9078126,0.9389402,0.009940028,0.85376924,0.054043353
255,Allium tenuissimum,0.8859457,0.8172476,0.83450437,0.05144131,0.61974204,0.1975056
256,Allium textile,0.88822746,0.9266116,0.8173711,0.07085639,-2.6193235,3.5459352
257,Allium ursinum,0.83105457,0.8740663,0.84128106,-0.010226488,0.8579045,0.0161618
258,Allium victorialis,0.9325649,0.75419104,0.9365129,-0.0039479733,0.9994045,-0.24521345
259,Allium vineale,0.79686135,0.9817828,0.78753996,0.009321392,0.92563933,0.056143463
260,Allium vodopjanovae,0.9089029,0.91901237,0.89790714,0.010995746,0.90178204,0.017230332
261,Allocasuarina littoralis,0.8639541,0.22285956,0.80827296,0.05568117,0.015691223,0.20716834
262,Allocasuarina luehmannii,0.9384508,0.979271,0.9106369,0.027813911,0.9915826,-0.012311578
263,Allocasuarina torulosa,0.92216533,0.32670525,0.91728854,0.0048767924,0.09359398,0.23311126
264,Allophylus edulis,0.6879823,0.47460464,0.6163801,0.071602225,0.21064553,0.2639591
265,Allophylus guaraniticus,0.77585423,0.8471978,0.7489749,0.02687931,0.3096415,0.5375563
266,Allophylus rubifolius,0.9707113,0.91426414,0.9632217,0.007489562,0.9968714,-0.08260727
267,Alloteropsis cimicina,0.8608413,0.39488137,0.7579292,0.10291207,-0.15623255,0.5511139
268,Alloteropsis semialata,0.867589,0.86080813,0.8584825,0.009106517,0.8541311,0.0066770315
269,Alnus alnobetula,0.8788562,0.56861997,0.8794024,-0.00054621696,0.7466524,-0.17803246
270,Alnus formosana,0.7487873,0.61662,0.72345495,0.025332332,0.64078104,-0.02416104
271,Alnus glutinosa,0.774892,0.8529204,0.78786063,-0.012968659,0.8922678,-0.03934741
272,Alnus incana,0.8001427,0.84676695,0.82210684,-0.021964133,0.8075655,0.03920144
273,Alnus serrulata,0.7087375,0.48544142,0.6981989,0.010538578,0.7015642,-0.21612278
274,Alocasia odora,0.8554071,0.7948952,0.8385773,0.016829848,0.7061755,0.088719666
275,Alopecurus aequalis,0.85362357,-0.011233439,0.8274838,0.026139796,0.8040366,-0.81527007
276,Alopecurus arundinaceus,0.959155,0.9503547,0.90448856,0.05466646,0.7425969,0.20775777
277,Alopecurus geniculatus,0.9112204,0.9833008,0.8944368,0.016783595,0.9782496,0.0050511956
278,Alopecurus pratensis,0.6482763,0.22158124,0.67430955,-0.026033223,0.14722385,0.07435739
279,Alpagrostis alpina,0.89475596,0.43546444,0.69508505,0.19967091,0.57154065,-0.13607621
280,Alpagrostis setacea,0.9566896,0.9876271,0.9547647,0.0019248724,0.96565425,0.021972835
281,Alphitonia excelsa,0.8444298,0.7990895,0.811744,0.032685816,0.6450902,0.15399927
282,Alphitonia pomaderroides,0.8180646,0.702229,0.7749191,0.043145478,0.6182136,0.08401543
283,Alpinia caerulea,0.9822756,0.99911827,0.9850369,-0.0027613044,0.9997533,-0.0006350279
284,Alpinia intermedia,0.8108346,0.7808424,0.82260966,-0.011775076,0.7962468,-0.015404403
285,Alpinia zerumbet,0.7468841,0.47625613,0.77359736,-0.026713252,0.6871253,-0.2108692
286,Alseis floribunda,0.8391354,0.82005227,0.7308938,0.10824162,0.6451469,0.17490536
287,Alsophila setosa,0.8379121,0.7331074,0.85685503,-0.018942952,0.8152258,-0.08211839
288,Alsophila spinulosa,0.79872656,0.782413,0.7938627,0.004863858,0.73549557,0.04691744
289,Alstonia actinophylla,0.9326867,0.40385383,0.926884,0.005802691,0.4481234,-0.04426956
290,Alstonia constricta,0.8244505,-1.6106273,0.8063824,0.018068075,-0.9773638,-0.63326347
291,Alternanthera denticulata,0.8712892,0.9368836,0.85305566,0.018233538,0.91992056,0.016963065
292,Alternanthera nana,0.6504446,-1.0264438,0.59741586,0.053028762,-3.9600196,2.9335756
293,Alternanthera nodiflora,0.82541937,0.884964,0.73130006,0.09411931,0.36627063,0.5186933
294,Althaea officinalis,0.90030706,0.8905062,0.8669485,0.033358574,0.90945846,-0.01895225
295,Alysicarpus ovalifolius,0.93044806,0.8668865,0.9231886,0.0072594285,0.85836345,0.008523047
296,Alyssum alyssoides,0.85526896,0.92500955,0.85685194,-0.0015829802,0.6512586,0.27375096
297,Alyssum lenense,0.90988237,0.8499038,0.90810394,0.0017784238,0.9012955,-0.05139166
298,Alyxia ruscifolia,0.9442195,0.97585714,0.9302611,0.013958454,0.95204324,0.023813903
299,Alyxia spicata,0.91106325,0.87109077,0.88954437,0.021518886,0.86511403,0.0059767365
300,Amaioua guianensis,0.9271826,0.95616186,0.90515405,0.022028565,0.87819594,0.077965915
301,Amaranthus graecizans,0.9219652,0.8934091,0.92057383,0.0013913512,0.3054685,0.5879406
302,Amblynotus rupestris,0.8298017,0.6999437,0.8072089,0.022592783,0.6650485,0.03489524
303,Ambrosia artemisiifolia,0.9505143,0.7524813,0.9462808,0.004233539,0.82732576,-0.07484448
304,Ambrosia deltoidea,0.9777351,0.98819965,0.9799289,-0.0021938086,0.992481,-0.004281342
305,Ambrosia dumosa,0.96800554,0.96762645,0.9551839,0.012821615,0.96019495,0.007431507
306,Ambrosia psilostachya,0.93597335,0.9160003,0.9224583,0.013515055,0.9579014,-0.04190111
307,Ambrosia salsola,0.86497915,0.6613833,0.861021,0.0039581656,0.6273908,0.03399247
308,Amelanchier alnifolia,0.93466485,0.9466402,0.93622065,-0.0015558004,0.94528985,0.0013503432
309,Amelanchier arborea,0.80098426,0.71312594,0.70280397,0.098180294,0.4575956,0.25553036
310,Amelanchier laevis,0.7549676,-0.5025992,0.77678734,-0.02181977,0.32904392,-0.8316431
311,Amelanchier ovalis,0.8808084,0.8843262,0.8633859,0.017422497,0.9092017,-0.024875462
312,Amelanchier utahensis,0.8742466,0.77099097,0.866168,0.008078575,0.93664545,-0.16565448
313,Amethystea caerulea,0.9289416,0.8667718,0.88188297,0.047058642,0.7014067,0.1653651
314,Amianthium muscitoxicum,0.7786934,0.85078555,0.76024634,0.018447042,0.8891563,-0.03837073
315,Ammannia multiflora,0.86118084,0.64248127,0.758413,0.102767825,0.57592744,0.06655383
316,Ampelopsis glandulosa,0.79466474,0.8760938,0.7997668,-0.0051020384,0.86779624,0.008297563
317,Amphicarpaea bracteata,0.75694776,0.4603266,0.7386575,0.018290281,0.453812,0.006514609
318,Amphicarpum muehlenbergianum,0.94813615,0.9910986,0.940727,0.0074091554,0.9678461,0.023252487
319,Anabasis brevifolia,0.80952376,0.6270681,0.7392499,0.070273876,0.43572485,0.19134325
320,Anacamptis laxiflora,0.774171,-2.5602672,0.7618575,0.012313485,-0.8039272,-1.75634
321,Anacamptis morio,0.7801052,0.61893636,0.7909734,-0.010868251,0.32139865,0.2975377
322,Anacamptis palustris,0.91913795,0.4317816,0.88395184,0.035186112,0.7220323,-0.29025072
323,Anacamptis pyramidalis,0.8548971,0.32077312,0.85789895,-0.0030018687,0.8172171,-0.496444
324,Anaphalis margaritacea,0.9584256,0.93392533,0.95597047,0.0024551153,0.8361449,0.09778041
325,Anastatica hierochuntica,0.64221567,0.73253304,0.6134185,0.02879715,-0.51167023,1.2442033
326,Anatherum virginicum,0.6546258,0.44138077,0.6417311,0.01289469,0.32181478,0.11956599
327,Andira fraxinifolia,0.92592317,0.9404769,0.9259232,-5.9604645e-08,0.9286865,0.011790395
328,Andromeda polifolia,0.957903,0.9223801,0.9459135,0.011989534,0.93861,-0.016229928
329,Andropogon gayanus,0.8480415,0.89890766,0.7960829,0.05195856,0.91485554,-0.015947878
330,Andropogon pseudapricus,0.83797055,0.6259502,0.8617022,-0.023731649,0.7757487,-0.14979851
331,Andropogon stolonifer,0.9788345,0.977713,0.9741663,0.004668236,0.9812062,-0.0034931898
332,Andropogon tener,0.95249456,0.9870706,0.851159,0.101335585,0.89477414,0.09229648
333,Androsace alpina,0.9860533,0.6151689,0.9886123,-0.0025590062,0.95781386,-0.34264493
334,Androsace chamaejasme,0.97959113,0.999346,0.9852512,-0.005660057,0.9963763,0.0029697418
335,Androsace incana,0.9194424,0.9337701,0.88154286,0.037899554,0.8041032,0.12966692
336,Androsace maxima,0.948346,0.74674875,0.90596366,0.04238236,0.9376453,-0.19089657
337,Androsace septentrionalis,0.9427196,0.62958974,0.8696209,0.07309866,0.004268827,0.6253209
338,Androsace villosa,0.9540393,0.9803654,0.94241273,0.011626542,0.94159913,0.038766265
339,Andryala integrifolia,0.81161493,0.863532,0.8227769,-0.011161983,0.7630896,0.10044241
340,Anemonastrum narcissiflorum,0.94404066,0.963331,0.9475002,-0.0034595728,0.9902551,-0.026924133
341,Anemone hortensis,0.79161376,-0.5324172,0.8345221,-0.04290837,0.3605309,-0.8929481
342,Anemone multifida,0.9716606,0.9991335,0.9556599,0.016000688,0.7730263,0.22610724
343,Anemone nemorosa,0.75313073,0.67613375,0.7101084,0.043022335,0.60670453,0.06942922
344,Anemone parviflora,0.92514706,0.94423467,0.8705227,0.05462438,0.9642146,-0.019979954
345,Anemone piperi,0.98779476,0.98482627,0.98322344,0.0045713186,0.97091794,0.013908327
346,Anemone ranunculoides,0.81046087,0.9084687,0.82262063,-0.012159765,0.9658235,-0.05735475
347,Anemone sylvestris,0.9262758,0.96148205,0.8554989,0.07077688,0.9048503,0.056631744
348,Anemone trifolia,0.978086,0.97241735,0.9759314,0.0021545887,0.9876506,-0.015233219
349,Angelica arguta,0.91494715,0.8973091,0.9140192,0.0009279251,0.9332413,-0.035932183
350,Angelica pyrenaea,0.9659165,0.9466503,0.9453469,0.020569623,0.9654249,-0.018774569
351,Angelica sylvestris,0.71823543,0.41033372,0.6608987,0.057336748,0.521689,-0.111355275
352,Angelica triquinata,0.96469975,0.98159176,0.96938163,-0.0046818852,0.9566416,0.024950147
353,Angiopteris lygodiifolia,0.82001007,0.8312664,0.79970795,0.020302117,0.7500723,0.0811941
354,Angophora costata,0.9727429,0.96852064,0.9681451,0.0045978427,0.85798687,0.110533774
355,Angophora floribunda,0.9277909,0.9521105,0.9088681,0.018922806,0.93926185,0.012848675
356,Angophora leiocarpa,0.9435704,0.9247604,0.91525906,0.028311312,0.9403159,-0.015555501
357,Angophora subvelutina,0.9600108,0.9933778,0.95499194,0.00501889,0.8739895,0.11938828
358,Aniba firmula,0.8829421,0.7997872,0.86143535,0.021506727,0.73382217,0.06596506
359,Aningeria adolfi-friederici,0.91585195,0.98335713,0.67084455,0.2450074,0.2572451,0.726112
360,Annona cacans,0.76373166,0.63661766,0.78851,-0.024778366,0.5965103,0.04010737
361,Annona emarginata,0.71581674,0.51027083,0.68761927,0.028197467,0.45777178,0.052499056
362,Annona neosericea,0.8828185,0.83056486,0.88363034,-0.00081181526,0.8510149,-0.020450056
363,Annona sylvatica,0.7305678,0.5157207,0.63652223,0.09404558,0.33263317,0.18308756
364,Anoectochilus formosanus,0.5969231,0.31965342,0.5563462,0.040576935,-0.077275105,0.39692852
365,Antennaria alpina,0.8797413,0.93437576,0.8826174,-0.002876103,0.8041294,0.13024634
366,Antennaria carpatica,0.9558938,0.80689085,0.96256936,-0.0066755414,0.9395269,-0.13263607
367,Antennaria dioica,0.8414174,0.8369277,0.8563684,-0.01495105,0.7720871,0.064840615
368,Antennaria luzuloides,0.7602339,-2.1815674,0.705359,0.054874897,-4.1987343,2.0171669
369,Antennaria parlinii,0.63720745,-0.4604472,0.5624582,0.07474923,-1.2598823,0.79943514
370,Antennaria parvifolia,0.8270894,0.5272086,0.77885216,0.048237264,0.5218869,0.005321741
371,Antennaria plantaginifolia,0.8334939,0.840811,0.8849982,-0.051504314,0.77101034,0.069800675
372,Antennaria racemosa,0.65675867,0.41222805,0.62467444,0.032084227,0.4657077,-0.05347964
373,Antennaria rosulata,0.957333,0.43426013,0.98491883,-0.027585804,0.99957174,-0.5653116
374,Anthemis arvensis,0.76724607,0.8570439,0.7906728,-0.023426712,0.8362888,0.020755112
375,Anthemis ruthenica,0.96792793,0.9785726,0.96044296,0.0074849725,0.2435221,0.7350505
376,Anthenantia villosa,0.9225122,0.86756694,0.9236406,-0.0011284351,0.82898957,0.038577378
377,Anthericum liliago,0.8583775,0.9538001,0.8578042,0.0005733371,0.8771155,0.076684594
378,Anthericum ramosum,0.8905899,0.9435381,0.8852379,0.0053520203,0.91518784,0.028350294
379,Anthosachne scabra,0.9300269,0.8647619,0.92156136,0.0084655285,0.84131247,0.02344942
380,Anthoxanthum nivale,0.8392023,0.7465969,0.93252176,-0.093319476,0.8911165,-0.14451963
381,Anthoxanthum odoratum,0.663388,0.4513592,0.66197133,0.0014166832,0.49387234,-0.042513132
382,Anthoxanthum repens,0.91095275,0.39134312,0.7683115,0.14264125,0.5655691,-0.17422599
383,Anthriscus sylvestris,0.7391342,0.8596543,0.7091249,0.03000927,0.8841741,-0.024519801
384,Anthyllis hermanniae,0.94199866,0.9515871,0.9364099,0.00558877,0.97444373,-0.022856653
385,Anthyllis montana,0.9607734,0.9633147,0.95625836,0.004515052,0.9748099,-0.011495173
386,Anthyllis vulneraria,0.8000892,0.8536131,0.7845571,0.015532076,0.8520058,0.0016072989
387,Anticlea elegans,0.9114942,0.6424336,0.8610191,0.05047512,0.79647607,-0.15404248
388,Antidesma ghaesembilla,0.88524365,0.731986,0.8484546,0.03678906,0.84766287,-0.11567688
389,Antidesma parvifolium,0.8436258,0.72073597,0.8039533,0.039672494,0.8539985,-0.13326252
390,Anvillea garcinii,0.6611775,0.040657192,0.610172,0.051005542,0.5066143,-0.46595713
391,Aparisthmium cordatum,0.9472126,0.98484343,0.936189,0.011023581,0.9477219,0.037121534
392,Aphyllanthes monspeliensis,0.9575739,0.9510462,0.9581735,-0.0005996227,0.95117784,-0.00013160706
393,Apios americana,0.8265564,0.30327728,0.80240947,0.024146914,0.84615517,-0.5428779
394,Apocynum androsaemifolium,0.9349433,0.9776166,0.92452323,0.010420084,0.96552414,0.012092471
395,Apodytes dimidiata,0.858402,0.8416911,0.77346253,0.08493948,0.40360978,0.4380813
396,Aposeris foetida,0.9539555,0.93460464,0.9507015,0.0032539964,0.9173386,0.017266035
397,Apowollastonia spilanthoides,0.8948984,0.8052163,0.8797332,0.01516521,0.67527974,0.12993658
398,Apuleia leiocarpa,0.96188,0.9268203,0.7412281,0.22065192,-0.4168851,1.3437054
399,Aquilegia atrata,0.90869004,0.7380683,0.8904246,0.018265426,0.98586607,-0.24779779
400,Aquilegia vulgaris,0.7046163,0.5296837,0.64081883,0.063797474,0.6757174,-0.1460337
401,Arabidopsis arenosa,0.8948672,0.97822654,0.90068865,-0.0058214664,0.9842645,-0.0060379505
402,Arabidopsis halleri,0.92662454,0.96793944,0.8870303,0.039594233,0.976001,-0.008061588
403,Arabidopsis neglecta,0.9809622,0.9174236,0.9779294,0.0030328035,0.9899027,-0.07247907
404,Arabidopsis thaliana,0.7435148,0.01688549,0.65569365,0.087821126,-0.33817744,0.35506293
405,Arabis alpina,0.9000026,0.87084913,0.9082954,-0.008292794,0.86318785,0.007661283
406,Arabis hirsuta,0.7494143,0.91487503,0.75206065,-0.002646327,0.8880137,0.02686131
407,Arachniodes festina,0.6840167,0.2257755,0.7407408,-0.05672407,0.6781474,-0.4523719
408,Arachniodes pseudoaristata,0.6816015,0.46315,0.59515923,0.08644229,0.22354108,0.23960891
409,Arachniodes rhomboidea,0.6288041,0.28563076,0.6269639,0.0018401742,0.29006758,-0.0044368207
410,Aralia nudicaulis,0.97466123,0.991015,0.96023846,0.014422774,0.9960824,-0.005067408
411,Aralia spinosa,0.79372674,0.67090905,0.7670766,0.02665013,0.52516127,0.14574778
412,Araucaria angustifolia,0.8625504,0.8327232,0.76015526,0.10239512,0.65198517,0.18073803
413,Arbutus unedo,0.8929395,0.9193326,0.9118342,-0.018894672,0.874187,0.04514563
414,Archidendron lucidum,0.8710013,0.8714888,0.8759113,-0.004909992,0.8462458,0.025242984
415,Archirhodomyrtus beckleri,0.99773926,0.999957,0.9970056,0.0007336736,0.99989617,6.0856342e-05
416,Archontophoenix cunninghamiana,0.9938298,0.98963255,0.99505043,-0.0012206435,0.9996683,-0.010035753
417,Arctagrostis latifolia,0.9868472,0.98943156,0.95747,0.029377222,0.84661025,0.14282131
418,Arctium lappa,0.7139009,0.9033662,0.7083072,0.005593717,0.5338745,0.3694917
419,Arctium minus,0.7379253,0.29770476,0.75176436,-0.013839066,0.55635434,-0.2586496
420,Arctium tomentosum,0.9126785,0.6962379,0.84793687,0.06474161,0.2230038,0.47323412
421,Arctogeron gramineum,0.9085988,0.876225,0.8615404,0.047058403,0.7235373,0.15268767
422,Arctostaphylos pringlei,0.97885,0.78514004,0.97852767,0.00032234192,0.88265455,-0.09751451
423,Arctostaphylos pungens,0.9695619,0.92848724,0.9549211,0.0146407485,0.96128273,-0.03279549
424,Arctostaphylos uva-ursi,0.90345,0.88965607,0.8972825,0.006167531,0.90397567,-0.014319599
425,Arctous alpina,0.9686536,-1.5405152,0.9514658,0.017187834,-3.6830661,2.142551
426,Arctous rubra,0.9722916,0.9467601,0.92668056,0.045611024,0.88177913,0.064980984
427,Arcytophyllum muticum,0.8089622,0.8513963,0.8179245,-0.008962274,0.8492121,0.0021842122
428,Arcytophyllum nitidum,0.6877023,0.42338112,0.6343042,0.053398073,0.39172268,0.03165844
429,Ardisia cornudentata,0.7603306,0.627483,0.80353665,-0.043206036,0.6913517,-0.0638687
430,Ardisia crenata,0.66321504,0.33343604,0.7352838,-0.07206875,0.52905136,-0.19561532
431,Ardisia japonica,0.8675214,0.9644872,0.88112986,-0.013608456,0.9754829,-0.010995686
432,Ardisia quinquegona,0.8750689,0.86219347,0.83432555,0.04074335,0.8145017,0.047691762
433,Ardisia sieboldii,0.89581054,0.84738696,0.8652185,0.030592024,0.8040856,0.043301344
434,Ardisiandra wettsteinii,0.8553056,0.8171387,0.9243945,-0.069088876,0.9524586,-0.13531995
435,Arenaria biflora,0.9645481,0.80753183,0.9628406,0.0017074943,0.84306574,-0.035533905
436,Arenaria ciliata,0.94299483,0.9806717,0.94101626,0.0019785762,0.9411747,0.039497018
437,Arenaria grandiflora,0.9705942,0.9740005,0.9641746,0.006419599,0.95385945,0.020141065
438,Arenaria leptoclados,0.7818631,0.9210366,0.8097556,-0.02789253,0.7714787,0.14955789
439,Arenaria montana,0.8886059,0.9775311,0.86953133,0.01907456,0.96760684,0.009924233
440,Arenaria serpyllifolia,0.71596086,0.20258509,0.6870381,0.028922737,0.4783979,-0.2758128
441,Argentina anserina,0.8762671,0.879034,0.8585674,0.017699659,0.9218565,-0.04282254
442,Argyrolobium zanonii,0.93193173,0.8496386,0.93411523,-0.002183497,0.8405923,0.009046257
443,Arisaema amurense,0.82592446,0.74420357,0.77012414,0.05580032,0.5043518,0.23985177
444,Arisaema dracontium,0.89999664,0.9316711,0.920913,-0.020916343,0.955798,-0.024126887
445,Arisaema mildbraedii,0.8852809,0.7870827,0.709891,0.17538989,0.44624728,0.3408354
446,Arisaema ringens,0.86334074,0.7514643,0.87299335,-0.009652615,0.93950605,-0.18804175
447,Arisaema triphyllum,0.7521639,0.611482,0.72636354,0.025800347,0.5527671,0.058714926
448,Arisarum vulgare,0.9505168,0.963808,0.9507332,-0.00021636486,0.87185025,0.09195775
449,Aristida adscensionis,0.9337075,0.8613611,0.86181974,0.07188773,0.858295,0.003066063
450,Aristida beyrichiana,0.9530299,0.93737555,0.9322129,0.020816982,0.92666405,0.010711491
451,Aristida calycina,0.64821756,-0.38833448,0.58578074,0.06243682,-1.7863156,1.397981
452,Aristida caput-medusae,0.92653286,0.9575597,0.9080691,0.01846379,0.96566874,-0.008109033
453,Aristida contorta,0.948393,0.98693866,0.8707471,0.0776459,0.96323204,0.023706615
454,Aristida funiculata,0.89482766,0.94633144,0.8649707,0.02985698,0.85703063,0.08930081
455,Aristida gracilipes,0.90591735,0.7475777,0.8861752,0.019742131,0.6835285,0.064049244
456,Aristida holathera,0.8702768,0.8840881,0.72755766,0.14271915,0.68953663,0.19455147
457,Aristida hygrometrica,0.8731348,0.8902695,0.7373062,0.13582861,0.9039745,-0.013704956
458,Aristida inaequiglumis,0.90019524,0.90708905,0.82289875,0.077296495,0.8794629,0.027626157
459,Aristida ingrata,0.84682304,0.80196095,0.72027445,0.12654859,0.48227143,0.3196895
460,Aristida jerichoensis,0.8244289,0.7558468,0.7745906,0.049838305,0.89754134,-0.14169455
461,Aristida latifolia,0.89995164,0.86880726,0.8335071,0.066444516,0.88837194,-0.019564688
462,Aristida mutabilis,0.9599836,0.95219177,0.9412867,0.018696904,0.85199374,0.10019803
463,Aristida palustris,0.9193637,0.9391426,0.8783736,0.040990055,0.8680226,0.071119964
464,Aristida perniciosa,0.8291691,0.3574335,0.7946258,0.034543276,0.54623044,-0.18879694
465,Aristida personata,0.80382276,-0.12308497,0.7746498,0.029172957,0.2491462,-0.37223116
466,Aristida pruinosa,0.8572328,0.9028393,0.7964793,0.060753524,0.82405204,0.07878727
467,Aristida purpurascens,0.8212097,0.8899975,0.8625524,-0.041342676,0.8712626,0.018734872
468,Aristida purpurea,0.66717076,0.8357668,0.7463285,-0.07915771,0.869463,-0.033696234
469,Aristida queenslandica,0.922641,0.88138795,0.85918725,0.063453734,0.7787123,0.10267568
470,Aristida ramosa,0.66686875,-12.619971,0.657441,0.009427726,-13.300947,0.6809759
471,Aristida spiciformis,0.968114,0.96216005,0.968114,0.0,0.98071843,-0.018558383
472,Aristida stipitata,0.88127047,0.82509357,0.75913304,0.12213743,0.37915587,0.4459377
473,Aristida stricta,0.928242,0.96511096,0.87840784,0.04983419,0.94357693,0.021534026
474,Aristida vagans,0.9136736,0.95906234,0.9046713,0.009002268,0.9386424,0.020419955
475,Aristida virgata,0.8695178,0.72626185,0.86392003,0.00559777,0.875656,-0.14939415
476,Aristida warburgii,0.88648474,0.93427217,0.8297329,0.056751847,0.8939988,0.04027337
477,Aristolochia clematitis,0.94046855,0.7069116,0.94040525,6.330013e-05,0.907498,-0.20058638
478,Aristolochia pubera,0.7088949,0.2585226,0.68594384,0.022951066,0.19729222,0.061230376
479,Aristolochia rotunda,0.9126711,0.7521345,0.9072118,0.0054593086,0.93970764,-0.18757313
480,Aristolochia serpentaria,0.75682354,0.63333285,0.71724784,0.039575696,0.5297569,0.103575945
481,Aristolochia thozetii,0.8603856,0.8937243,0.8485239,0.011861682,0.65448505,0.23923928
482,Armeria alpina,0.95854807,0.9855717,0.9651271,-0.0065790415,0.99433225,-0.0087605715
483,Armeria maritima,0.91494274,0.8654265,0.8896327,0.02531004,0.9882145,-0.12278801
484,Arnica cordifolia,0.94183266,0.94514865,0.9329254,0.0089072585,0.92779493,0.017353714
485,Arnica latifolia,0.8987329,0.91282296,0.89396024,0.004772663,0.8958688,0.016954184
486,Arnica mollis,0.92294955,0.9532568,0.8967059,0.026243627,0.94658375,0.006673038
487,Arnica montana,0.90845054,0.9520181,0.9066336,0.0018169284,0.97220445,-0.020186365
488,Arnica sororia,0.89252084,0.43671063,0.8665126,0.026008248,-2.0258486,2.4625592
489,Arnoglossum atriplicifolium,0.75983214,0.798627,0.817896,-0.058063865,0.7501636,0.048463404
490,Aronia arbutifolia,0.7382371,0.6762558,0.7465876,-0.0083504915,0.73879284,-0.062537014
491,Arrhenatherum elatius,0.71431696,0.8050775,0.71004874,0.004268229,0.8154987,-0.0104212165
492,Arrhenatherum longifolium,0.9554639,0.94002163,0.9533604,0.0021035075,0.95061857,-0.010596931
493,Artemisia absinthium,0.92161345,0.88840234,0.89855057,0.023062885,0.8395479,0.04885447
494,Artemisia alba,0.91714644,0.8983287,0.90344936,0.013697088,0.8791016,0.019227147
495,Artemisia arbuscula,0.83111763,0.9126902,0.8295811,0.0015365481,0.8334905,0.07919973
496,Artemisia armeniaca,0.96311843,0.94613695,0.95584357,0.007274866,0.9939197,-0.04778272
497,Artemisia bigelovii,0.91121644,0.66108114,0.8547859,0.05643052,0.95738804,-0.2963069
498,Artemisia caespitosa,0.7494397,0.8597309,0.6407977,0.10864204,-0.18719348,1.0469244
499,Artemisia campestris,0.9202823,0.87475616,0.88547724,0.03480506,0.430652,0.44410416
500,Artemisia cana,0.8860915,0.9970689,0.8689424,0.01714909,0.8532184,0.1438505
501,Artemisia dracunculus,0.8832556,0.9481685,0.73308444,0.15017116,0.11658833,0.83158016
502,Artemisia filifolia,0.9308005,0.97154254,0.907323,0.023477495,0.91489834,0.0566442
503,Artemisia frigida,0.9148684,0.9020878,0.7993803,0.11548811,0.7849762,0.11711162
504,Artemisia glauca,0.95463926,0.9873429,0.9123555,0.042283773,0.9751113,0.012231588
505,Artemisia gmelinii,0.87002265,0.7160189,0.801092,0.068930626,0.62063706,0.095381856
506,Artemisia gobica,0.6180772,0.04217855,0.65950584,-0.041428626,0.3674822,-0.32530364
507,Artemisia herba-alba,0.8634839,0.66431826,0.7887778,0.07470608,0.39979836,0.2645199
508,Artemisia keiskeana,0.8010101,0.7252093,0.78484845,0.01616162,0.74383897,-0.01862967
509,Artemisia laciniata,0.9543805,0.95503324,0.8486645,0.10571599,0.74155474,0.2134785
510,Artemisia latifolia,0.84713656,0.7806144,0.86546636,-0.0183298,0.61335295,0.16726142
511,Artemisia ledebouriana,0.5851106,0.725015,0.57266986,0.012440741,0.34122735,0.38378763
512,Artemisia leucotricha,0.8037281,0.5742392,0.37763157,0.42609653,-1.6095728,2.183812
513,Artemisia ludoviciana,0.74279356,0.15542607,0.65355414,0.08923942,0.6489539,-0.49352783
514,Artemisia macrantha,0.9360487,0.76754916,0.8933158,0.042732894,0.9377422,-0.17019302
515,Artemisia marschalliana,0.83684474,-1.3584783,0.8288225,0.008022249,-1.1105887,-0.24788964
516,Artemisia mesatlantica,0.87304074,0.7891449,0.78073835,0.09230238,0.44990563,0.33923924
517,Artemisia nitrosa,0.9581382,0.98661095,0.94176745,0.016370773,0.90027356,0.08633739
518,Artemisia nova,0.912682,0.9507943,0.87192905,0.040752947,0.7556812,0.19511306
519,Artemisia obtusiloba,0.9618747,0.97859883,0.9683001,-0.0064253807,0.9682134,0.010385454
520,Artemisia palustris,0.7603065,0.19378303,0.80566627,-0.04535979,0.7487213,-0.55493826
521,Artemisia pectinata,0.8109473,0.7346253,0.4879655,0.3229818,-1.1833335,1.9179587
522,Artemisia phaeolepis,0.9279902,0.98432755,0.9041445,0.023845673,0.97934145,0.0049861073
523,Artemisia pontica,0.9189876,0.7831893,0.8910396,0.027947962,0.24271253,0.5404768
524,Artemisia pubescens,0.88823944,0.10133955,0.8203033,0.06793612,0.49201825,-0.3906787
525,Artemisia pycnorrhiza,0.8453616,0.5611425,0.777539,0.067822576,0.7585461,-0.19740361
526,Artemisia rhodantha,0.7788889,0.52821577,0.32680556,0.45208332,-1.1678696,1.6960853
527,Artemisia rupestris,0.90311205,0.8798688,0.81513643,0.08797562,0.64750046,0.23236835
528,Artemisia rutifolia,0.84435225,0.9493008,0.66300976,0.18134248,0.47490707,0.47439376
529,Artemisia santonicum,0.87550634,0.9722897,0.7198568,0.15564954,0.92317003,0.04911965
530,Artemisia schrenkiana,0.90941143,0.8879611,0.77702093,0.1323905,0.5326805,0.35528058
531,Artemisia scoparia,0.9440205,0.72991496,0.9294101,0.01461041,0.95922786,-0.2293129
532,Artemisia sericea,0.8860839,0.9422866,0.8558517,0.030232191,0.9412771,0.0010095239
533,Artemisia sibirica,0.9009839,0.7627119,0.8540321,0.04695183,0.73565936,0.027052522
534,Artemisia sieversiana,0.7887782,0.8383306,0.67280525,0.115972936,0.6030501,0.23528051
535,Artemisia sphaerocephala,0.50037247,-0.66032,0.57955515,-0.079182684,0.4841146,-1.1444346
536,Artemisia spiciformis,0.44021985,-1.1277708,0.32971784,0.110502005,-0.4885989,-0.63917184
537,Artemisia tridentata,0.843871,0.76104367,0.8293414,0.014529586,0.7377172,0.023326457
538,Artemisia vulgaris,0.75264287,0.37488788,0.67813885,0.07450402,0.39141244,-0.016524553
539,Arum italicum,0.8525799,0.89915055,0.85067874,0.0019011497,0.9312648,-0.032114267
540,Arum maculatum,0.8290422,0.88508594,0.8220175,0.0070247054,0.88642,-0.0013340712
541,Aruncus dioicus,0.9081544,0.867808,0.88391423,0.024240196,0.8899381,-0.022130132
542,Arundinaria gigantea,0.67939264,0.6363741,0.72609144,-0.04669881,0.7361866,-0.09981251
543,Arundinaria tecta,0.8099805,0.7074748,0.7997371,0.010243416,0.713864,-0.0063892007
544,Arundinella nepalensis,0.8572786,0.8021838,0.8234749,0.0338037,0.7257847,0.07639909
545,Arundinella setosa,0.8121479,0.79364526,0.857152,-0.04500407,0.9321983,-0.13855302
546,Asarum arifolium,0.75831836,0.28987414,0.7427072,0.015611172,0.6658219,-0.37594777
547,Asarum europaeum,0.88562053,0.8530937,0.88438666,0.0012338758,0.89141995,-0.038326263
548,Asarum macranthum,0.7334857,0.38715777,0.7174095,0.016076207,0.3998479,-0.012690127
549,Asarum sieboldii,0.77619404,0.6276304,0.7878563,-0.011662245,0.52036035,0.10727006
550,Asclepias tuberosa,0.9493583,0.9477974,0.9224661,0.026892185,0.79408395,0.15371346
551,Asclepias verticillata,0.9601562,0.9987503,0.95724976,0.0029064417,0.99843425,0.00031608343
552,Asimina parviflora,0.83070064,0.7872866,0.799392,0.03130865,0.9236245,-0.13633794
553,Asimina reticulata,0.85090363,0.7789663,0.8260542,0.024849415,0.9027898,-0.123823464
554,Asimina triloba,0.89121866,0.8003551,0.9100251,-0.018806458,0.9543238,-0.15396875
555,Asparagus acutifolius,0.8682045,0.781779,0.89439696,-0.026192486,0.7466907,0.0350883
556,Asparagus africanus,0.54032457,-1.2160478,0.5872665,-0.046941936,-0.5192955,-0.69675225
557,Asparagus aphyllus,0.8546355,-3.6636531,0.8642867,-0.009651244,-0.9960152,-2.6676378
558,Asparagus burjaticus,0.9426742,0.81713504,0.9288437,0.013830543,0.8861087,-0.06897366
559,Asparagus capensis,0.8745695,0.7358864,0.79621124,0.07835823,0.61285406,0.12303233
560,Asparagus cochinchinensis,0.87582386,0.94034296,0.84134114,0.034482718,0.832501,0.10784197
561,Asparagus falcatus,0.8345196,0.47923338,0.5683939,0.26612574,-0.6565932,1.1358266
562,Asparagus gobicus,0.6879754,0.13210705,0.6121472,0.075828195,-0.13715367,0.2692607
563,Asparagus officinalis,0.90800434,0.7819936,0.84739417,0.060610175,0.55356216,0.22843146
564,Asparagus racemosus,0.8911399,0.89872336,0.6664312,0.22470874,-0.59939814,1.4981215
565,Asparagus tenuifolius,0.94569075,0.9029031,0.91878605,0.026904702,0.6733613,0.22954178
566,Asperula conferta,0.9350431,0.9843486,0.9221759,0.012867212,0.9818395,0.0025091171
567,Asperula taurina,0.9718358,0.9994364,0.93634,0.035495818,0.73764426,0.26179212
568,Asperula tinctoria,0.94871044,0.9221999,0.911746,0.036964417,0.91417,0.008029878
569,Asphodelus albus,0.8717308,0.8855399,0.86655617,0.005174637,0.9132585,-0.027718604
570,Asphodelus fistulosus,0.7266799,0.42324004,0.6698738,0.056806147,0.51482433,-0.091584295
571,Asphodelus ramosus,0.9195591,0.844455,0.9275033,-0.007944167,0.8630501,-0.0185951
572,Asphodelus tenuifolius,0.866124,-4.131607,0.82578915,0.04033482,0.63845307,-4.77006
573,Aspidistra attenuata,0.7541837,0.9410517,0.72416323,0.030020475,0.33875275,0.602299
574,Aspidosperma australe,0.6714621,0.39677465,0.61095804,0.06050408,0.33204627,0.06472838
575,Aspidosperma quebracho-blanco,0.976431,0.94291973,0.8922559,0.08417511,0.73880684,0.20411289
576,Aspidosperma tomentosum,0.8143773,0.823459,0.7156594,0.09871793,0.6029617,0.22049731
577,Asplenium adiantum-nigrum,0.84710413,0.77195954,0.8252445,0.021859646,0.95068127,-0.17872173
578,Asplenium aethiopicum,0.94123495,-0.05553167,0.948577,-0.0073420405,0.42309937,-0.47863105
579,Asplenium antiquum,0.77124673,0.5907809,0.76175904,0.009487689,0.577362,0.013418913
580,Asplenium australasicum,0.9750493,0.9968939,0.9722531,0.0027962327,0.94548875,0.05140513
581,Asplenium ceterach,0.903272,0.9402281,0.90121037,0.0020616055,0.89812773,0.04210037
582,Asplenium elliottii,0.8562967,0.8924911,0.79465204,0.061644673,0.6112426,0.2812485
583,Asplenium ensiforme,0.8148922,0.8110863,0.83719677,-0.022304595,0.7351378,0.07594848
584,Asplenium erectum,0.9119971,0.9426818,0.7404454,0.1715517,0.18421347,0.75846833
585,Asplenium flabellifolium,0.9743478,0.99935555,0.96447754,0.009870231,0.90529525,0.0940603
586,Asplenium friesiorum,0.96549165,0.9714036,0.84415793,0.12133372,0.7920872,0.1793164
587,Asplenium linckii,0.8441946,0.86825234,0.7806327,0.06356192,0.5047919,0.36346042
588,Asplenium loxoscaphoides,0.8910074,0.96439046,0.65395564,0.23705178,-0.31381974,1.2782102
589,Asplenium monanthes,0.9462007,0.8268313,0.93702114,0.009179592,0.8881039,-0.06127262
590,Asplenium normale,0.8521263,0.8084946,0.8837235,-0.031597197,0.83658344,-0.028088808
591,Asplenium onopteris,0.9071823,0.92895037,0.9233922,-0.0162099,0.938139,-0.009188652
592,Asplenium platyneuron,0.93554413,0.8654573,0.9418282,-0.006284058,0.9332322,-0.06777489
593,Asplenium quadrivalens,0.7919303,-9.683016,0.8584664,-0.06653607,-0.22963253,-9.453383
594,Asplenium ruta-muraria,0.8161197,0.8315639,0.81291974,0.003199935,0.8964777,-0.06491381
595,Asplenium sandersonii,0.9497536,0.95173526,0.96150386,-0.011750281,0.85681444,0.094920814
596,Asplenium scolopendrium,0.8790107,0.9411317,0.87689936,0.0021113157,0.958422,-0.017290294
597,Asplenium septentrionale,0.94598156,0.800054,0.9071084,0.038873136,0.76495403,0.035099983
598,Asplenium trichomanes,0.86871797,0.8182853,0.8549291,0.013788879,0.8520815,-0.03379619
599,Asplenium viride,0.9268623,0.8995337,0.9114231,0.015439212,0.9066047,-0.007071018
600,Asplenium wilfordii,0.74993306,0.54198784,0.778037,-0.028103948,0.7470865,-0.20509869
601,Aster alpinus,0.83227587,0.8416577,0.75523746,0.07703841,0.8917222,-0.050064504
602,Aster altaicus,0.78226894,0.74561673,0.8084565,-0.02618754,0.7526909,-0.0070741773
603,Aster amellus,0.929539,0.80885,0.91311836,0.016420662,0.90433174,-0.09548175
604,Aster biennis,0.942327,0.92645913,0.91986597,0.022461057,0.9529124,-0.026453257
605,Aster scaber,0.7441106,0.5087307,0.7484637,-0.004353106,0.63332564,-0.12459493
606,Asteromyrtus brassii,0.9800898,0.9659189,0.9730627,0.0070270896,0.9907447,-0.024825811
607,Asteromyrtus lysicephala,0.97655755,0.9820495,0.96284336,0.013714194,0.9742937,0.007755816
608,Asteromyrtus symphyocarpa,0.9377441,0.90481323,0.87455696,0.06318712,0.98390025,-0.07908702
609,Asterothamnus centrali-asiaticus,0.6247502,0.34109268,0.67398196,-0.049231768,-0.070282705,0.41137537
610,Astragalus alpinus,0.95469236,0.9601176,0.95189285,0.002799511,0.8908922,0.06922537
611,Astragalus austriacus,0.96524125,0.6890435,0.931268,0.033973277,0.9839253,-0.29488176
612,Astragalus brevifolius,0.8377786,0.9279619,0.8052871,0.032491505,0.7256768,0.20228511
613,Astragalus cicer,0.968614,0.76335216,0.9603918,0.008222163,0.69809335,0.0652588
614,Astragalus danicus,0.9482924,0.93931,0.9350324,0.013259947,0.909521,0.02978903
615,Astragalus dilutus,0.9596477,0.9533808,0.96650404,-0.0068563223,0.9605848,-0.007203996
616,Astragalus frigidus,0.9249095,0.68945277,0.92391175,0.0009977221,0.21912934,0.47032344
617,Astragalus glycyphyllos,0.800745,0.9290877,0.81019914,-0.009454131,0.9026221,0.026465595
618,Astragalus laguroides,0.8097103,0.7562087,0.78051543,0.029194891,0.7426988,0.013509929
619,Astragalus melilotoides,0.93083465,0.8579943,0.9272461,0.0035885572,0.7321332,0.12586111
620,Astragalus miser,0.95671195,0.8812073,0.91598296,0.040728986,0.6871563,0.19405097
621,Astragalus monophyllus,0.45547995,-0.7426143,0.6996916,-0.24421164,0.3039161,-1.0465305
622,Astragalus monspessulanus,0.9062911,0.96422863,0.8857716,0.020519555,0.9367824,0.02744621
623,Astragalus onobrychis,0.96209604,0.98301274,0.9525497,0.0095463395,0.9860577,-0.0030449629
624,Astragalus scaberrimus,0.8553713,0.3769328,0.89527655,-0.03990525,0.7480786,-0.37114578
625,Astragalus sempervirens,0.97112226,0.9987342,0.96811867,0.0030035973,0.99943775,-0.0007035732
626,Astragalus sulcatus,0.9363463,0.96931493,0.88195884,0.05438745,0.35413137,0.6151836
627,Astragalus tenuis,0.8772265,0.38825807,0.8780093,-0.0007828474,0.68155295,-0.29329488
628,Astragalus testiculatus,0.927996,0.94017845,0.8932952,0.03470075,0.9265974,0.0135810375
629,Astragalus tribuloides,0.6950587,-0.7281348,0.5692738,0.12578487,-2.901605,2.17347
630,Astragalus umbellatus,0.97135764,0.9917393,0.957409,0.013948619,0.88945025,0.10228902
631,Astragalus vallestris,0.60355985,0.24275859,0.5702913,0.03326857,-0.039623957,0.28238255
632,Astrantia bavarica,0.9635193,0.9684814,0.96718323,-0.0036639571,0.99283415,-0.02435273
633,Astrantia major,0.88444114,0.9427578,0.88445777,-1.6629696e-05,0.9442608,-0.0015029907
634,Astrantia minor,0.9602636,0.99744475,0.94629997,0.01396364,0.9870108,0.010433972
635,Astrebla elymoides,0.9406297,0.99142414,0.88230175,0.058327973,0.87151736,0.11990678
636,Astrebla lappacea,0.95239985,0.9573986,0.8732351,0.07916474,0.5521752,0.40522337
637,Astrebla pectinata,0.9363296,0.9755228,0.9048852,0.03144443,0.94897115,0.026551664
638,Astrebla squarrosa,0.9629142,0.97845954,0.94575554,0.017158687,0.9706696,0.00778991
639,Astropanax volkensii,0.75367457,0.88488084,0.5708005,0.18287408,-1.1857059,2.0705867
640,Atalaya hemiglauca,0.75603265,0.25480404,0.74856585,0.007466793,0.40119612,-0.14639208
641,Athamanta cretensis,0.9313865,0.89918303,0.9143808,0.017005682,0.8761671,0.023015916
642,Athyrium arisanense,0.5583555,0.15736772,0.72515446,-0.16679895,0.31017268,-0.15280496
643,Athyrium asplenioides,0.75427794,0.6434311,0.7780161,-0.023738146,0.63568646,0.00774467
644,Athyrium distentifolium,0.9152225,0.9601567,0.9077235,0.007499039,0.94487494,0.015281737
645,Athyrium filix-femina,0.679427,0.5521983,0.6671559,0.012271106,0.5231684,0.029029906
646,Athyrium yokoscense,0.8117647,0.66450703,0.7290553,0.08270943,0.5271513,0.13735574
647,Atocion rupestre,0.91564846,0.70836854,0.8912301,0.024418354,0.9074966,-0.19912803
648,Atractocarpus sessilis,0.9744436,0.98216337,0.9673796,0.007063985,0.99291706,-0.010753691
649,Atriplex canescens,0.8211043,0.8119711,0.81093085,0.01017344,0.8265329,-0.014561772
650,Atriplex confertifolia,0.9066019,0.85793734,0.88578004,0.02082187,0.8049514,0.052985907
651,Atriplex corrugata,0.96703863,0.99869037,0.9503927,0.016645908,0.97064114,0.02804923
652,Atriplex leptocarpa,0.9661309,0.92576313,0.9625364,0.0035945177,0.943922,-0.018158853
653,Atriplex nummularia,0.9376012,0.91579956,0.89841485,0.03918636,0.7071053,0.20869428
654,Atriplex obovata,0.97636205,0.96945006,0.9696101,0.0067519546,0.9984358,-0.028985739
655,Atriplex polycarpa,0.9095748,0.9203506,0.87845165,0.031123161,0.9421617,-0.021811068
656,Atriplex prostrata,0.90622586,0.96129787,0.8711145,0.035111368,0.90812206,0.053175807
657,Atriplex pseudocampanulata,0.97207457,0.9652875,0.96968323,0.0023913383,0.9957856,-0.030498087
658,Atriplex tatarica,0.9472152,0.6525445,0.9359287,0.011286497,0.7530043,-0.100459814
659,Atriplex verrucifera,0.9362391,0.8935319,0.9329993,0.0032398105,0.7978034,0.09572852
660,Atriplex vesicaria,0.9607153,0.98703617,0.8990726,0.061642706,0.95055217,0.036484003
661,Aucuba chinensis,0.8319799,0.826843,0.83367604,-0.0016961694,0.8597882,-0.032945156
662,Aureolaria levigata,0.81286687,0.73400223,0.8568214,-0.04395455,0.7474718,-0.013469577
663,Aureolaria pectinata,0.93258256,0.9644284,0.9276689,0.004913628,0.9424231,0.02200532
664,Aureolaria virginica,0.7898452,0.3741865,0.77351534,0.016329885,0.72585917,-0.35167268
665,Austromyrtus dulcis,0.9944863,0.8676191,0.9956672,-0.0011809468,0.96246284,-0.094843745
666,Austrostipa aristiglumis,0.96907914,0.99534154,0.96127594,0.0078032017,0.990206,0.005135536
667,Austrostipa densiflora,0.9691637,0.99846786,0.9678285,0.0013352036,0.99844676,2.1100044e-05
668,Austrostipa nitida,0.9295486,0.8547556,0.8490281,0.08052051,0.66009766,0.19465792
669,Austrostipa nodosa,0.8563224,0.5639992,0.8414703,0.014852107,0.85668516,-0.292686
670,Austrostipa scabra,0.9287164,0.8908024,0.91553783,0.013178587,0.8842116,0.0065907836
671,Austrostipa setacea,0.903988,-0.63033026,0.88851786,0.015470147,0.60544664,-1.2357769
672,Austrostipa verticillata,0.94415545,0.9726662,0.93577874,0.008376718,0.9663475,0.0063186884
673,Avena barbata,0.80193293,0.9442749,0.8209723,-0.019039392,0.78805166,0.15622324
674,Avena sterilis,0.8601037,-1.8740945,0.88279134,-0.022687614,-1.1840401,-0.6900544
675,Avenella flexuosa,0.80723935,0.7705978,0.80768156,-0.00044220686,0.77618957,-0.00559175
676,Avenula pubescens,0.7946559,0.95916325,0.7598447,0.0348112,0.9494911,0.009672165
677,Avicennia marina,0.9678087,0.99422777,0.93576425,0.03204447,0.94169104,0.052536726
678,Axonopus siccus,0.8634796,0.921435,0.62296236,0.24051726,0.5505263,0.37090868
679,Azolla pinnata,0.9224038,0.9375023,0.9111134,0.011290431,0.9775413,-0.040039003
680,Azorella aretioides,0.7776536,0.58062905,0.7188082,0.0588454,0.50291103,0.07771802
681,Azorella pedunculata,0.8986743,0.8733347,0.8204546,0.07821971,0.86736333,0.005971372
682,Baccharis halimifolia,0.80312634,0.7874181,0.80170524,0.0014210939,0.7109055,0.076512635
683,Baccharis pentodonta,0.9587787,0.9693925,0.7921629,0.16661578,0.74529225,0.22410023
684,Baccharis sarothroides,0.8492506,0.82414085,0.8178003,0.03145033,-0.29017457,1.1143154
685,Baccharis tricuneata,0.7598157,0.72680646,0.74783415,0.011981547,0.803253,-0.07644653
686,Baccharis trimera,0.9375675,0.86982137,0.5671171,0.37045038,0.6222883,0.24753308
687,Bacopa floribunda,0.9028349,0.7535687,0.75401694,0.14881796,0.74710965,0.0064590573
688,Bactris setosa,0.8815549,0.7567771,0.8911176,-0.009562671,0.7946528,-0.037875712
689,Baikiaea plurijuga,0.8426299,0.8215378,0.76243275,0.080197155,0.47953838,0.3419994
690,Baissea wulfhorstii,0.7776918,0.732749,0.6909034,0.08678836,0.31757748,0.4151715
691,Balanites aegyptiaca,0.9014819,0.8589974,0.89699495,0.004486978,0.8762453,-0.017247915
692,Baldellia ranunculoides,0.9155489,0.5548353,0.8544418,0.0611071,0.8921864,-0.33735108
693,Balduina angustifolia,0.9419913,0.9807732,0.919697,0.022294343,0.9402513,0.04052192
694,Balduina uniflora,0.9213231,0.9378085,0.90869355,0.012629569,0.89403665,0.043771863
695,Balfourodendron riedelianum,0.94044113,0.9326048,0.8734579,0.06698322,0.8634201,0.06918466
696,Ballota nigra,0.7548755,-0.9216948,0.80968326,-0.054807782,0.00552306,-0.9272179
697,Baloskion tetraphyllum,0.9776607,0.93485874,0.96813637,0.009524345,0.99682456,-0.061965823
698,Banara tomentosa,0.84224075,0.7377095,0.7913698,0.050870955,0.6671254,0.07058412
699,Banksia aemula,0.99409986,0.79990476,0.99620515,-0.0021052957,0.98128,-0.18137527
700,Banksia dentata,0.9513961,0.534088,0.9509771,0.00041902065,0.9660559,-0.4319679
701,Banksia integrifolia,0.9652377,0.98972267,0.95691985,0.008317828,0.97924405,0.010478616
702,Banksia oblongifolia,0.98502684,0.9147653,0.9688003,0.01622653,0.8073527,0.10741258
703,Baphia massaiensis,0.86970663,0.81346804,0.84013915,0.02956748,0.72363645,0.08983159
704,Baptisia cinerea,0.94182223,0.93820494,0.94535184,-0.0035296082,0.9682218,-0.03001684
705,Baptisia tinctoria,0.7145035,-0.7083697,0.6881316,0.026371956,-0.11879801,-0.58957165
706,Barbarea vulgaris,0.8036192,0.09755579,0.7206152,0.083004,0.7200319,-0.6224761
707,Barleria eranthemoides,0.8871573,0.9047025,0.88310134,0.004055977,0.93332666,-0.028624177
708,Barleria ventricosa,0.68359274,0.3002037,0.81835276,-0.13476002,0.6184427,-0.318239
709,Barthea barthei,0.8278549,0.86870676,0.8223543,0.005500555,0.723534,0.14517277
710,Bartsia alpina,0.9104038,0.8012284,0.9139678,-0.0035640001,0.80399877,-0.0027703643
711,Basilicum polystachyon,0.9127143,0.9980143,0.8556541,0.057060182,0.45161086,0.5464034
712,Bassia muricata,0.7674486,0.1700589,0.7326757,0.034772933,0.18113834,-0.011079431
713,Bassia prostrata,0.95009243,0.7654941,0.9225622,0.027530253,0.8682196,-0.102725506
714,Bathysa australis,0.9133609,0.8938868,0.8972847,0.016076207,0.84790903,0.04597777
715,Bauhinia forficata,0.8525058,0.75604427,0.77441716,0.07808864,0.58995366,0.16609061
716,Bauhinia urbaniana,0.78805697,0.45849878,0.6423268,0.1457302,-0.17639448,0.63489324
717,Begonia formosana,0.8206476,0.7958614,0.81658256,0.004065037,0.6648585,0.1310029
718,Begonia meyeri-johannis,0.93942225,0.9137407,0.9479111,-0.008488834,0.92179877,-0.008058071
719,Beilschmiedia erythrophloia,0.8130329,0.71244186,0.7672776,0.045755327,0.5643178,0.14812404
720,Beilschmiedia obtusifolia,0.97135925,0.7037702,0.9785885,-0.0072292686,0.9997089,-0.29593867
721,Bellis annua,0.8482301,0.9086215,0.86736333,-0.01913321,0.94501835,-0.03639686
722,Bellis perennis,0.73713684,0.74855465,0.7218474,0.015289426,0.7910793,-0.042524636
723,Bellis sylvestris,0.8649762,0.44238794,0.86971664,-0.004740417,-0.5636816,1.0060695
724,Berberis aquifolium,0.92536694,0.9644872,0.9079021,0.017464817,0.8488633,0.11562389
725,Berberis fremontii,0.82211167,0.73124975,0.8087586,0.01335305,-0.098811105,0.83006084
726,Berberis kawakamii,0.85971165,0.8813134,0.8243822,0.03532946,0.72522783,0.15608555
727,Berberis repens,0.90790075,0.9210561,0.8968168,0.0110839605,0.9149884,0.0060676932
728,Berberis vulgaris,0.8826349,0.96756357,0.84144616,0.041188717,0.9458179,0.021745682
729,Berchemia scandens,0.8382646,0.6994021,0.8455449,-0.00728029,0.7811125,-0.0817104
730,Bersama abyssinica,0.88620985,0.7428853,0.8725676,0.0136422515,0.8071112,-0.06422591
731,Berteroa incana,0.932236,0.9707122,0.9217937,0.0104423165,0.91246974,0.05824244
732,Berula erecta,0.92468923,0.9567005,0.9137876,0.01090163,0.9868108,-0.0301103
733,Betonica alopecuros,0.9681085,0.959936,0.9595901,0.008518398,0.9418807,0.01805532
734,Betonica officinalis,0.72769415,0.7416798,0.7372705,-0.009576321,0.6760143,0.06566548
735,Betula alleghaniensis,0.9525274,0.95357734,0.94665635,0.0058710575,0.9261357,0.02744162
736,Betula nana,0.9686085,0.9448761,0.9556547,0.012953818,0.94644207,-0.0015659928
737,Betula nigra,0.8511251,0.8884345,0.8191837,0.031941414,0.8043054,0.084129155
738,Betula occidentalis,0.88933086,0.71201444,0.83426625,0.05506462,0.69408035,0.017934084
739,Betula papyrifera,0.9895693,0.98753536,0.9852196,0.0043497086,0.99077874,-0.0032433867
740,Betula pendula,0.779863,0.8202123,0.7333915,0.046471477,0.8074604,0.012751877
741,Betula pubescens,0.8541414,0.8564255,0.80386055,0.05028087,0.86489016,-0.008464634
742,Bidens biternata,0.9674214,0.99431485,0.7475274,0.21989399,0.7784774,0.21583748
743,Bidens cernua,0.92811114,0.9833821,0.91639584,0.011715293,0.95856035,0.024821758
744,Bidens frondosa,0.9361651,0.91982955,0.8886966,0.047468483,0.94786656,-0.028037012
745,Bidens tripartita,0.8434668,0.9346762,0.7986302,0.04483664,0.9088326,0.02584356
746,Bidens triplinervia,0.68022746,0.29767612,0.6616798,0.018547654,0.45082533,-0.15314922
747,Bignonia capreolata,0.838743,0.8230281,0.8061938,0.032549143,0.7837665,0.03926158
748,Billardiera scandens,0.9695672,0.9908477,0.9569167,0.01265049,0.98148537,0.00936234
749,Biscutella laevigata,0.8749662,0.8076039,0.8563297,0.018636525,0.8476284,-0.04002452
750,Bistorta bistortoides,0.9604995,0.9664477,0.94699234,0.013507187,0.9842182,-0.01777047
751,Bistorta officinalis,0.89648134,0.92740226,0.8832183,0.013263047,0.9591307,-0.031728446
752,Bistorta plumosa,0.7642553,0.5418319,0.719149,0.04510629,0.5510637,-0.009231806
753,Bistorta vivipara,0.94994354,0.9191343,0.9390027,0.01094085,0.9310371,-0.011902809
754,Bituminaria bituminosa,0.92241806,0.9497526,0.9153653,0.007052779,0.88574696,0.06400567
755,Blackstonia perfoliata,0.8805622,0.7810859,0.88319427,-0.0026320815,0.98334944,-0.20226353
756,Blastus cochinchinensis,0.8340144,0.86570674,0.84198296,-0.007968545,0.87158126,-0.0058745146
757,Blechnum brasiliense,0.87384975,0.7465676,0.9024674,-0.02861768,0.7856324,-0.039064765
758,Blechnum loxense,0.6949685,0.6235887,0.6891509,0.005817592,0.68658334,-0.06299466
759,Blechnum orientale,0.9803133,0.9824837,0.9772556,0.0030577183,0.9986521,-0.016168416
760,Blepharis maderaspatensis,0.8156223,0.9795254,0.6692888,0.14633352,0.65968287,0.31984252
761,Blepharocalyx salicifolius,0.8558479,0.9039257,0.81167006,0.04417783,0.7301922,0.17373353
762,Blepharocarya involucrigera,0.95282006,0.89721507,0.95130074,0.0015193224,0.74431986,0.15289521
763,Blitum bonus-henricus,0.83880365,0.81768304,0.8461822,-0.007378578,0.8187078,-0.0010247827
764,Blotiella stipitata,0.92924535,0.91862667,0.77763987,0.15160549,0.69983536,0.2187913
765,Blumea diffusa,0.7781326,0.8009197,0.60105234,0.17708027,0.22720848,0.5737112
766,Blumea megacephala,0.7979032,0.69289863,0.8561193,-0.058216095,0.8465807,-0.15368205
767,Blumea saxatilis,0.74908346,0.43195528,0.70209444,0.046989024,0.46682096,-0.034865677
768,Blysmus compressus,0.84989166,0.94559705,0.841505,0.008386672,0.5905373,0.35505974
769,Bobgunnia madagascariensis,0.92374116,0.80511594,0.7433905,0.18035066,-0.14261977,0.9477357
770,Boehmeria caudata,0.8451313,0.8183018,0.84495634,0.00017493963,0.7075422,0.110759616
771,Boehmeria cylindrica,0.9578796,0.93790275,0.9573194,0.00056022406,0.9851426,-0.04723984
772,Boerhavia dominii,0.8515103,0.87917036,0.83542496,0.016085327,0.8570661,0.022104263
773,Boerhavia gracillima,0.53162867,-0.4565852,0.4673106,0.06431806,-0.60378253,0.14719734
774,Boerhavia paludosa,0.9300277,0.8588281,0.91015846,0.019869268,0.991389,-0.13256085
775,Bolboschoenus maritimus,0.92581016,0.95415765,0.9036792,0.022130966,0.93872553,0.015432119
776,Bombycilaena erecta,0.9163023,-0.6333962,0.8926386,0.0236637,-1.1350477,0.50165147
777,Bonamia media,0.89627445,0.7167412,0.82287294,0.07340151,0.38014072,0.33660048
778,Boronia rosmarinifolia,0.98144704,0.99940574,0.9772994,0.004147649,0.9995897,-0.00018393993
779,Bossiaea heterophylla,0.9911767,0.8229357,0.9906532,0.0005235076,0.9214691,-0.09853339
780,Bothriochloa biloba,0.9878569,0.9868638,0.9834665,0.0043904185,0.93615824,0.050705552
781,Bothriochloa bladhii,0.8724029,0.7980483,0.873883,-0.0014801025,0.8722479,-0.07419956
782,Bothriochloa decipiens,0.8438403,0.69255483,0.77018243,0.07365787,0.74224234,-0.049687505
783,Bothriochloa ewartiana,0.9319101,0.9229753,0.85413224,0.07777786,0.93129706,-0.008321762
784,Bothriochloa ischaemum,0.9272332,0.9656388,0.90150136,0.025731862,0.9535387,0.0121001005
785,Bothriochloa pertusa,0.8888948,0.952652,0.77530146,0.11359334,0.69600755,0.25664443
786,Bothriocline fusca,0.74382186,0.45764688,0.728089,0.015732884,0.6165,-0.15885314
787,Botrychium dissectum,0.7936539,0.7910176,0.77592295,0.017730951,0.89700824,-0.10599065
788,Botrychium lunaria,0.8931713,0.7937609,0.89265376,0.00051754713,0.7870376,0.0067232847
789,Botrychium virginianum,0.85380024,0.33332208,0.8239388,0.02986145,0.76861346,-0.43529138
790,Bouteloua curtipendula,0.9177937,0.81021804,0.91980016,-0.0020064712,0.76968163,0.040536404
791,Bouteloua eriopoda,0.92960167,0.9532553,0.91114867,0.018453002,0.91869164,0.03456366
792,Bouteloua gracilis,0.91355884,0.8892116,0.9105898,0.0029690266,0.91777253,-0.028560936
793,Bouteloua hirsuta,0.92452335,0.8104159,0.93514633,-0.010622978,0.9615687,-0.15115279
794,Brachychiton diversifolius,0.87553495,0.8774032,0.824956,0.05057895,0.8587063,0.018696904
795,Brachychiton populneus,0.82512796,0.82672614,0.8060138,0.019114137,0.8854596,-0.058733463
796,Brachyelytrum aristosum,0.7445066,-0.67959803,0.72390485,0.02060175,-0.7403453,0.060747266
797,Brachyelytrum erectum,0.7544855,0.6331304,0.70149213,0.052993357,0.8035337,-0.1704033
798,Brachyloma daphnoides,0.96977806,0.9847611,0.9633821,0.006395936,0.90863967,0.07612145
799,Brachypodium distachyon,0.7628808,-1.314725,0.8136794,-0.050798595,-0.22402787,-1.0906972
800,Brachypodium flexum,0.74452794,0.79513896,0.7901353,-0.045607388,0.6332669,0.16187203
801,Brachypodium phoenicoides,0.92623705,0.81948304,0.9274882,-0.0012511611,0.8601051,-0.040622056
802,Brachypodium pinnatum,0.7749993,0.7319813,0.75533396,0.01966536,0.71414137,0.017839909
803,Brachypodium retusum,0.89969206,0.8977224,0.91281825,-0.0131261945,0.901038,-0.003315568
804,Brachypodium rupestre,0.76501775,0.1538988,0.8007715,-0.035753727,0.41482085,-0.26092204
805,Brachypodium sylvaticum,0.69406754,0.54337144,0.6976062,-0.0035386682,0.57469606,-0.031324625
806,Brachypterum involutum,0.60281295,-0.19740784,0.6392322,-0.036419272,-0.22686617,0.02945833
807,Brachyscome basaltica,0.963241,0.9480253,0.8583864,0.104854584,0.3366978,0.6113275
808,Brachyscome ciliaris,0.9108512,0.939065,0.83816826,0.07268292,0.8840992,0.054965794
809,Brachyscome lineariloba,0.9309939,0.9218486,0.8913071,0.0396868,0.8280393,0.09380931
810,Bredia oldhamii,0.7065325,0.46936166,0.8089881,-0.102455616,0.63383317,-0.1644715
811,Brewerimitella breweri,0.9705969,0.8186409,0.95356035,0.017036557,0.84927773,-0.030636847
812,Breynia oblongifolia,0.8463895,0.88890606,0.8309772,0.015412271,0.8682389,0.020667136
813,Bridelia balansae,0.87925196,0.8187209,0.9013422,-0.022090256,0.8881619,-0.06944102
814,Briza maxima,0.87306887,0.9232263,0.8947644,-0.021695554,0.94228566,-0.01905936
815,Briza media,0.76159376,0.8292374,0.74314797,0.01844579,0.8004868,0.028750598
816,Briza minor,0.8048871,0.7466769,0.8566785,-0.05179137,0.97879165,-0.23211473
817,Bromus arvensis,0.65248096,-16.57165,0.13872656,0.51375437,-81.277794,64.70615
818,Bromus benekenii,0.88220364,0.8077298,0.8805495,0.0016541481,0.6964254,0.1113044
819,Bromus ciliatus,0.86631787,0.7767644,0.86095166,0.005366206,0.870897,-0.0941326
820,Bromus commutatus,0.73709893,-0.2232953,0.72747004,0.009628892,-1.4147823,1.191487
821,Bromus erectus,0.8261311,0.90446067,0.81781286,0.008318245,0.89924324,0.005217433
822,Bromus hordeaceus,0.7325462,0.8197347,0.71357876,0.01896745,0.8173036,0.0024310946
823,Bromus inermis,0.8731632,0.7785724,0.7673969,0.1057663,0.5475084,0.23106396
824,Bromus lanatus,0.76166666,0.60337514,0.6535714,0.10809523,0.09494311,0.50843203
825,Bromus madritensis,0.83076507,0.94485587,0.86683434,-0.036069274,0.90831864,0.03653723
826,Bromus marginatus,0.77667904,0.16622366,0.7509163,0.025762737,-3.4671712,3.633395
827,Bromus racemosus,0.7174649,0.8419641,0.7180486,-0.0005836487,0.90351427,-0.06155014
828,Bromus ramosus,0.7063222,0.38528597,0.7151185,-0.008796334,0.5057786,-0.12049264
829,Bromus riparius,0.85968447,0.9947077,0.81510293,0.044581532,0.9895984,0.00510931
830,Bromus rubens,0.8784815,0.35503548,0.7337796,0.1447019,0.6312306,-0.2761951
831,Bromus squarrosus,0.9196706,0.9780818,0.91859365,0.0010769367,0.94359607,0.034485757
832,Bromus sterilis,0.5674672,0.6309628,0.6608573,-0.09339011,0.69018865,-0.059225857
833,Bromus tectorum,0.8690525,0.90992266,0.8292297,0.039822817,0.8883074,0.021615267
834,Bromus vulgaris,0.91446257,0.8755212,0.90278095,0.011681616,0.22694707,0.6485741
835,Brosimum lactescens,0.93253964,0.94764405,0.92144394,0.011095703,0.84633243,0.101311624
836,Brunonia australis,0.8089384,0.86663836,0.7670087,0.041929662,0.96050483,-0.09386647
837,Brunoniella acaulis,0.84405667,0.8108622,0.8447365,-0.0006798506,0.8843664,-0.07350421
838,Brunoniella australis,0.745437,0.5989481,0.7401389,0.0052981377,0.57321066,0.025737464
839,Bryonia cretica,0.8604014,-0.11446247,0.8504879,0.009913504,0.4191702,-0.5336327
840,Buchanania arborescens,0.9554419,0.9803445,0.936813,0.018628895,0.91557044,0.06477404
841,Buchnera linearis,0.7477122,-0.079547934,0.6555245,0.0921877,0.43162307,-0.511171
842,Bufonia tenuifolia,0.9384811,0.086146496,0.7411592,0.19732189,0.29478598,-0.20863947
843,Bulbostylis barbata,0.86042136,0.84946173,0.7672806,0.09314078,0.6999323,0.14952946
844,Bulbostylis ciliatifolia,0.9268621,0.95379233,0.9423537,-0.015491605,0.97899777,-0.025205433
845,Bulbostylis hispidula,0.77737355,0.13317892,0.52437055,0.253003,-2.7677808,2.9009597
846,Bunias orientalis,0.917559,0.95303434,0.9300446,-0.012485564,0.9171731,0.035861254
847,Bunium bulbocastanum,0.8837813,0.9791144,0.8852207,-0.0014393926,0.6623221,0.3167923
848,Buphthalmum salicifolium,0.9009611,0.91288537,0.89325297,0.0077081323,0.8668957,0.045989692
849,Bupleurum aureum,0.91766536,0.9199097,0.8769169,0.040748477,0.29454166,0.62536806
850,Bupleurum bicaule,0.86347353,0.89828074,0.86641693,-0.0029433966,0.8821057,0.016175032
851,Bupleurum falcatum,0.89661735,0.8756504,0.8699144,0.02670294,0.9306704,-0.055019975
852,Bupleurum ranunculoides,0.9552204,0.9818522,0.9558895,-0.00066912174,0.9944699,-0.012617707
853,Bupleurum rigidum,0.96423316,0.97154254,0.95799476,0.006238401,0.9399003,0.03164226
854,Bupleurum scorzonerifolium,0.924478,0.8493782,0.8742869,0.050191104,0.78286517,0.06651306
855,Burkea africana,0.91028875,0.8400357,0.77526104,0.1350277,0.5146292,0.3254065
856,Bursaria incana,0.8583362,0.7553127,0.778942,0.07939422,0.7142452,0.04106748
857,Bursaria spinosa,0.8327443,0.96535605,0.83381116,-0.0010668635,0.91908723,0.04626882
858,Butomus umbellatus,0.93388367,0.94983333,0.91926235,0.014621317,0.99478644,-0.044953108
859,Buxus sempervirens,0.94444966,0.9850811,0.9368262,0.007623434,0.966574,0.018507063
860,Cabralea canjerana,0.9442273,0.91885567,0.9264684,0.017758906,0.90033597,0.0185197
861,Cadaba farinosa,0.7668546,-0.18364272,0.7393847,0.027469873,-0.6680972,0.48445448
862,Cakile maritima,0.94350636,0.7987881,0.94934714,-0.0058407784,0.9832937,-0.18450564
863,Calamagrostis arenaria,0.93288165,0.96429926,0.9495848,-0.016703129,0.9501878,0.014111459
864,Calamagrostis arundinacea,0.80919117,0.8162446,0.7908571,0.01833409,0.8161866,5.799532e-05
865,Calamagrostis bogotensis,0.45393178,0.027118666,0.45155993,0.0023718476,-0.19364972,0.22076839
866,Calamagrostis canadensis,0.9186796,0.9442134,0.91491926,0.0037603378,0.8804634,0.06374997
867,Calamagrostis canescens,0.82450044,0.9701144,0.7967687,0.027731717,0.97270167,-0.0025872588
868,Calamagrostis epigejos,0.8138471,0.8029494,0.72297275,0.090874374,0.82220066,-0.019251227
869,Calamagrostis lapponica,0.9063934,0.85857165,0.83448726,0.07190615,0.86528045,-0.006708801
870,Calamagrostis obtusata,0.9431411,0.89179754,0.7782036,0.1649375,0.65560055,0.236197
871,Calamagrostis purpurascens,0.9876102,0.9688909,0.9472605,0.040349722,0.9059905,0.062900424
872,Calamagrostis purpurea,0.92309564,0.9983978,0.9475939,-0.024498284,0.9992378,-0.00083994865
873,Calamagrostis rubescens,0.956594,0.93042755,0.95681006,-0.00021606684,0.9517689,-0.021341324
874,Calamagrostis stricta,0.79463816,0.13449857,0.80372924,-0.009091079,0.5606011,-0.42610255
875,Calamagrostis varia,0.84067076,0.8115279,0.83299774,0.007673025,0.78655744,0.024970472
876,Calamagrostis villosa,0.8926131,0.93111545,0.8935738,-0.00096070766,0.9305392,0.0005762577
877,Calanthe arisanensis,0.6011428,-0.18359964,0.707581,-0.10643816,0.73836446,-0.9219641
878,Calanthe triplicata,0.9724071,0.9282061,0.9704457,0.00196141,0.8931567,0.03504938
879,Calendula arvensis,0.9687359,0.51407295,0.8996241,0.069111764,0.6786391,-0.16456616
880,Calicotome spinosa,0.9543195,0.90184075,0.94768107,0.0066384077,0.78719604,0.114644706
881,Calicotome villosa,0.8262286,0.6322473,0.7922354,0.033993244,0.78569,-0.15344268
882,Calla palustris,0.9187552,0.5019509,0.89879984,0.019955337,0.8776537,-0.3757028
883,Callicarpa americana,0.7629103,0.68716675,0.78377974,-0.020869434,0.75790435,-0.0707376
884,Callicarpa japonica,0.925334,0.91000354,0.92362595,0.0017080307,0.87607276,0.03393078
885,Callicarpa randaiensis,0.768473,0.6255558,0.78805894,-0.019585907,0.61263466,0.0129211545
886,Callitriche brutia,0.9181682,0.98397225,0.7774522,0.14071602,0.9641793,0.019792974
887,Callitriche stagnalis,0.81161344,0.4996113,0.79702467,0.014588773,0.64053446,-0.14092317
888,Callitris endlicheri,0.9720477,0.98372865,0.9661484,0.00589931,0.98046553,0.0032631159
889,Calluna vulgaris,0.83343893,0.836998,0.8344182,-0.0009792447,0.8620714,-0.02507341
890,Calocephalus sonderi,0.97218823,0.9819619,0.9638684,0.008319855,0.9872221,-0.0052601695
891,Calochlaena dubia,0.94965076,-0.17582501,0.9344959,0.015154839,-4.1275377,3.9517126
892,Calophyllum sil,0.9849906,0.9995172,0.98000634,0.0049842596,0.9401061,0.05941111
893,Calotis cuneifolia,0.67648774,-3.7825468,0.65583384,0.020653903,-9.767412,5.984865
894,Calotis dentex,0.9551758,0.9503339,0.92273706,0.032438755,-0.28563428,1.2359681
895,Calotis hispidula,0.87612385,0.94992584,0.85490644,0.021217406,0.8366195,0.11330634
896,Calotis scapigera,0.9367333,0.942181,0.919671,0.017062306,0.8411029,0.10107809
897,Calotropis procera,0.86561096,0.88777316,0.8185918,0.047019184,0.716293,0.17148018
898,Caltha leptosepala,0.94107056,0.9981693,0.92247033,0.018600225,0.9987819,-0.00061261654
899,Caltha palustris,0.76360744,0.6951982,0.7622275,0.0013799667,0.6995034,-0.0043052435
900,Calycanthus floridus,0.8646036,0.8128944,0.86504984,-0.00044625998,0.9126259,-0.099731505
901,Calyptochloa gracillima,0.9598439,0.9933403,0.93962556,0.020218313,0.95342225,0.039918065
902,Calystegia sepium,0.8724048,0.8831476,0.86490023,0.0075045824,0.9077361,-0.024588525
903,Calystegia soldanella,0.9744513,0.94320387,0.96972513,0.0047261715,0.9651295,-0.021925628
904,Calytrix tetragona,0.9580418,0.9596847,0.95553845,0.0025033355,0.9664432,-0.0067584515
905,Camellia japonica,0.95940477,0.9704274,0.92991275,0.02949202,0.9903186,-0.019891202
906,Campanula alpina,0.97304094,0.9921318,0.9796909,-0.006649971,0.98939604,0.0027357936
907,Campanula bononiensis,0.92217493,0.5565746,0.9242721,-0.0020971894,0.55697685,-0.00040227175
908,Campanula cespitosa,0.90607035,0.96334624,0.90483373,0.0012366176,0.87082684,0.0925194
909,Campanula cochleariifolia,0.9142944,0.91196406,0.91050303,0.0037913918,0.90256745,0.009396613
910,Campanula divaricata,0.85484827,0.73763067,0.8780971,-0.023248851,0.87573886,-0.1381082
911,Campanula ficarioides,0.9818107,0.78485227,0.98454446,-0.002733767,0.7272848,0.057567477
912,Campanula glomerata,0.8084998,0.8382245,0.78976977,0.018730044,0.955931,-0.11770654
913,Campanula incanescens,0.85338986,0.8485902,0.81307507,0.040314794,0.6185341,0.2300561
914,Campanula latifolia,0.8667917,0.47877985,0.815434,0.051357746,-0.031161506,0.50994134
915,Campanula medium,0.961939,0.983367,0.9345562,0.027382791,0.9803422,0.0030248165
916,Campanula patula,0.8470582,0.9338219,0.84660065,0.00045752525,0.8832775,0.05054444
917,Campanula persicifolia,0.81887794,0.90504754,0.8180385,0.0008394122,0.84877616,0.056271374
918,Campanula rapunculoides,0.8602515,0.9156698,0.85621667,0.004034817,0.93255,-0.016880214
919,Campanula rapunculus,0.80741584,0.47933695,0.8289306,-0.021514773,0.6436468,-0.16430983
920,Campanula rotundifolia,0.7402405,0.7641033,0.7241616,0.01607889,0.72561276,0.038490534
921,Campanula scheuchzeri,0.90789926,0.9345195,0.92140865,-0.013509393,0.92147994,0.013039589
922,Campanula serrata,0.9369525,0.9941636,0.9371297,-0.00017720461,0.95843667,0.035726905
923,Campanula sibirica,0.933149,0.93392634,0.89706707,0.03608191,0.92559814,0.008328199
924,Campanula spatulata,0.92964476,0.947656,0.93038476,-0.00073999166,0.79794365,0.14971232
925,Campanula stevenii,0.86380386,0.84293944,0.8413358,0.02246809,0.7717864,0.071153045
926,Campanula trachelium,0.82054496,0.85126716,0.82563424,-0.005089283,0.8254233,0.025843859
927,Campomanesia guazumifolia,0.8489468,0.6237131,0.7614524,0.08749443,0.63152534,-0.0078122616
928,Campomanesia xanthocarpa,0.7101682,0.54156846,0.57818556,0.13198262,0.12502721,0.41654125
929,Campsis radicans,0.92091346,0.9178019,0.91139716,0.009516299,0.90553045,0.012271464
930,Camptacra barbata,0.85372883,0.60889786,0.7728721,0.08085674,0.18325104,0.42564684
931,Canarium australianum,0.88182986,0.8375439,0.86808956,0.013740301,0.83567166,0.0018722415
932,Cancrinia discoidea,0.5599259,-0.67358303,0.5756701,-0.01574421,0.24593365,-0.9195167
933,Canotia holacantha,0.96934086,0.97313696,0.9649016,0.0044392347,0.94664454,0.026492417
934,Capillipedium parviflorum,0.68998104,0.5660999,0.69851136,-0.008530319,0.5974989,-0.03139901
935,Capillipedium spicigerum,0.87858003,0.74188983,0.83796155,0.04061848,0.24806255,0.49382728
936,Capparis anomala,0.7708323,-2.7534409,0.70892644,0.06190586,-3.3758922,0.6224513
937,Capparis arborea,0.84803724,0.9960616,0.85959166,-0.01155442,0.9977005,-0.0016388893
938,Capparis canescens,0.88218266,0.792741,0.8280776,0.054105043,0.6247221,0.16801888
939,Capparis lasiantha,0.8631401,0.9238936,0.8343747,0.02876538,0.9129038,0.010989785
940,Capparis mitchellii,0.9098849,0.8380067,0.8886383,0.021246612,0.92008156,-0.08207488
941,Capsella bursa-pastoris,0.7340791,0.88435364,0.7294062,0.0046729445,0.63672113,0.2476325
942,Caragana arborescens,0.8164157,0.93864167,0.681993,0.13442272,0.9243325,0.014309168
943,Caragana frutex,0.9331198,0.8975587,0.89993834,0.03318143,0.7762545,0.121304214
944,Caragana leucophloea,0.645598,0.29201576,0.73032725,-0.084729254,0.596377,-0.30436125
945,Caragana microphylla,0.9400516,0.7906711,0.9315586,0.008493006,0.9244215,-0.13375038
946,Caragana pygmaea,0.90920985,0.96205556,0.93922246,-0.030012608,0.94183105,0.020224512
947,Cardamine amara,0.8292082,0.58038205,0.8131932,0.016014993,0.8084262,-0.22804415
948,Cardamine bellidifolia,0.8787483,0.9162341,0.72247344,0.15627486,0.91676176,-0.0005276799
949,Cardamine bulbifera,0.9158456,0.9295528,0.8951477,0.020697892,0.9581381,-0.028585315
950,Cardamine cordifolia,0.9789332,0.9677742,0.9754137,0.003519535,0.9793841,-0.011609912
951,Cardamine enneaphyllos,0.8509702,0.6343649,0.847625,0.0033451915,0.69652575,-0.06216085
952,Cardamine flexuosa,0.7736236,0.2578868,0.7656602,0.007963359,0.9219911,-0.66410434
953,Cardamine glanduligera,0.9299531,0.9509742,0.92454654,0.0054065585,0.9003835,0.050590754
954,Cardamine heptaphylla,0.9304584,0.9461151,0.9383574,-0.007898986,0.95939535,-0.0132802725
955,Cardamine hirsuta,0.7984179,0.88417494,0.8027515,-0.0043335557,0.96784604,-0.08367109
956,Cardamine impatiens,0.8412969,0.91921854,0.82723296,0.014063954,0.95169395,-0.032475412
957,Cardamine kitaibelii,0.90262204,0.90388453,0.86602634,0.036595702,0.9470855,-0.04320097
958,Cardamine obliqua,0.8967991,0.62774134,0.7981573,0.09864181,0.16488978,0.46285155
959,Cardamine pentaphyllos,0.91496205,0.8754226,0.90928036,0.0056816936,0.81479764,0.060624957
960,Cardamine pratensis,0.80200183,0.88567334,0.77845335,0.023548484,0.8834257,0.0022476315
961,Cardamine resedifolia,0.9531926,0.83863556,0.9521628,0.0010297894,0.9743544,-0.13571882
962,Cardamine trifolia,0.9583425,0.8296644,0.94748414,0.010858357,0.7912583,0.038406134
963,Carduncellus mitissimus,0.9584425,0.9523338,0.9604661,-0.0020235777,0.99902576,-0.046691954
964,Carduus acanthoides,0.8392794,0.8650475,0.8560514,-0.016771972,0.830928,0.034119487
965,Carduus crispus,0.8264619,0.917652,0.8128413,0.013620615,0.8090602,0.108591795
966,Carduus defloratus,0.88956165,0.86667055,0.87146723,0.01809442,0.8559863,0.010684252
967,Carduus nutans,0.7368533,-1.1587331,0.73476726,0.0020860434,0.40187362,-1.5606067
968,Carduus personata,0.89267504,0.6649473,0.88132596,0.011349082,0.9341604,-0.26921314
969,Carduus pycnocephalus,0.89572024,-0.07587218,0.89973897,-0.004018724,-1.0533998,0.9775276
970,Carex abscondita,0.93765205,0.9793574,0.87672216,0.060929894,0.94890535,0.030452073
971,Carex acutiformis,0.8482335,0.92614305,0.828617,0.019616544,0.9603192,-0.03417617
972,Carex aestivalis,0.914862,0.92883825,0.9291973,-0.014335334,0.89717895,0.031659305
973,Carex alba,0.89488786,0.8186137,0.8825964,0.012291491,0.8227385,-0.00412482
974,Carex amphibola,0.9060112,0.8268637,0.79247576,0.113535464,0.48089495,0.34596875
975,Carex appressa,0.90141284,0.91454697,0.87937546,0.022037387,0.8884342,0.026112795
976,Carex appropinquata,0.8850534,0.73305315,0.8441341,0.040919304,0.56411934,0.16893381
977,Carex aquatilis,0.93080187,0.8662949,0.9308463,-4.440546e-05,0.81526285,0.051032066
978,Carex arenaria,0.94963133,0.98431605,0.9474203,0.0022110343,0.9969327,-0.012616634
979,Carex aterrima,0.96060526,0.91931725,0.9608999,-0.00029462576,0.95876455,-0.039447308
980,Carex atrata,0.95111394,0.98043454,0.9497884,0.0013255477,0.9858994,-0.005464852
981,Carex atrofusca,0.88758713,0.88936853,0.6766675,0.21091962,0.0713727,0.81799585
982,Carex baccans,0.70610124,0.6110614,0.6199269,0.08617431,0.7285032,-0.11744183
983,Carex bicolor,0.9787184,0.9608812,0.97216964,0.0065487623,0.9996574,-0.03877622
984,Carex bigelowii,0.9297233,0.82696104,0.9236865,0.006036818,0.8416038,-0.014642775
985,Carex binervis,0.9113769,0.7345089,0.91659194,-0.005215049,0.74529386,-0.010784984
986,Carex blanda,0.91545993,0.8662449,0.90522534,0.010234594,0.34222782,0.5240171
987,Carex bonplandii,0.9670933,0.8367099,0.9787904,-0.0116971135,0.976237,-0.13952708
988,Carex brachystachys,0.9086308,0.95252997,0.9184101,-0.009779334,0.5032975,0.44923246
989,Carex breviculmis,0.9463925,0.9263754,0.93004936,0.016343117,0.8729302,0.05344516
990,Carex brizoides,0.6128994,-0.9052429,0.4066678,0.20623162,-2.823714,1.9184711
991,Carex bromoides,0.8777812,0.92604274,0.7978116,0.079969585,0.76523346,0.16080928
992,Carex brunnea,0.97606254,0.88201123,0.9539152,0.022147357,0.34038672,0.54162455
993,Carex brunnescens,0.9432817,0.9970715,0.9345961,0.008685589,0.9851105,0.011960983
994,Carex buxbaumii,0.94258106,0.6648181,0.8440326,0.09854847,0.84593415,-0.18111604
995,Carex callitrichos,0.8828322,0.90874225,0.85181963,0.031012595,0.8156475,0.093094766
996,Carex canescens,0.8666139,0.9584483,0.8081656,0.058448315,-0.5798892,1.5383375
997,Carex capillaris,0.9411326,0.92745644,0.93306965,0.008062959,0.9447546,-0.017298162
998,Carex caryophyllea,0.68180585,0.80807394,0.67164105,0.010164797,0.72351736,0.08455658
999,Carex cespitosa,0.9087261,0.8669223,0.8490094,0.0597167,0.89673495,-0.029812634
1000,Carex chordorrhiza,0.9608381,0.97602457,0.95609987,0.0047382116,0.99068755,-0.014662981
1001,Carex concinnoides,0.71896976,0.5085761,0.75350946,-0.0345397,0.6734369,-0.16486079
1002,Carex crinita,0.7359174,0.39048564,0.7137779,0.02213949,0.122381106,0.26810455
1003,Carex cruciata,0.5382261,0.35700098,0.64436555,-0.10613942,0.6050286,-0.24802765
1004,Carex curvula,0.9710714,0.9617358,0.9769846,-0.005913198,0.98068345,-0.01894766
1005,Carex davalliana,0.9019474,0.91630167,0.8828784,0.019068956,0.9287137,-0.012412012
1006,Carex debilis,0.57226616,-0.64688647,0.57798743,-0.005721271,0.6678563,-1.3147428
1007,Carex demissa,0.9308891,0.9388036,0.92827034,0.0026187897,0.90625507,0.032548547
1008,Carex diandra,0.9280917,0.9588483,0.90426266,0.023829043,0.90428555,0.054562747
1009,Carex digitalis,0.63031375,-0.8675432,0.60218406,0.028129697,-0.96198136,0.094438136
1010,Carex digitata,0.80929714,0.701852,0.7822119,0.027085245,0.63505954,0.06679249
1011,Carex diluta,0.79240423,0.86218953,0.75643635,0.035967886,0.76220334,0.099986196
1012,Carex dioica,0.89483565,0.8989592,0.87633884,0.018496811,0.9149723,-0.016013086
1013,Carex disperma,0.91862655,-1.3030831,0.8382391,0.08038747,0.84324574,-2.146329
1014,Carex distachya,0.89570373,0.8312774,0.7914881,0.10421562,0.8495885,-0.018311143
1015,Carex distans,0.56354356,-3.1137254,0.4879577,0.07558587,-1.2590429,-1.8546826
1016,Carex disticha,0.8601792,0.9270226,0.818891,0.041288197,0.8907662,0.036256373
1017,Carex divisa,0.9119289,0.96613324,0.91953754,-0.007608652,0.9676723,-0.0015390515
1018,Carex divulsa,0.87211126,0.41492423,0.86127406,0.010837197,-0.3109586,0.7258828
1019,Carex duriuscula,0.9112405,0.81473607,0.8449544,0.06628615,0.83930826,-0.024572194
1020,Carex echinata,0.8821207,0.90451187,0.875059,0.00706172,0.91480696,-0.010295093
1021,Carex elata,0.8813024,0.9176701,0.86915374,0.012148678,0.97452885,-0.056858778
1022,Carex elongata,0.88445866,0.91164255,0.84615606,0.0383026,0.9761512,-0.06450868
1023,Carex enervis,0.68791527,0.29158753,0.7576255,-0.069710255,0.81393456,-0.52234703
1024,Carex ericetorum,0.92373174,0.88865435,0.9027082,0.021023571,0.9366579,-0.048003554
1025,Carex ferruginea,0.7737667,0.7193404,0.53516924,0.23859745,-0.39606765,1.1154081
1026,Carex firma,0.96418774,0.9740182,0.96118116,0.0030065775,0.98059434,-0.006576121
1027,Carex flacca,0.7033385,0.76659065,0.6811099,0.022228599,0.6949057,0.07168496
1028,Carex flava,0.85741746,0.9275516,0.8570329,0.00038456917,0.9712437,-0.043692052
1029,Carex fuliginosa,0.95859194,0.90928537,0.9613196,-0.0027276874,0.84906685,0.060218513
1030,Carex geyeri,0.9347097,0.9157672,0.89522386,0.03948587,0.94690114,-0.03113395
1031,Carex glaucescens,0.8463675,0.51816624,0.85571694,-0.009349465,0.7477466,-0.22958034
1032,Carex globularis,0.927846,0.7369952,0.8211242,0.10672182,0.6917645,0.045230746
1033,Carex grayi,0.9457109,0.95547694,0.9305234,0.015187502,0.9569627,-0.001485765
1034,Carex hirta,0.7854762,0.85623056,0.7860292,-0.0005530119,0.8165881,0.039642453
1035,Carex hostiana,0.85419226,0.81384224,0.834364,0.01982826,0.83164674,-0.017804503
1036,Carex humilis,0.6851369,0.72350997,0.48578843,0.19934848,-0.851329,1.574839
1037,Carex intumescens,0.83457714,0.87953764,0.8125912,0.021985948,0.13489442,0.7446432
1038,Carex inversa,0.912904,0.89357865,0.90240884,0.010495186,0.88603485,0.0075438023
1039,Carex korshinskyi,0.93249494,0.8873804,0.8917356,0.040759325,0.9063564,-0.018975973
1040,Carex lachenalii,0.97930354,0.9857374,0.97212046,0.007183075,0.99222696,-0.006489575
1041,Carex laevigata,0.9592353,0.9777117,0.9455148,0.013720512,0.43406558,0.5436461
1042,Carex lanceolata,0.8359633,0.7087344,0.807921,0.028042316,0.76384836,-0.05511397
1043,Carex lasiocarpa,0.9245521,0.98563325,0.89938754,0.025164545,0.9624849,0.023148358
1044,Carex lepidocarpa,0.8229492,0.92656785,0.78410465,0.038844526,0.9334431,-0.0068752766
1045,Carex limosa,0.9366096,0.9866839,0.9179761,0.018633544,0.96798223,0.018701673
1046,Carex livida,0.90448856,0.82943404,0.90255076,0.0019378066,0.99604017,-0.16660613
1047,Carex louisianica,0.9268608,0.5963222,0.91376424,0.013096571,0.83651334,-0.24019116
1048,Carex lupulina,0.8702365,0.7698399,0.8454624,0.024774134,0.93339276,-0.16355288
1049,Carex magellanica,0.9145481,0.9937235,0.907242,0.007306099,0.97513133,0.018592179
1050,Carex maritima,0.97453135,0.91912943,0.94703656,0.027494788,0.9587758,-0.039646387
1051,Carex melanostachya,0.982212,0.62778246,0.96150774,0.02070427,0.76215166,-0.1343692
1052,Carex membranacea,0.6067194,0.0435879,0.7326369,-0.12591755,0.32475045,-0.28116256
1053,Carex microglochin,0.95129466,0.746774,0.9555063,-0.004211664,0.918304,-0.17153001
1054,Carex microptera,0.8896909,0.6613226,0.8811576,0.008533299,0.5393014,0.1220212
1055,Carex monostachya,0.9115877,0.80600643,0.9495568,-0.037969112,0.96848583,-0.1624794
1056,Carex montana,0.80671966,0.8580559,0.7773106,0.029409051,0.8275047,0.030551195
1057,Carex mucronata,0.94911975,0.89167404,0.9429251,0.006194651,0.8043598,0.08731425
1058,Carex muricata,0.5522744,-4.9376683,0.50095105,0.051323354,-12.845114,7.9074454
1059,Carex myosuroides,0.958635,0.9295378,0.9511556,0.0074793696,0.9354511,-0.005913317
1060,Carex nardina,0.9835601,0.7962925,0.9470617,0.036498368,0.156736,0.63955647
1061,Carex nebrascensis,0.84933645,0.35977992,0.7946882,0.05464822,-0.06091719,0.42069712
1062,Carex nigra,0.8068357,0.7658952,0.8058115,0.0010241866,0.7575316,0.008363605
1063,Carex nigricans,0.98612213,0.98625374,0.98156863,0.004553497,0.9868412,-0.0005874634
1064,Carex nigromarginata,0.8131197,0.94427866,0.7987461,0.0143736005,0.18797453,0.75630414
1065,Carex norvegica,0.94196016,0.90127796,0.93949175,0.0024684072,0.599428,0.30184996
1066,Carex obtusata,0.94494534,0.89802295,0.9318881,0.013057232,0.8989711,-0.0009481311
1067,Carex ornithopoda,0.84365153,0.8505151,0.81354177,0.030109763,0.70031166,0.15020347
1068,Carex otrubae,0.74207914,0.38697243,0.756433,-0.014353871,0.49363676,-0.10666433
1069,Carex pallescens,0.7589876,0.7385782,0.7307453,0.02824229,0.7507983,-0.012220085
1070,Carex panicea,0.7965803,0.81608194,0.7844752,0.012105107,0.8157438,0.00033813715
1071,Carex paniculata,0.80879307,0.9825144,0.78944916,0.019343913,0.9855433,-0.0030289292
1072,Carex parviflora,0.9671499,0.8374868,0.96215224,0.0049976707,0.9081276,-0.0706408
1073,Carex pediformis,0.9183394,0.90822387,0.8350192,0.0833202,0.8571481,0.051075757
1074,Carex pensylvanica,0.8198763,0.7630712,0.8300965,-0.01022017,0.68343526,0.07963592
1075,Carex petasata,0.91542125,0.1107741,0.8451321,0.070289135,-3.7923326,3.9031067
1076,Carex phaeocephala,0.94605017,0.97839004,0.9529338,-0.006883621,0.9984213,-0.020031273
1077,Carex pichinchensis,0.6363862,0.33555833,0.6763465,-0.039960265,0.44205174,-0.10649341
1078,Carex pilosa,0.8637689,0.9242727,0.82622683,0.037542045,0.8512548,0.073017895
1079,Carex pilulifera,0.57236445,0.7461863,0.63057834,-0.05821389,0.7654064,-0.019220114
1080,Carex praecox,0.42707628,-0.09096666,0.3979533,0.029122978,-4.806414,4.7154474
1081,Carex pseudocyperus,0.880128,0.96676624,0.87858206,0.0015459657,0.9469419,0.019824326
1082,Carex pseudofoetida,0.9102441,0.6920761,0.8322151,0.07802904,0.6505397,0.04153639
1083,Carex pulicaris,0.8908883,0.96176255,0.89875084,-0.007862568,0.9735806,-0.011818051
1084,Carex pygmaea,0.54597706,0.09176303,0.5477012,-0.001724124,0.01474043,0.0770226
1085,Carex radiata,0.7304708,0.86851436,0.59700954,0.13346124,-1.0080523,1.8765666
1086,Carex rariflora,0.9252077,0.9491598,0.9083906,0.016817093,0.94213283,0.0070269704
1087,Carex remota,0.7930143,0.8125954,0.7917212,0.0012930632,0.8657958,-0.053200364
1088,Carex riparia,0.84734577,0.9153643,0.81126195,0.036083817,0.92151064,-0.0061463118
1089,Carex rossii,0.900185,0.7623818,0.85005856,0.050126433,0.6001588,0.16222298
1090,Carex rostrata,0.6958868,0.691335,0.5517427,0.14414412,0.6701748,0.021160245
1091,Carex rotundata,0.9033619,0.9499669,0.89961463,0.0037472844,0.94399863,0.0059682727
1092,Carex rupestris,0.93897957,0.9186029,0.92477924,0.01420033,0.9190266,-0.00042372942
1093,Carex saxatilis,0.9109322,0.92930806,0.91483444,-0.0039022565,0.9546773,-0.025369227
1094,Carex scirpoidea,0.97415906,0.9371585,0.9517481,0.022410989,0.95745265,-0.02029413
1095,Carex scopulorum,0.9582782,0.98229384,0.96078813,-0.0025099516,0.89143,0.090863824
1096,Carex siderosticta,0.8387017,0.7247193,0.8649806,-0.026278853,0.7976854,-0.0729661
1097,Carex simpliciuscula,0.9680563,0.8366361,0.9528117,0.015244603,0.54618484,0.2904513
1098,Carex spicata,0.6516129,0.4463403,0.61469674,0.036916137,0.9017707,-0.45543042
1099,Carex stenophylla,0.9684649,0.88508046,0.89792,0.0705449,0.9803397,-0.09525925
1100,Carex supina,0.93487734,0.94923985,0.92860866,0.00626868,0.89045024,0.05878961
1101,Carex sylvatica,0.7535907,0.727481,0.74257386,0.011016846,0.7171659,0.01031512
1102,Carex tomentosa,0.8335741,0.75522006,0.8086453,0.024928808,0.90151286,-0.1462928
1103,Carex tribuloides,0.8642509,0.7756387,0.8193951,0.044855773,0.78051364,-0.0048749447
1104,Carex typhina,0.9232875,0.84239817,0.9147759,0.008511603,0.90563786,-0.06323969
1105,Carex umbrosa,0.83184594,0.61882937,0.81903505,0.012810886,0.9943329,-0.37550354
1106,Carex utriculata,0.9159061,0.9641657,0.9302389,-0.014332831,0.7463081,0.2178576
1107,Carex vaginata,0.9525632,0.89622104,0.9375728,0.014990449,0.94161767,-0.045396626
1108,Carex vallis-rosetto,0.54252964,-0.5109237,0.83738905,-0.2948594,0.8378057,-1.3487294
1109,Carex vesicaria,0.86877877,0.7531145,0.8259445,0.042834282,0.8634575,-0.11034298
1110,Carex vulpina,0.80148447,0.9833265,0.81928486,-0.01780039,0.9554672,0.02785927
1111,Carissa ovata,0.8910061,0.8273723,0.8282129,0.062793195,0.9080379,-0.08066559
1112,Carissa spinarum,0.98248535,0.87048,0.9553485,0.027136862,0.92230123,-0.05182123
1113,Carlina acanthifolia,0.9399078,0.9949297,0.9414603,-0.0015525222,0.94284284,0.05208683
1114,Carlina acaulis,0.7880658,0.85093987,0.82275754,-0.03469175,0.84438944,0.0065504313
1115,Carlina brachylepis,0.88054264,0.8106336,0.89139533,-0.0108526945,0.85442126,-0.04378766
1116,Carlina corymbosa,0.87628067,0.88406706,0.85977054,0.016510129,0.96073115,-0.07666409
1117,Carlina vulgaris,0.77450806,0.73445886,0.79056233,-0.016054273,0.84836495,-0.113906085
1118,Caroxylon imbricatum,0.7598608,0.36164144,0.7691462,-0.00928539,0.44135877,-0.07971734
1119,Caroxylon passerinum,0.81759363,0.69013345,0.824607,-0.0070133805,0.76203054,-0.07189709
1120,Carphephorus bellidifolius,0.9203179,0.9486619,0.9167357,0.0035821795,0.960364,-0.011702061
1121,Carphephorus corymbosus,0.9563434,0.9559641,0.93689084,0.019452572,0.9335955,0.02236861
1122,Carphephorus tomentosus,0.8982083,0.8500669,0.92114586,-0.022937536,0.86544675,-0.015379846
1123,Carpinus betulus,0.84924006,0.90056103,0.8482002,0.0010398626,0.90555906,-0.0049980283
1124,Carpinus caroliniana,0.83541703,0.85268164,0.81976175,0.01565528,0.79350585,0.05917579
1125,Carpinus kawakamii,0.8500475,0.91228294,0.86470217,-0.014654636,0.9209614,-0.008678436
1126,Carpinus laxiflora,0.74962026,0.79722273,0.80025315,-0.050632894,0.67303896,0.124183774
1127,Carpinus orientalis,0.84153926,0.8143494,0.82225406,0.019285202,0.7613146,0.053034842
1128,Cartrema americana,0.89810306,0.9790328,0.8884238,0.009679258,0.9444188,0.034614027
1129,Carum carvi,0.7793735,0.9175885,0.7284466,0.050926924,0.89947927,0.018109202
1130,Carya aquatica,0.96108025,0.86847,0.9412338,0.01984644,0.92389643,-0.05542642
1131,Carya cordiformis,0.8327584,0.80011964,0.81339645,0.019361973,0.83867246,-0.03855282
1132,Carya glabra,0.7220946,0.5270124,0.6058044,0.11629021,0.29125085,0.23576155
1133,Carya ovata,0.8117908,0.8646379,0.76151824,0.050272584,0.57571596,0.28892195
1134,Carya pallida,0.74574506,0.7411414,0.76751864,-0.021773577,0.73256093,0.008580446
1135,Caryopteris mongholica,0.7394103,0.886124,0.69061416,0.048796117,0.76213706,0.12398696
1136,Casearia battiscombei,0.8254139,0.8901822,0.6168762,0.2085377,-0.4563642,1.3465464
1137,Casearia decandra,0.8281444,0.78393555,0.76023686,0.06790751,0.48460135,0.2993342
1138,Casearia obliqua,0.76273644,0.5995727,0.65883076,0.10390568,0.34619164,0.25338107
1139,Casearia sylvestris,0.9045783,0.817159,0.8852987,0.0192796,0.8233398,-0.006180823
1140,Cassia brewsteri,0.9684338,0.97374696,0.94276935,0.025664449,0.9966894,-0.022942424
1141,Cassinia laevis,0.91662264,0.9458816,0.9068844,0.0097382665,0.9399553,0.005926311
1142,Cassinia quinquefaria,0.9593564,0.98236686,0.9574967,0.0018597245,0.9986347,-0.016267836
1143,Cassiope hypnoides,0.94621366,0.9688068,0.95105857,-0.004844904,0.9877523,-0.018945515
1144,Cassiope mertensiana,0.9842225,0.9821444,0.9820656,0.0021568537,0.9985656,-0.016421199
1145,Cassiope tetragona,0.97060233,0.9649304,0.959142,0.011460304,0.9762304,-0.011299968
1146,Cassipourea malosana,0.831617,0.6799967,0.84245706,-0.010840058,0.72629106,-0.04629433
1147,Cassytha pubescens,0.8392334,0.58565986,0.7922621,0.04697132,0.51723856,0.068421304
1148,Castanea dentata,0.93182975,0.8998043,0.9308939,0.0009358525,0.89820606,0.001598239
1149,Castanea pumila,0.7522353,0.62474227,0.72048616,0.03174913,0.2669076,0.35783467
1150,Castanea sativa,0.8959821,0.9116187,0.8427564,0.053225696,0.89098966,0.020629048
1151,Castanopsis carlesii,0.77598035,0.6488362,0.71175843,0.06422192,0.5427156,0.10612059
1152,Castilleja fissifolia,0.60895264,0.30498514,0.5060409,0.10291177,-0.0063152756,0.3113004
1153,Castilleja miniata,0.92856514,-0.051274695,0.9190718,0.009493351,0.9171231,-0.9683978
1154,Casuarina cristata,0.9142877,0.9615356,0.87417734,0.04011035,0.8571899,0.10434568
1155,Casuarina cunninghamiana,0.8423964,0.9626849,0.79725945,0.04513693,0.9841206,-0.021435678
1156,Casuarina glauca,0.9798214,0.98427165,0.96776795,0.01205343,0.98537964,-0.0011079907
1157,Casuarina pauper,0.97961116,0.9833121,0.6565102,0.32310098,0.78138113,0.20193094
1158,Catananche caerulea,0.9449757,0.9736048,0.9476535,-0.0026777983,0.95149374,0.022111058
1159,Catapodium marinum,0.95880026,0.923119,0.9727476,-0.013947368,0.997728,-0.07460898
1160,Catapodium rigidum,0.8399408,0.8595059,0.8513576,-0.011416793,0.94175386,-0.08224797
1161,Caulophyllum thalictroides,0.9157122,0.9483682,0.898492,0.0172202,0.94994175,-0.0015735626
1162,Causonis clematidea,0.95229006,0.9802974,0.93488973,0.017400324,0.9606436,0.019653797
1163,Causonis japonica,0.9111308,0.80625755,0.8639281,0.047202706,0.5807813,0.22547626
1164,Causonis trifolia,0.8260336,0.7473232,0.8009243,0.025109291,0.78257316,-0.03524995
1165,Caustis recurvata,0.9925667,0.8830857,0.9900316,0.0025351048,0.9213965,-0.038310766
1166,Caylusea hexagyna,0.5846058,0.07909793,0.5216644,0.06294143,0.5785143,-0.49941635
1167,Ceanothus americanus,0.7761523,0.8802107,0.6752869,0.10086542,-0.2098264,1.0900371
1168,Ceanothus fendleri,0.95627874,0.8037524,0.9461962,0.010082543,0.9947292,-0.1909768
1169,Ceanothus velutinus,0.95730746,0.9734167,0.96099216,-0.0036846995,0.94293964,0.030477047
1170,Cecropia glaziovii,0.94634855,0.936481,0.93381256,0.012535989,0.8692922,0.0671888
1171,Cedrela fissilis,0.86962193,0.7642854,0.875112,-0.0054900646,0.7879335,-0.023648143
1172,Celastrus hindsii,0.69394624,0.80949384,0.54502046,0.14892578,-0.17698355,0.9864774
1173,Celtis laevigata,0.9256679,0.9185704,0.9136151,0.012052774,0.90637416,0.012196243
1174,Celtis occidentalis,0.8575657,0.788057,0.86029613,-0.0027304292,0.00940711,0.7786499
1175,Celtis sinensis,0.6790403,0.8777494,0.5775568,0.101483524,0.831335,0.046414375
1176,Celtis tenuifolia,0.88287646,0.928163,0.8678203,0.015056133,0.96078604,-0.032623053
1177,Cenchrus biflorus,0.96635383,0.93627214,0.9576682,0.008685648,0.9004062,0.035865963
1178,Cenchrus ciliaris,0.8791014,0.61866635,0.8269523,0.052149117,0.766955,-0.14828867
1179,Cenchrus clandestinus,0.6274874,-0.044173326,0.69653994,-0.06905252,0.82284683,-0.86702013
1180,Cenchrus divisus,0.7634276,0.7509186,0.73394465,0.02948296,0.5051861,0.24573255
1181,Cenchrus pedicellatus,0.85310143,0.86854136,0.85187584,0.0012255907,0.8028358,0.06570554
1182,Cenolophium fischeri,0.8485684,0.31379563,0.76845276,0.08011562,-0.16775863,0.48155427
1183,Centaurea debeauxii,0.90090984,0.54054654,0.9079324,-0.0070225596,0.5861539,-0.045607388
1184,Centaurea jacea,0.7394198,0.6306994,0.7491717,-0.009751856,0.68449694,-0.053797543
1185,Centaurea montana,0.9162404,0.92852336,0.9061885,0.010051906,0.82508475,0.103438616
1186,Centaurea nigra,0.8989471,0.9425394,0.8957811,0.00316602,0.9507049,-0.008165479
1187,Centaurea paniculata,0.93954635,0.9252116,0.92157817,0.017968178,0.7534206,0.17179102
1188,Centaurea pectinata,0.9867643,0.8976343,0.9790411,0.0077232122,0.9179177,-0.020283401
1189,Centaurea phrygia,0.8777255,0.7398542,0.8717546,0.0059708953,0.91080153,-0.17094731
1190,Centaurea raphanina,0.85953444,0.7536804,0.8520408,0.007493615,0.7579654,-0.004284978
1191,Centaurea scabiosa,0.8154185,0.84563845,0.81335163,0.0020668507,0.7492291,0.09640938
1192,Centaurea stoebe,0.9665799,0.8785003,0.94651705,0.020062864,-0.1786286,1.0571289
1193,Centaurea uniflora,0.9730137,0.88278335,0.97678804,-0.003774345,0.995219,-0.11243564
1194,Centaurium erythraea,0.68043584,0.09784998,0.71298814,-0.032552302,0.6128065,-0.51495653
1195,Centaurium pulchellum,0.8299722,0.878096,0.8532272,-0.02325499,0.9450321,-0.066936135
1196,Centella asiatica,0.9062578,0.97838354,0.8701147,0.036143124,0.9489023,0.029481232
1197,Centella erecta,0.89608616,0.6950961,0.893525,0.002561152,0.6980323,-0.002936244
1198,Centipeda cunninghamii,0.92332584,0.99883807,0.92269045,0.0006353855,0.99900675,-0.00016868114
1199,Centipeda minima,0.7719693,0.96404314,0.72697145,0.04499787,0.98603445,-0.021991313
1200,Centrosema virginianum,0.8616761,0.46074215,0.85203534,0.009640753,0.68330526,-0.22256312
1201,Cephalanthera damasonium,0.86246073,0.86238116,0.8627532,-0.00029248,0.8272248,0.03515637
1202,Cephalanthera longifolia,0.8881185,0.95900446,0.8832506,0.0048679113,0.8932436,0.06576085
1203,Cephalanthera rubra,0.8926356,0.89551973,0.90476465,-0.012129068,0.8614036,0.03411615
1204,Cephalanthus occidentalis,0.9253568,0.79183584,0.92592883,-0.0005720258,0.82760805,-0.035772204
1205,Cephalaria leucantha,0.9605486,0.8369219,0.93965685,0.020891726,0.91278255,-0.07586068
1206,Cerastium afromontanum,0.90120566,0.7952845,0.9097327,-0.0085270405,0.80643266,-0.011148155
1207,Cerastium alpinum,0.91863,0.8406754,0.89944506,0.019184947,0.86813664,-0.02746123
1208,Cerastium arvense,0.77684057,0.91076523,0.77260983,0.0042307377,0.92013764,-0.009372413
1209,Cerastium beeringianum,0.99349034,0.9279862,0.98607284,0.0074175,0.69438535,0.23360085
1210,Cerastium brachypetalum,0.8733075,0.98581856,0.86224276,0.011064768,0.6760542,0.3097644
1211,Cerastium carinthiacum,0.97314894,0.9267283,0.9632178,0.009931147,0.9500711,-0.023342788
1212,Cerastium fontanum,0.8054767,0.81452996,0.79132444,0.014152288,0.8263676,-0.011837661
1213,Cerastium glomeratum,0.774117,0.76217103,0.79684675,-0.022729754,0.7057595,0.056411505
1214,Cerastium holosteoides,0.6889418,-15.660366,0.4945294,0.19441238,-41.88544,26.225075
1215,Cerastium pauciflorum,0.96734697,0.9936076,0.9267187,0.040628254,0.96791375,0.025693834
1216,Cerastium pumilum,0.8164508,0.9342945,0.8362205,-0.019769728,0.83661926,0.097675264
1217,Cerastium semidecandrum,0.7879587,0.9882041,0.8026264,-0.01466769,0.98505986,0.0031442642
1218,Cerastium uniflorum,0.9891993,0.99955803,0.98974395,-0.00054466724,0.99981064,-0.00025260448
1219,Ceratocapnos claviculata,0.96265584,0.96627426,0.9749686,-0.01231277,0.99935436,-0.0330801
1220,Ceratocarpus arenarius,0.91617125,0.99443614,0.8731779,0.042993367,0.9497883,0.044647872
1221,Ceratonia siliqua,0.95029783,0.73972833,0.95358455,-0.0032867193,0.8931214,-0.15339309
1222,Ceratophyllum demersum,0.924644,0.97331953,0.90043014,0.02421385,0.99431115,-0.020991623
1223,Cercis canadensis,0.90187687,-0.09825498,0.90892303,-0.007046163,0.6770745,-0.7753295
1224,Cercis siliquastrum,0.86058974,-0.03841475,0.92061913,-0.060029387,0.82591164,-0.8643264
1225,Cercocarpus ledifolius,0.93255484,0.9644069,0.906914,0.025640845,0.98022246,-0.015815556
1226,Cercocarpus montanus,0.8846394,0.8857687,0.89635205,-0.01171267,0.8139592,0.07180953
1227,Cestrum intermedium,0.6453365,0.43939602,0.5612751,0.084061384,0.19792743,0.2414686
1228,Chaerophyllum aromaticum,0.9332345,0.9139361,0.9176035,0.01563102,0.961238,-0.047301948
1229,Chaerophyllum aureum,0.8352817,0.69807416,0.81127924,0.024002492,0.9650487,-0.2669745
1230,Chaerophyllum hirsutum,0.8331855,0.8307648,0.82417583,0.009009659,0.79137236,0.03939241
1231,Chaerophyllum temulum,0.7600802,0.7621394,0.73987806,0.02020216,0.67104816,0.091091216
1232,Chaerophyllum villarsii,0.8423208,0.6687713,0.8464352,-0.0041143894,0.65225065,0.016520679
1233,Chaetogastra gracilis,0.9792373,0.993013,0.75762707,0.22161025,0.5839479,0.40906513
1234,Chaetopappa ericoides,0.78681844,-0.8292569,0.78267395,0.0041444898,-0.40895182,-0.42030507
1235,Chamaebuxus alpestris,0.90283304,0.8547586,0.8857855,0.017047524,0.76034683,0.09441179
1236,Chamaecrista absus,0.881948,0.91552013,0.7257305,0.15621752,0.48327115,0.43224898
1237,Chamaecrista fasciculata,0.7463286,-1.3875945,0.7804791,-0.03415048,-0.24895747,-1.138637
1238,Chamaecrista mimosoides,0.76771104,0.8041613,0.7917423,-0.024031281,0.90951556,-0.10535425
1239,Chamaecrista nictitans,0.87775785,0.4052756,0.88315475,-0.0053969026,0.61297077,-0.20769516
1240,Chamaecrista nomame,0.8078388,-0.18303351,0.8133305,-0.005491674,-0.48469383,0.3016603
1241,Chamaecyparis formosensis,0.80981296,0.652486,0.83630365,-0.026490688,0.78950626,-0.13702023
1242,Chamaecyparis obtusa,0.8948914,0.94745415,0.85151196,0.043379426,0.92711467,0.020339489
1243,Chamaecytisus hirsutus,0.8794384,0.9868391,0.8357968,0.043641627,0.9641565,0.022682607
1244,Chamaecytisus ruthenicus,0.8708961,0.80899984,0.8611035,0.009792626,0.8798934,-0.070893586
1245,Chamaecytisus supinus,0.8798502,0.44994342,0.8817351,-0.0018848777,0.9117594,-0.46181595
1246,Chamaedaphne calyculata,0.92474186,0.95373344,0.8974895,0.027252376,0.9768192,-0.023085773
1247,Chamaelirium luteum,0.8008447,0.5998711,0.82324624,-0.022401512,0.6102629,-0.010391772
1248,Chamaemelum nobile,0.9481363,0.9813864,0.94953066,-0.0013943315,0.9730246,0.008361816
1249,Chamaerhodos erecta,0.95669085,0.89533216,0.9218318,0.03485906,0.90528184,-0.009949684
1250,Chamaerhodos grandiflora,0.8895666,0.8618808,0.8999465,-0.0103799105,0.6828922,0.17898858
1251,Chamaerops humilis,0.95225865,0.604494,0.95894015,-0.006681502,0.75842476,-0.15393078
1252,Chamorchis alpina,0.9562359,0.97049385,0.9584535,-0.0022175908,0.8647315,0.10576236
1253,Chaptalia integerrima,0.88631356,0.7996509,0.66754353,0.21877003,0.6567262,0.14292473
1254,Chaptalia runcinata,0.9674374,0.9947431,0.71152216,0.25591522,0.66163754,0.33310556
1255,Chaptalia tomentosa,0.90646553,0.8649955,0.8761296,0.030335903,0.89950556,-0.034510076
1256,Chascolytrum subaristatum,0.9268963,0.81338435,0.6911015,0.23579478,0.63744736,0.175937
1257,Chasmanthium latifolium,0.9599542,0.9401525,0.9556925,0.0042616725,0.96221644,-0.022063911
1258,Chasmanthium laxum,0.7351668,0.6212678,0.70429665,0.03087014,0.64701706,-0.025749266
1259,Chasmanthium sessiliflorum,0.8853104,0.9281147,0.85597974,0.02933067,0.93253404,-0.004419327
1260,Chelidonium majus,0.72033644,0.7274387,0.7337517,-0.013415277,0.69812256,0.029316127
1261,Chengiodendron marginatum,0.834066,0.88621604,0.7590997,0.07496625,0.8714561,0.014759958
1262,Chengiodendron matsumuranum,0.63742244,0.32090756,0.6675432,-0.03012073,0.40110573,-0.08019817
1263,Chenopodium acuminatum,0.83154464,0.9402081,0.7665895,0.064955115,0.6837082,0.2564999
1264,Chenopodium album,0.6971288,0.01918868,0.58673954,0.11038923,0.33525398,-0.3160653
1265,Chenopodium desertorum,0.8734312,0.24168389,0.79324,0.080191195,-3.4031887,3.6448727
1266,Chenopodium nitrariaceum,0.97616756,0.9777897,0.9737071,0.0024604797,0.99164575,-0.013856053
1267,Chenopodium nutans,0.8606404,0.8157777,0.83893174,0.021708667,0.7911396,0.024638116
1268,Chenopodium polygonoides,0.91667926,0.91924345,0.9160351,0.0006441474,0.9147879,0.0044555664
1269,Chenopodium robertianum,0.80037665,0.8426592,0.79924285,0.0011337996,0.88057894,-0.03791976
1270,Chenopodium spinescens,0.91113514,0.90355015,0.9039324,0.0072027445,0.9003401,0.0032100677
1271,Chenopodium trigonon,0.82374406,0.31513375,0.7870519,0.036692142,0.9157533,-0.60061955
1272,Chenopodium wilsonii,0.84521025,0.9464002,0.77141744,0.073792815,0.92970306,0.016697168
1273,Cherleria arctica,0.9650116,0.71104366,0.9613889,0.0036227107,0.94588137,-0.23483771
1274,Cherleria biflora,0.9319881,0.9824386,0.914218,0.017770112,0.9978045,-0.015365899
1275,Cherleria obtusiloba,0.96686435,0.9411547,0.9546628,0.012201548,0.6318709,0.3092838
1276,Cherleria sedoides,0.9590292,0.95956534,0.96212983,-0.0031006336,0.9605488,-0.0009834766
1277,Chevreulia acuminata,0.78515244,0.69387436,0.3802628,0.40488964,-0.8931794,1.5870538
1278,Chilopsis linearis,0.86949414,0.9047512,0.87562627,-0.006132126,0.047286186,0.85746497
1279,Chimaphila maculata,0.9458193,0.92121744,0.94546473,0.00035458803,0.9134375,0.007779956
1280,Chimaphila menziesii,0.955993,0.7434049,0.96493274,-0.008939743,0.99626195,-0.25285703
1281,Chimaphila umbellata,0.96885586,0.97065675,0.9648411,0.0040147305,0.9840568,-0.013400018
1282,Chionanthus ramiflorus,0.9473832,0.93916357,0.91307807,0.034305155,0.86945087,0.0697127
1283,Chionanthus virginicus,0.82191914,0.8855883,0.78410304,0.037816107,0.5339856,0.35160267
1284,Chloranthus oldhamii,0.89100987,0.8845282,0.91824025,-0.027230382,0.8100008,0.07452744
1285,Chloris divaricata,0.857173,0.9291274,0.80172247,0.05545056,0.9643195,-0.035192132
1286,Chloris lobata,0.9251118,0.9635313,0.8500087,0.075103045,0.7797863,0.18374503
1287,Chloris pectinata,0.9169538,0.90206844,0.87157863,0.04537517,0.9321096,-0.030041158
1288,Chloris pilosa,0.85755295,0.8729908,0.89257807,-0.03502512,0.91813755,-0.045146763
1289,Chloris ventricosa,0.89056134,0.94237745,0.8581164,0.032444954,0.94883215,-0.006454706
1290,Chloroluma gonocarpa,0.84686,0.9280146,0.76917,0.077690005,0.59227544,0.33573914
1291,Chloroluma viridis,0.80812824,0.6360987,0.7806832,0.027445018,0.64186174,-0.005763054
1292,Chlorophytum comosum,0.8598518,0.8809601,0.7215562,0.13829559,-0.04962794,0.93058807
1293,Chondrilla juncea,0.87441546,0.7204932,0.8257444,0.048671067,0.9023894,-0.18189621
1294,Choriceras tricorne,0.9723257,0.95648676,0.97416353,-0.0018378496,0.9859072,-0.029420435
1295,Chorizema parviflorum,0.940043,0.552523,0.910437,0.029605985,0.39001632,0.1625067
1296,Chrysanthemum integrifolium,0.8583699,0.67262137,0.86129385,-0.0029239655,0.8516554,-0.17903405
1297,Chrysanthemum zawadzkii,0.9449932,0.9454997,0.88332975,0.06166345,0.7152483,0.23025143
1298,Chryselium gnaphalioides,0.5709892,0.09392029,0.39355674,0.17743245,-0.8817388,0.9756591
1299,Chrysocephalum apiculatum,0.7880971,0.876521,0.77014065,0.017956436,0.86219424,0.014326751
1300,Chrysocephalum semipapposum,0.86213714,0.88350487,0.85925806,0.0028790832,0.90427333,-0.020768464
1301,Chrysojasminum fruticans,0.91742784,0.97628057,0.9037914,0.01363641,0.89928955,0.07699102
1302,Chrysophyllum inornatum,0.8516483,0.8212178,0.81102824,0.04062003,0.7222635,0.09895426
1303,Chrysophyllum marginatum,0.9208072,0.88605773,0.76509434,0.15571284,0.5256706,0.36038715
1304,Chrysopogon fallax,0.7931055,0.64970225,0.70953774,0.08356774,0.55037284,0.09932941
1305,Chrysopogon gryllus,0.96649754,0.9791564,0.94460815,0.021889389,0.97552,0.0036363602
1306,Chrysopogon sylvaticus,0.96153575,0.97723514,0.936179,0.02535677,0.9658981,0.011337042
1307,Chrysopsis gossypina,0.8941965,0.86686945,0.8929095,0.0012869835,0.91963446,-0.05276501
1308,Chrysopsis mariana,0.64349663,-0.12177105,0.7149809,-0.07148427,0.22420095,-0.345972
1309,Chrysosplenium alternifolium,0.8648313,0.864312,0.859113,0.0057183504,0.86691284,-0.0026008487
1310,Chrysosplenium oppositifolium,0.89223087,0.8637789,0.88361496,0.008615911,0.7219526,0.14182627
1311,Chrysothamnus greenei,0.8559419,0.789656,0.8646824,-0.008740485,0.8696834,-0.0800274
1312,Chrysothamnus viscidiflorus,0.832203,0.68583405,0.79220486,0.039998114,0.6311493,0.05468476
1313,Chusquea tessellata,0.7626345,0.8375885,0.8007663,-0.038131773,0.84783286,-0.0102443695
1314,Cicerbita alpina,0.9048615,0.9181975,0.8969363,0.007925212,0.8334913,0.08470619
1315,Cichorium intybus,0.76437044,0.58176655,0.7724035,-0.008033037,0.21704137,0.36472517
1316,Cicuta maculata,0.9012778,0.6635894,0.807655,0.0936228,0.5147446,0.14884484
1317,Cicuta virosa,0.87484646,0.97902024,0.8735264,0.0013200641,0.9299173,0.049102962
1318,Cinna latifolia,0.9248191,0.93340755,0.9109707,0.013848424,0.34577933,0.58762825
1319,Cinnagrostis intermedia,0.61997247,0.32385543,0.5369146,0.08305788,0.25624985,0.067605585
1320,Cinnamodendron dinisii,0.81030446,0.8311633,0.6866878,0.123616636,0.3808828,0.4502805
1321,Cinnamomum insularimontanum,0.7475418,0.66768503,0.7571845,-0.00964272,0.71086377,-0.043178737
1322,Cinnamomum osmophloeum,0.71329474,0.7872812,0.64595413,0.06734061,0.8091749,-0.02189368
1323,Cinnamomum subavenium,0.8355683,0.7807125,0.78988445,0.04568386,0.7268086,0.053903878
1324,Circaea alpina,0.9029362,0.59583867,0.84566355,0.057272673,0.8655487,-0.26971
1325,Circaea lutetiana,0.80280244,0.8230328,0.80085933,0.0019431114,0.7735504,0.049482405
1326,Cirsium arvense,0.7628644,0.834458,0.7454994,0.017365038,0.886706,-0.052248
1327,Cirsium canum,0.9067368,0.94488585,0.88005483,0.02668196,0.93854153,0.0063443184
1328,Cirsium dissectum,0.8870313,0.96842736,0.87897897,0.008052349,0.95387655,0.014550805
1329,Cirsium eriophorum,0.8752107,0.92917037,0.87377447,0.0014362335,0.9984582,-0.06928784
1330,Cirsium erisithales,0.9534908,0.9430576,0.95268595,0.0008048415,0.9389306,0.0041270256
1331,Cirsium esculentum,0.8617723,0.87756777,0.88873315,-0.02696085,0.9410386,-0.06347084
1332,Cirsium filipendulum,0.91966313,0.9731276,0.9208242,-0.0011610985,0.98588824,-0.012760639
1333,Cirsium heterophyllum,0.8916136,-2.5602255,0.76040924,0.13120437,-1.8560537,-0.7041718
1334,Cirsium oleraceum,0.8624276,0.8889467,0.8601203,0.0023072958,0.9390701,-0.050123394
1335,Cirsium palustre,0.7843013,0.8471233,0.78017354,0.004127741,0.87172854,-0.024605215
1336,Cirsium pannonicum,0.92140114,0.9072904,0.91918516,0.0022159815,0.9335808,-0.026290417
1337,Cirsium repandum,0.9086608,0.9188599,0.9005772,0.0080836415,0.96369964,-0.04483974
1338,Cirsium rivulare,0.9330517,0.96294963,0.923015,0.010036707,0.97130305,-0.008353412
1339,Cirsium spinosissimum,0.95188683,0.8825318,0.960487,-0.008600175,0.8525116,0.030020237
1340,Cirsium tuberosum,0.9167288,0.7418887,0.8937659,0.022962868,0.83285916,-0.09097046
1341,Cirsium vulgare,0.7301418,0.76948273,0.7070947,0.02304709,0.7156982,0.05378455
1342,Cissus quadrangularis,0.76961744,-1.1376159,0.75301003,0.016607404,-1.5468239,0.40920794
1343,Cistus albidus,0.95932436,0.9286718,0.95698583,0.0023385286,0.9383586,-0.009686828
1344,Cistus creticus,0.8439515,0.43274242,0.89359915,-0.04964763,0.81732047,-0.38457805
1345,Cistus monspeliensis,0.9441637,0.9561746,0.94082433,0.0033393502,0.9734105,-0.017235875
1346,Citronella paniculata,0.73662794,0.51311123,0.64790046,0.088727474,0.2577359,0.25537533
1347,Citrullus colocynthis,0.9399442,0.936802,0.93378174,0.0061624646,0.8486363,0.0881657
1348,Citrullus naudinianus,0.79101074,0.7147726,0.7740265,0.016984224,0.58580434,0.12896824
1349,Cladium mariscus,0.9338649,0.9855261,0.89209765,0.04176724,0.9910011,-0.0054750443
1350,Claoxylon australe,0.98996115,0.9997011,0.98900574,0.00095540285,0.9619964,0.037704706
1351,Clausena anisata,0.9244663,0.9306839,0.8870786,0.03738773,0.92452335,0.0061605573
1352,Clausia aprica,0.8880665,0.964186,0.84890324,0.03916323,0.7484332,0.21575284
1353,Claytonia lanceolata,0.94722784,0.58125365,0.9266456,0.020582259,0.7103768,-0.12912315
1354,Cleistochloa subjuncea,0.91153675,0.93806267,0.8926177,0.01891905,0.9505755,-0.012512803
1355,Cleistochloa uncinulata,0.8745953,0.67883456,0.80252755,0.07206774,0.15879099,0.52004355
1356,Cleistogenes kitagawae,0.9616707,0.96984607,0.9431385,0.018532217,0.8992562,0.07058984
1357,Cleistogenes songorica,0.5836682,-0.074600875,0.7642198,-0.18055165,0.6249537,-0.69955456
1358,Cleistogenes squarrosa,0.9402463,0.9113116,0.9014805,0.038765788,0.9290448,-0.017733157
1359,Clematicissus opaca,0.904359,0.86782146,0.8472883,0.057070673,0.6299068,0.23791468
1360,Clematis alpina,0.8285422,0.9527003,0.7364992,0.09204298,0.92681366,0.025886655
1361,Clematis aristata,0.9733036,0.9568273,0.96666694,0.006636679,0.96954495,-0.012717664
1362,Clematis cirrhosa,0.94463646,0.8676947,0.9283353,0.016301155,0.5986988,0.26899588
1363,Clematis crispa,0.88651264,0.659636,0.88114935,0.0053632855,0.91326016,-0.25362414
1364,Clematis flammula,0.91073895,0.84207827,0.9096154,0.0011235476,0.8620203,-0.019942045
1365,Clematis glycinoides,0.9537494,0.93516403,0.93920606,0.0145433545,0.94003713,-0.004873097
1366,Clematis hexapetala,0.94408834,0.9732377,0.77918804,0.1649003,0.65203846,0.32119924
1367,Clematis occidentalis,0.92841154,0.6828372,0.9087868,0.01962477,0.7637453,-0.08090812
1368,Clematis simensis,0.8421134,0.5646459,0.84269494,-0.0005815625,0.7266072,-0.16196132
1369,Clematis viorna,0.746948,-0.07802024,0.7045749,0.04237312,0.8348861,-0.9129063
1370,Clematis virginiana,0.71981215,0.53005683,0.7565222,-0.036710024,0.5206209,0.009435952
1371,Clematis vitalba,0.793319,0.649413,0.7907488,0.002570212,0.7008275,-0.05141449
1372,Cleome viscosa,0.8715099,-0.0873734,0.86017305,0.011336863,0.46447054,-0.55184394
1373,Clerodendrum cyrtophyllum,0.9359816,0.9586776,0.95469236,-0.018710792,0.9740062,-0.015328586
1374,Clerodendrum floribundum,0.83078086,0.96834344,0.81540793,0.015372932,0.8687601,0.09958333
1375,Clerodendrum johnstonii,0.7990316,0.5398061,0.82550454,-0.026472926,0.95747876,-0.41767263
1376,Clerodendrum ternatum,0.9215776,0.6717299,0.81780744,0.10377014,0.36016482,0.3115651
1377,Clerodendrum tomentosum,0.96214014,0.9976442,0.961787,0.00035315752,0.99766606,-2.1874905e-05
1378,Clerodendrum trichotomum,0.58206075,-0.39123595,0.60781944,-0.025758684,-0.8281423,0.43690634
1379,Clethra acuminata,0.8890426,0.8481012,0.8924661,-0.003423512,0.7993893,0.048711896
1380,Clethra alnifolia,0.9051441,0.82488036,0.88774574,0.017398357,0.8299349,-0.0050545335
1381,Cleyera japonica,0.59556115,-0.004729031,0.6683284,-0.07276726,0.3466965,-0.35142553
1382,Cliffortia nitidula,0.83579826,-0.23615493,0.92059994,-0.084801674,0.92872745,-1.1648824
1383,Clinopodium alpinum,0.86747503,0.875085,0.8714098,-0.003934741,0.9448586,-0.069773614
1384,Clinopodium grandiflorum,0.9285785,0.9829856,0.92251253,0.0060659647,0.98159367,0.0013919473
1385,Clinopodium nepeta,0.81152487,-0.59588933,0.8589369,-0.047412038,0.62285763,-1.2187469
1386,Clinopodium nubigenum,0.8177084,0.8342673,0.7684524,0.049255967,0.6785695,0.15569782
1387,Clinopodium vulgare,0.7274411,0.6623689,0.74181986,-0.014378786,0.6736113,-0.01124239
1388,Clintonia borealis,0.9547745,0.92665815,0.9532988,0.0014756918,0.9102364,0.016421735
1389,Clintonia umbellulata,0.9097292,0.7545375,0.9092303,0.0004988909,0.89496845,-0.14043093
1390,Clintonia uniflora,0.90809906,0.832172,0.89302063,0.015078425,0.8528313,-0.020659328
1391,Clitoria mariana,0.8961965,0.6888139,0.8897896,0.0064069033,0.9165199,-0.22770596
1392,Clutia abyssinica,0.8480842,0.8163381,0.8175277,0.0305565,0.64939225,0.16694587
1393,Cnidoscolus stimulosus,0.864913,0.8499397,0.8752195,-0.010306537,0.8688695,-0.01892978
1394,Coccoloba warmingii,0.832622,0.8022022,0.7681736,0.064448416,0.5405586,0.26164365
1395,Cochlearia officinalis,0.90206206,0.25336954,0.88238055,0.019681513,0.52405393,-0.2706844
1396,Cochlospermum gillivraei,0.8786384,0.8862629,0.8303521,0.04828626,0.80698234,0.079280555
1397,Codonacanthus pauciflorus,0.79781425,0.76578015,0.7935231,0.004291177,0.7413556,0.024424553
1398,Coelospermum decipiens,0.96575874,0.96223944,0.9535241,0.012234628,0.9870472,-0.024807751
1399,Coelospermum reticulatum,0.85508186,0.86570776,0.8256148,0.029467046,0.805246,0.06046176
1400,Colchicum autumnale,0.8310809,0.8964236,0.82657355,0.004507363,0.93881863,-0.042395055
1401,Coleataenia anceps,0.73119724,-0.46185344,0.6874274,0.043769836,-0.2971138,-0.16473964
1402,Coleogyne ramosissima,0.9542361,0.9707313,0.92777216,0.026463926,0.9664923,0.0042390227
1403,Coleus sylvestris,0.81547105,0.90421104,0.60250545,0.21296561,-0.67844903,1.5826601
1404,Collinsonia canadensis,0.8579047,0.6658973,0.90150315,-0.043598473,0.91352195,-0.24762464
1405,Collomia linearis,0.90725315,0.07358253,0.84319514,0.064058006,0.4850224,-0.41143987
1406,Colophospermum mopane,0.9838766,0.9737888,0.9514563,0.032420278,0.93138456,0.042404234
1407,Colutea arborescens,0.9145555,0.6976893,0.9189403,-0.0043848157,0.9345144,-0.23682511
1408,Comandra umbellata,0.79536647,0.18374404,0.8264096,-0.031043112,0.5841985,-0.40045443
1409,Comarum palustre,0.89434946,0.90722775,0.8706202,0.023729265,0.8984199,0.008807838
1410,Comastoma tenellum,0.9684691,0.2895742,0.9728049,-0.0043358207,0.70334494,-0.41377074
1411,Combretum collinum,0.90923524,0.7309186,0.69685817,0.21237707,0.46609116,0.26482743
1412,Combretum engleri,0.7058322,0.39056557,0.7620845,-0.0562523,0.6626213,-0.27205575
1413,Combretum glutinosum,0.64520526,0.26715994,0.5418461,0.10335916,0.16727643,0.09988351
1414,Combretum micranthum,0.49038464,-0.45598522,0.44359758,0.046787053,-0.39318335,-0.06280187
1415,Combretum molle,0.67984116,-1.8203262,0.76413524,-0.08429408,-0.6817826,-1.1385436
1416,Combretum psidioides,0.95616823,0.9486309,0.917611,0.03855723,0.85405684,0.094574094
1417,Combretum zeyheri,0.91899574,0.9101301,0.87860656,0.04038918,0.6483518,0.2617783
1418,Commelina africana,0.58381987,-1.7192117,0.52244616,0.06137371,-1.2395853,-0.47962642
1419,Commelina erecta,0.8739058,0.883558,0.8802905,-0.0063847303,0.8129629,0.070595086
1420,Commelina lanceolata,0.84878695,0.9322045,0.7552762,0.09351075,0.46507737,0.4671271
1421,Commelina virginica,0.89882195,0.8090513,0.89755356,0.0012683868,0.94730484,-0.13825357
1422,Commiphora africana,0.7082673,-0.05804383,0.6959625,0.012304783,0.0389411,-0.09698493
1423,Condaliopsis obtusifolia,0.66659266,-0.3370207,0.74920654,-0.082613885,0.7570253,-1.094046
1424,Coniogramme intermedia,0.7597816,0.7838321,0.792823,-0.033041418,0.6608504,0.12298167
1425,Conioselinum scopulorum,0.9622303,0.97146505,0.9523508,0.0098795295,0.8566578,0.11480725
1426,Conioselinum tataricum,0.82891285,-1.0707756,0.6896326,0.13928026,0.7253955,-1.7961712
1427,Conopholis americana,0.88366735,0.8199617,0.89552575,-0.011858404,0.9478694,-0.1279077
1428,Conopodium majus,0.87034893,0.8338562,0.86618817,0.004160762,0.85471946,-0.020863235
1429,Convallaria majalis,0.803901,0.7664061,0.8092118,-0.005310774,0.8211934,-0.05478728
1430,Convolvulus althaeoides,0.90610874,-0.09442982,0.89710295,0.009005785,0.5824594,-0.6768892
1431,Convolvulus ammannii,0.7920917,0.71706057,0.80394393,-0.011852205,0.75525534,-0.038194776
1432,Convolvulus arvensis,0.74258506,0.74403524,0.7178755,0.024709582,0.6572232,0.08681202
1433,Convolvulus cantabrica,0.89728445,0.8412061,0.87696034,0.020324111,0.7358591,0.10534698
1434,Convolvulus gortschakovii,0.89270365,0.7815104,0.8208215,0.07188213,0.7713523,0.010158122
1435,Convolvulus trabutianus,0.91555184,0.9374727,0.7949415,0.12061036,0.8040575,0.13341522
1436,Copaifera trapezifolia,0.87604856,0.7704131,0.83779454,0.038254023,0.68020046,0.09021264
1437,Coptis occidentalis,0.93832517,0.9212603,0.9412095,-0.0028843284,0.9250748,-0.0038145185
1438,Coptosperma graveolens,0.9105566,0.8498502,0.8720051,0.03855151,0.82167417,0.02817601
1439,Corallorhiza trifida,0.8594422,-1.7911166,0.84883845,0.010603726,0.7326699,-2.5237865
1440,Corchorus aestuans,0.89990276,0.6780553,0.80337286,0.0965299,0.3251723,0.35288298
1441,Corchorus erodioides,0.621659,0.20505281,0.47741935,0.14423963,0.08671158,0.11834123
1442,Corchorus sericeus,0.96822965,0.9584523,0.93743676,0.030792892,0.9636536,-0.0052013397
1443,Corchorus sidoides,0.9062113,0.983515,0.83032644,0.07588488,0.97202176,0.011493266
1444,Corchorus tridens,0.9385843,0.94839036,0.89447176,0.044112563,0.93532765,0.0130627155
1445,Cordia americana,0.94562215,0.9257221,0.91178405,0.033838093,0.8649976,0.060724497
1446,Cordia ecalyculata,0.87687266,0.96789634,0.76985013,0.107022524,0.58826005,0.3796363
1447,Cordia trichotoma,0.8954158,0.93600434,0.8106692,0.0847466,0.75741035,0.178594
1448,Cordiera concolor,0.81724185,0.79159254,0.80517334,0.01206851,0.678555,0.11303753
1449,Coreopsis linifolia,0.86816734,0.3160996,0.85798466,0.010182679,0.36161974,-0.045520127
1450,Corethrodendron fruticosum,0.77564746,0.8405467,0.49412125,0.2815262,0.13353716,0.70700955
1451,Coriaria myrtifolia,0.9579101,0.8180787,0.92725694,0.030653179,0.6868675,0.13121122
1452,Coris monspeliensis,0.94455266,0.73137474,0.9438517,0.0007009506,0.77922446,-0.047849715
1453,Corispermum sibiricum,0.9504423,0.9608838,0.9526138,-0.0021714568,0.9511177,0.009766102
1454,Cormus domestica,0.88083637,0.83152187,0.90021145,-0.019375086,0.8631128,-0.03159094
1455,Cornus alternifolia,0.89075327,0.82970333,0.9077835,-0.01703024,0.8518676,-0.022164285
1456,Cornus canadensis,0.9679017,0.995316,0.9561047,0.011797011,0.99482524,0.00049078465
1457,Cornus controversa,0.878038,0.8607255,0.8719621,0.0060759187,0.7924001,0.0683254
1458,Cornus florida,0.7345909,0.54850996,0.7390432,-0.004452288,0.55412084,-0.0056108832
1459,Cornus foemina,0.84662914,0.87982106,0.78272605,0.06390309,0.8749473,0.0048737526
1460,Cornus mas,0.8531144,0.8420986,0.8557027,-0.002588272,0.884366,-0.042267382
1461,Cornus sanguinea,0.8274701,0.8051047,0.82980204,-0.0023319125,0.7952048,0.009899855
1462,Cornus suecica,0.9322477,0.84777296,0.93329734,-0.0010496378,0.8484751,-0.0007021427
1463,Cornus volkensii,0.87392265,0.89873415,0.6446562,0.22926646,-0.009916808,0.90865093
1464,Coronilla minima,0.9218186,0.94884306,0.9167995,0.0050191283,0.9206139,0.028229177
1465,Coronilla scorpioides,0.84230363,-0.73129475,0.84264874,-0.0003451109,-1.2752093,0.54391456
1466,Coronilla varia,0.8573494,0.92191565,0.83505815,0.022291243,0.9385435,-0.016627848
1467,Cortaderia nitida,0.65328056,0.49054816,0.6428168,0.010463774,0.52960676,-0.039058596
1468,Corydalis cava,0.85252446,0.8799736,0.8492986,0.003225863,0.88802105,-0.0080474615
1469,Corylus avellana,0.7596289,0.7316386,0.74545985,0.014169037,0.6993355,0.032303095
1470,Corylus cornuta,0.9810903,0.9949888,0.98302734,-0.0019370317,0.9993017,-0.004312873
1471,Corylus heterophylla,0.9665,0.9637273,0.95451295,0.0119870305,0.9510294,0.0126978755
1472,Corylus sieboldiana,0.86750376,0.6310435,0.87977886,-0.0122751,0.78628093,-0.15523744
1473,Corymbia aparrerinja,0.96752965,0.8627588,0.894008,0.07352167,0.90175444,-0.038995624
1474,Corymbia brachycarpa,0.96698457,0.9990929,0.95519245,0.011792123,0.99586946,0.0032234192
1475,Corymbia capricornia,0.96029633,0.9615978,0.45336854,0.5069278,-2.4296794,3.3912773
1476,Corymbia citriodora,0.9355031,0.9582045,0.9169398,0.01856333,0.9520585,0.0061460137
1477,Corymbia clarksoniana,0.8943532,0.884397,0.86738396,0.026969254,0.8400909,0.0443061
1478,Corymbia confertiflora,0.87402904,0.8227051,0.77574635,0.098282695,0.7349239,0.08778119
1479,Corymbia dallachiana,0.833037,0.7744607,0.7843616,0.048675418,0.7655408,0.008919895
1480,Corymbia erythrophloia,0.88576007,0.93604577,0.83896035,0.04679972,0.8896717,0.046374083
1481,Corymbia gummifera,0.9782921,0.9988622,0.98072624,-0.0024341345,0.9879707,0.010891497
1482,Corymbia hylandii,0.91274387,0.94350225,0.88960594,0.023137927,0.9097924,0.033709824
1483,Corymbia intermedia,0.9504964,0.94387054,0.94172573,0.008770645,0.9382251,0.005645454
1484,Corymbia leichhardtii,0.9701849,0.9878173,0.95769817,0.012486756,0.96220255,0.025614738
1485,Corymbia maculata,0.99281234,0.9982787,0.99191225,0.00090008974,0.99370486,0.004573822
1486,Corymbia nesophila,0.95152235,0.8827197,0.9328406,0.018681765,0.8866057,-0.0038859844
1487,Corymbia pocillum,0.94572604,0.9733705,0.8876614,0.05806464,0.94724935,0.02612114
1488,Corymbia polycarpa,0.9075964,0.90830964,0.7102203,0.19737613,0.14771791,0.76059175
1489,Corymbia setosa,0.8836067,0.94871116,0.7942636,0.08934307,0.91955286,0.029158294
1490,Corymbia stockeri,0.9445265,0.93070894,0.8853343,0.05919218,0.80190635,0.1288026
1491,Corymbia terminalis,0.9335219,0.86500466,0.8872128,0.046309114,0.8756685,-0.010663867
1492,Corymbia tessellaris,0.8700436,0.8801371,0.8558482,0.014195383,0.9111332,-0.030996144
1493,Corymbia trachyphloia,0.92076343,0.97567844,0.8936196,0.027143836,0.98871064,-0.013032198
1494,Corymbia variegata,0.9673227,0.98407835,0.9452121,0.022110581,0.9835719,0.00050646067
1495,Corynephorus canescens,0.9204104,0.96134317,0.9077889,0.012621522,0.9607309,0.0006122589
1496,Cota tinctoria,0.8296213,0.70457,0.89921784,-0.06959653,0.888423,-0.18385303
1497,Cotinus coggygria,0.8869053,0.96682894,0.89145553,-0.0045502186,0.95584,0.010988951
1498,Cotoneaster integerrimus,0.8977975,0.7379795,0.85734785,0.04044968,0.8348456,-0.09686613
1499,Cotoneaster tomentosus,0.903417,0.9754146,0.8629852,0.040431798,0.9429306,0.032483995
1500,Cotula australis,0.9214785,0.72007084,0.90285426,0.018624246,0.910489,-0.19041818
1501,Coussapoa microcarpa,0.84824026,0.7775559,0.84569526,0.0025449991,0.83928937,-0.061733484
1502,Coussarea contracta,0.8205753,0.7682087,0.7501956,0.070379674,0.46787098,0.3003377
1503,Coutarea hexandra,0.8166198,0.75084645,0.7253228,0.09129703,0.28012326,0.47072318
1504,Crassocephalum montuosum,0.8149379,0.6306379,0.7999637,0.014974177,0.80123895,-0.17060107
1505,Crassula colorata,0.9365356,0.9562403,0.92956537,0.0069702268,0.9314549,0.0247854
1506,Crassula sieberiana,0.89709735,0.92078954,0.88532174,0.011775613,0.8587159,0.062073648
1507,Crataegus laevigata,0.79769737,0.8496059,0.7851304,0.012566984,0.9040968,-0.054490864
1508,Crataegus marshallii,0.8430441,0.58792645,0.80873823,0.03430587,0.9119448,-0.32401836
1509,Crataegus monogyna,0.7043973,0.5267965,0.69633603,0.00806129,0.55916804,-0.03237152
1510,Crataegus spathulata,0.8851606,0.9836723,0.88628745,-0.0011268258,0.951029,0.03264332
1511,Crataegus uniflora,0.83112836,0.4762159,0.7899594,0.041168988,0.83200073,-0.35578483
1512,Crataegus viridis,0.88354343,0.93993545,0.8671645,0.01637894,0.99336445,-0.053429008
1513,Cratystylis conocephala,0.99197996,0.9792436,0.9715009,0.020479083,0.96098983,0.018253744
1514,Crepidiastrum tenuifolium,0.8296859,0.6968529,0.85181385,-0.022127926,0.69519424,0.001658678
1515,Crepis acuminata,0.85605735,0.9230689,0.83483773,0.021219611,0.94184864,-0.018779755
1516,Crepis aurea,0.93704534,0.96824735,0.93872726,-0.0016819239,0.9485742,0.019673169
1517,Crepis capillaris,0.8276556,0.8967691,0.8051468,0.0225088,0.96234107,-0.065571964
1518,Crepis crocea,0.776655,0.28675073,0.77089435,0.0057606697,0.3718016,-0.08505088
1519,Crepis foetida,0.8795408,-0.06922759,0.8767277,0.0028131008,0.8408856,-0.91011316
1520,Crepis fraasii,0.7932004,0.68550974,0.8126087,-0.019408345,0.81342775,-0.127918
1521,Crepis jacquinii,0.95396924,0.9611491,0.9574825,-0.0035132766,0.998176,-0.037026882
1522,Crepis leontodontoides,0.9075597,0.9673163,0.8837926,0.023767114,0.770183,0.1971333
1523,Crepis mollis,0.9159588,0.98403364,0.88809985,0.027858973,0.98187846,0.0021551847
1524,Crepis neglecta,0.86700904,0.92564327,0.84368384,0.023325205,0.7726055,0.15303779
1525,Crepis paludosa,0.78065,0.8336759,0.7513201,0.029329896,0.8269236,0.006752312
1526,Crepis praemorsa,0.88108474,0.12957329,0.7912443,0.08984041,0.8394995,-0.7099262
1527,Crepis pyrenaica,0.94422776,0.901935,0.9252581,0.018969655,0.95033926,-0.048404276
1528,Crepis sancta,0.9164578,0.9614132,0.886793,0.029664755,0.9815373,-0.020124078
1529,Crepis setosa,0.9045491,-0.47800997,0.84266406,0.06188506,0.4947665,-0.9727765
1530,Crepis sibirica,0.9595127,0.9946569,0.9330522,0.026460528,0.91513306,0.07952386
1531,Crepis vesicaria,0.81257474,0.7760973,0.81478775,-0.0022130013,0.743332,0.03276527
1532,Crinum flaccidum,0.5892749,-0.84129953,0.51718765,0.07208723,-1.1876384,0.34633887
1533,Crithmum maritimum,0.966223,0.99889195,0.9614016,0.0048214197,0.76432467,0.23456728
1534,Crocanthemum carolinianum,0.9362657,0.93250847,0.93483377,0.001431942,0.9112941,0.021214366
1535,Crotalaria brevis,0.82690436,0.829135,0.7917627,0.035141647,0.78333586,0.045799136
1536,Crotalaria calycina,0.8897052,0.68920255,0.89992934,-0.0102241635,0.838621,-0.14941847
1537,Crotalaria leptocarpa,0.9627361,0.88741773,0.8833441,0.079392016,0.51174545,0.37567228
1538,Crotalaria medicaginea,0.8239047,0.70863855,0.81347466,0.010430038,0.750766,-0.04212743
1539,Crotalaria montana,0.78376544,0.54257023,0.8021408,-0.018375337,0.62741935,-0.08484912
1540,Crotalaria novae-hollandiae,0.8894413,0.97302467,0.7822362,0.10720509,0.9369529,0.036071777
1541,Crotalaria purshii,0.890699,0.84922177,0.8765206,0.014178455,0.8825214,-0.033299625
1542,Crotalaria rotundifolia,0.9635015,0.9452202,0.95746684,0.0060346723,0.9448677,0.00035250187
1543,Croton argyranthemus,0.9158407,0.9485322,0.8895925,0.026248157,0.9496409,-0.001108706
1544,Croton arnhemicus,0.84992194,0.8348377,0.83677316,0.013148785,0.5015092,0.3333285
1545,Croton dichogamus,0.9289427,0.9640678,0.8289279,0.100014806,0.41579533,0.5482725
1546,Croton gratissimus,0.94991326,0.9329412,0.86767125,0.08224201,0.8008028,0.13213837
1547,Croton macrostachyus,0.85517997,0.8042533,0.802923,0.05225694,0.41393843,0.39031485
1548,Croton socotranus,0.7352703,0.45875788,0.58878124,0.14648908,0.27315018,0.1856077
1549,Crucianella angustifolia,0.83171487,0.47257784,0.8633072,-0.03159231,0.9127634,-0.44018558
1550,Crucianella hirta,0.6746269,0.24256507,0.51215357,0.16247332,-0.21629566,0.45886073
1551,Crucianella latifolia,0.9590339,0.6596283,0.9399049,0.019128978,0.70796293,-0.04833466
1552,Crucianella maritima,0.97179914,0.98481137,0.96484596,0.00695318,0.8098764,0.17493498
1553,Cruciata glabra,0.8238104,0.84044147,0.82316786,0.00064253807,0.83780867,0.0026327968
1554,Cruciata laevipes,0.77129513,0.83442706,0.76240784,0.008887291,0.91968536,-0.085258305
1555,Crupina crupinastrum,0.92648333,0.08985186,0.9112438,0.015239537,0.703392,-0.6135402
1556,Crupina vulgaris,0.92551196,0.70000017,0.9171091,0.008402884,0.91767424,-0.21767408
1557,Cryptocarya aschersoniana,0.8571607,0.8123426,0.7806387,0.07652199,0.66491616,0.14742643
1558,Cryptocarya chinensis,0.80199355,0.6691863,0.77429503,0.027698517,0.6461493,0.023037016
1559,Cryptocarya exfoliata,0.9696705,0.99718183,0.94705945,0.022611022,0.9983839,-0.0012020469
1560,Cryptocarya hypospodia,0.95526844,0.6514862,0.94419515,0.011073291,0.9699002,-0.31841397
1561,Cryptocarya mandioccana,0.837853,0.74840724,0.81658924,0.021263778,0.73969704,0.008710206
1562,Cryptocarya meisneriana,0.9792711,0.99726945,0.97469676,0.0045743585,0.99763477,-0.00036531687
1563,Cryptocarya microneura,0.98304176,0.9862363,0.97925156,0.0037901998,0.971768,0.014468253
1564,Cryptocarya triplinervis,0.82506436,0.8455086,0.81849575,0.0065686107,0.7843677,0.061140895
1565,Cryptogramma crispa,0.9513061,0.98358065,0.94340956,0.007896543,0.99761593,-0.0140352845
1566,Cryptosepalum exfoliatum,0.84823287,0.67442816,0.5693867,0.27884614,0.3338694,0.34055877
1567,Cryptotaenia canadensis,0.81147355,0.8487456,0.7932067,0.018266857,0.66154814,0.18719745
1568,Ctenitis subglandulosa,0.8381963,0.8324896,0.8840068,-0.04581052,0.8775452,-0.04505557
1569,Ctenium aromaticum,0.89515924,0.9231222,0.86999524,0.025164008,0.8247031,0.09841913
1570,Cucumis melo,0.93030113,0.96858436,0.85890144,0.07139969,0.40972343,0.5588609
1571,Cullen cinereum,0.91964746,0.9805092,0.8718703,0.047777176,0.5052942,0.47521502
1572,Cullen tenax,0.9441658,0.97616065,0.9276296,0.016536236,0.89578015,0.0803805
1573,Cupania vernalis,0.8450419,0.7187536,0.7189586,0.12608325,0.48812193,0.23063165
1574,Cupaniopsis anacardioides,0.8899678,0.83691597,0.8739635,0.016004324,0.7622609,0.074655056
1575,Cupaniopsis newmanii,0.7224437,0.5847825,0.74300635,-0.020562649,0.694727,-0.10994452
1576,Curculigo ensifolia,0.79596204,0.8359258,0.79171294,0.004249096,0.8724099,-0.036484063
1577,Cuscuta epithymum,0.7441178,-0.29479402,0.72781044,0.016307354,-0.5488281,0.2540341
1578,Cuscuta kilimanjari,0.7654647,0.40537018,0.55472755,0.21073717,-0.22151996,0.6268901
1579,Cyanthillium cinereum,0.78772736,0.4825049,0.778792,0.008935332,0.3336879,0.148817
1580,Cyathea corcovadensis,0.80311984,0.8200016,0.771463,0.03165686,0.78741974,0.032581866
1581,Cyathea delgadii,0.92477256,0.851691,0.92280924,0.0019633174,0.8872391,-0.03554809
1582,Cyathea phalerata,0.8845729,0.8327903,0.8314394,0.053133547,0.6651563,0.16763401
1583,Cyathula cylindrica,0.79763603,0.6161811,0.6999594,0.097676635,0.21917728,0.3970038
1584,Cyclamen hederifolium,0.9096446,0.9538754,0.90208197,0.0075626373,0.9726904,-0.018814981
1585,Cyclamen purpurascens,0.961086,0.951029,0.9667769,-0.0056909323,0.9607518,-0.009722769
1586,Cyclamen repandum,0.9398712,0.95132023,0.94542176,-0.0055505633,0.97390187,-0.022581637
1587,Cyclophyllum coprosmoides,0.87679744,0.9098628,0.8386686,0.038128853,0.70482886,0.20503396
1588,Cylindropuntia acanthocarpa,0.9374783,0.97094786,0.9245599,0.012918413,0.84328175,0.12766612
1589,Cylindropuntia bigelovii,0.97583777,0.9877621,0.97190225,0.003935516,0.9864149,0.0013471842
1590,Cylindropuntia echinocarpa,0.80130243,-3.9279873,0.81122607,-0.009923637,-2.8413205,-1.0866668
1591,Cylindropuntia fulgida,0.96466184,0.94231504,0.9739513,-0.0092894435,0.9866936,-0.04437858
1592,Cylindropuntia imbricata,0.8655173,0.8045414,0.8106522,0.05486512,0.777328,0.027213395
1593,Cylindropuntia leptocaulis,0.87159306,0.63002825,0.8337342,0.037858844,0.046223667,0.5838046
1594,Cylindropuntia ramosissima,0.9511925,0.73907226,0.9405894,0.01060307,0.85737896,-0.1183067
1595,Cylindropuntia whipplei,0.92237246,0.5524923,0.897718,0.024654448,0.774465,-0.2219727
1596,Cymbaria daurica,0.9181746,0.9140122,0.8848291,0.03334552,0.8435577,0.07045448
1597,Cymbonotus lawsonianus,0.9503521,0.96987385,0.94542813,0.0049239397,0.9474953,0.022378564
1598,Cymbopogon ambiguus,0.917463,0.94448054,0.8637654,0.053697586,0.82209855,0.122381985
1599,Cymbopogon bombycinus,0.8828771,0.90638673,0.84547514,0.037401974,0.7528782,0.15350854
1600,Cymbopogon obtectus,0.85691386,0.9684039,0.7682513,0.088662565,0.65791076,0.3104931
1601,Cymbopogon refractus,0.8286854,0.8409653,0.8119109,0.016774476,0.8083275,0.032637775
1602,Cynanchica aristata,0.84664714,0.28445053,0.8297861,0.016861022,0.7816528,-0.49720228
1603,Cynanchica pyrenaica,0.8357788,0.8927134,0.8159613,0.019817472,0.8984682,-0.005754769
1604,Cynanchum acutum,0.9611039,-0.8715522,0.93181956,0.029284358,0.5137384,-1.3852906
1605,Cynanchum altiscandens,0.548114,-0.19588014,0.8725869,-0.3244729,0.6599871,-0.85586727
1606,Cynanchum viminale,0.7796927,-1.0807534,0.67253727,0.10715544,-2.1344242,1.0536708
1607,Cynodon convergens,0.9337901,0.8472043,0.86324286,0.07054722,0.9117905,-0.06458616
1608,Cynodon dactylon,0.8499258,0.9202598,0.8200558,0.029870033,0.9237469,-0.0034871101
1609,Cynoglossum officinale,0.8951612,0.90590006,0.91220593,-0.017044723,0.9729875,-0.06708741
1610,Cynosurus cristatus,0.704265,0.6313823,0.69109964,0.013165355,0.67010266,-0.03872037
1611,Cyperus bifax,0.872548,0.90887535,0.78213805,0.090409935,0.82845086,0.08042449
1612,Cyperus capitatus,0.97576195,0.91566443,0.9687129,0.007049024,0.9853364,-0.06967199
1613,Cyperus derreilema,0.76560146,0.78514266,0.6776136,0.08798784,0.25867063,0.52647203
1614,Cyperus difformis,0.82136387,0.953795,0.7747266,0.046637237,0.9263573,0.027437687
1615,Cyperus enervis,0.88125694,0.9467298,0.8412681,0.039988816,0.5727998,0.37392998
1616,Cyperus exaltatus,0.74913746,-2.4034142,0.69569725,0.053440213,-3.3492343,0.9458201
1617,Cyperus fulvus,0.7556617,0.81376004,0.76007396,-0.004412234,0.8193556,-0.005595565
1618,Cyperus fuscus,0.83068645,0.40783525,0.83451796,-0.0038315058,-0.49792215,0.9057574
1619,Cyperus gracilis,0.81758183,0.8387985,0.79904246,0.01853937,0.80215204,0.036646485
1620,Cyperus gunnii,0.7446778,0.19741254,0.7656032,-0.020925403,0.55431455,-0.356902
1621,Cyperus haspan,0.7773101,-3.5309274,0.74759734,0.029712737,-0.8234318,-2.7074957
1622,Cyperus iria,0.8248026,0.3072184,0.7910435,0.033759058,-0.32384008,0.63105845
1623,Cyperus kerstenii,0.7297577,0.13659081,0.9025885,-0.17283076,0.8906565,-0.75406563
1624,Cyperus laevis,0.9159326,0.94142544,0.8675195,0.048413098,0.96222186,-0.020796418
1625,Cyperus longus,0.8855356,0.9847969,0.844442,0.041093588,0.98235476,0.0024421215
1626,Cyperus margaritaceus,0.86165154,0.2528526,0.88262415,-0.02097261,0.64470017,-0.39184758
1627,Cyperus plukenetii,0.9168414,0.94902134,0.9152693,0.0015720725,0.97337574,-0.024354398
1628,Cyperus polystachyos,0.7451015,0.70273966,0.7242636,0.020837903,0.6341272,0.06861246
1629,Cyperus rotundus,0.8541782,-6.238451,0.84176075,0.012417436,-4.3463697,-1.8920813
1630,Cyperus sesquiflorus,0.81495786,-0.47995237,0.8017705,0.013187349,-0.34775954,-0.13219282
1631,Cyperus victoriensis,0.8352217,0.827287,0.7416967,0.09352499,-1.4346453,2.2619324
1632,Cyphostemma kilimandscharicum,0.9043704,0.8540553,0.7070155,0.19735491,0.2935954,0.56045985
1633,Cypripedium acaule,0.8403153,0.9003649,0.82541656,0.014898717,0.8903061,0.010058761
1634,Cyrilla racemiflora,0.88331604,0.91697556,0.8635627,0.019753337,0.8638814,0.05309415
1635,Cystopteris alpina,0.93248004,0.85104823,0.9351198,-0.0026397705,0.9100336,-0.058985353
1636,Cystopteris fragilis,0.8205749,0.7486918,0.7886514,0.031923473,0.89417577,-0.14548397
1637,Cystopteris montana,0.9031107,-1.9464649,0.90128064,0.0018300414,-0.97736204,-0.96910286
1638,Cytisophyllum sessilifolium,0.934213,0.91211325,0.9369605,-0.0027475357,0.97740597,-0.065292716
1639,Cytisus nigricans,0.88205117,0.92317426,0.8565929,0.025458276,0.7375589,0.18561536
1640,Cytisus scoparius,0.8949208,0.96899337,0.89412475,0.00079607964,0.96132845,0.007664919
1641,Cytisus villosus,0.9561454,0.9489409,0.9641826,-0.0080372095,0.97878015,-0.029839277
1642,Daboecia cantabrica,0.9525338,0.9574849,0.9566445,-0.004110694,0.90204316,0.055441737
1643,Dactylis glomerata,0.65356696,0.3467148,0.64110476,0.012462199,0.33587706,0.010837734
1644,Dactyloctenium aegyptium,0.83740187,0.31955177,0.8785297,-0.04112786,0.6828135,-0.36326176
1645,Dactyloctenium radulans,0.83189887,0.718056,0.76229376,0.06960511,0.4669958,0.25106022
1646,Dactylorhiza fuchsii,0.81157637,0.84945047,0.77786136,0.03371501,0.9842135,-0.134763
1647,Dactylorhiza incarnata,0.8754439,0.6944673,0.82506603,0.050377846,0.57644993,0.118017375
1648,Dactylorhiza maculata,0.7113586,0.66527814,0.70644677,0.00491184,0.6641718,0.0011063218
1649,Dactylorhiza majalis,0.80555046,0.90991503,0.8276833,-0.022132874,0.8415727,0.06834233
1650,Dactylorhiza sambucina,0.8626479,0.95965976,0.8332024,0.02944547,0.9739516,-0.014291823
1651,Dactylorhiza viridis,0.90435886,0.9147995,0.88889986,0.015459001,0.6170249,0.2977746
1652,Dalbergia brasiliensis,0.87031406,0.858623,0.76906025,0.10125381,0.63149667,0.22712636
1653,Dalbergia frutescens,0.8029799,0.57322097,0.6788081,0.12417179,0.1857093,0.38751167
1654,Damnacanthus angustifolius,0.6873902,0.5852836,0.76250696,-0.07511675,0.7923417,-0.20705813
1655,Damnacanthus indicus,0.75971246,0.529614,0.8104513,-0.05073887,0.6592735,-0.12965953
1656,Danthonia alpina,0.9325024,0.5972302,0.9317777,0.0007246733,0.48916405,0.10806614
1657,Danthonia compressa,0.87305033,0.86997485,0.8756945,-0.0026441813,0.9355405,-0.065565646
1658,Danthonia decumbens,0.7441468,0.49807677,0.7608615,-0.016714692,0.78604746,-0.2879707
1659,Danthonia intermedia,0.92687625,0.95836365,0.8830939,0.043782353,0.37411493,0.5842487
1660,Danthonia sericea,0.7700106,0.7513846,0.6923749,0.077635705,0.69871616,0.052668452
1661,Danthonia spicata,0.9220019,0.9542399,0.8970623,0.024939597,0.7623134,0.19192648
1662,Daphne cneorum,0.907734,0.64291567,0.9074662,0.00026780367,0.809056,-0.16614032
1663,Daphne gnidium,0.8921855,0.7960338,0.89702654,-0.0048410296,0.8455406,-0.049506783
1664,Daphne laureola,0.88670415,0.9298225,0.88483167,0.0018724799,0.9165666,0.013255894
1665,Daphne mezereum,0.8625298,0.7816297,0.8359446,0.026585221,0.7873559,-0.005726218
1666,Daphne striata,0.9736409,0.9619991,0.96384,0.009800911,0.98877513,-0.026776016
1667,Daphniphyllum macropodum,0.77501076,0.47940663,0.73674345,0.038267314,0.507159,-0.02775237
1668,Dasiphora fruticosa,0.954787,0.96295416,0.93141985,0.023367167,0.7807199,0.18223429
1669,Dasiphora parvifolia,0.9157462,0.8854266,0.7964531,0.11929309,-0.1252089,1.0106355
1670,Dasylirion wheeleri,0.9514569,0.9499954,0.9419487,0.009508193,0.9549186,-0.0049232244
1671,Dasypyrum villosum,0.9194507,0.9780445,0.8970551,0.02239561,0.7948941,0.18315041
1672,Daucus carota,0.6977252,0.6720007,0.7141177,-0.016392529,0.61691505,0.05508566
1673,Daucus glochidiatus,0.84935504,0.76283354,0.8376465,0.011708558,0.86619544,-0.103361905
1674,Daucus incognitus,0.7051485,0.27951875,0.7819865,-0.07683796,0.6694895,-0.38997075
1675,Daucus pumilus,0.94977444,0.87111163,0.95915383,-0.009379387,0.9342856,-0.06317395
1676,Davallia griffithiana,0.6977918,0.39824954,0.6667885,0.031003296,0.7507148,-0.35246524
1677,Davallia mariesii,0.40526807,-0.8485527,0.35356644,0.051701635,-1.1324463,0.2838936
1678,Daviesia squarrosa,0.7108207,0.35137865,0.8461748,-0.1353541,0.6168746,-0.26549593
1679,Daviesia ulicifolia,0.913049,0.99548155,0.86118287,0.051866114,0.98759675,0.0078848
1680,Daviesia umbellulata,0.7086562,0.91320235,0.68713576,0.021520436,0.9493414,-0.03613907
1681,Decaschistia peninsularis,0.9730636,0.9575758,0.94831085,0.024752736,0.9439393,0.01363647
1682,Delphinium bicolor,0.74861103,0.34418532,0.7293899,0.019221127,0.32332298,0.02086234
1683,Delphinium elatum,0.9508537,0.9238889,0.8811793,0.06967443,0.9303263,-0.0064373612
1684,Delphinium grandiflorum,0.91221374,0.9020382,0.8482122,0.06400156,0.57843345,0.32360476
1685,Dendrobium moniliforme,0.7135359,0.33845958,0.7506077,-0.037071824,0.635277,-0.2968174
1686,Dendrocnide meyeniana,0.9194666,0.9876379,0.9081904,0.0112761855,0.97619027,0.0114476085
1687,Dendrophthoe glabrescens,0.7351855,0.43313366,0.6855004,0.04968512,-0.0011523289,0.434286
1688,Dendrosenecio battiscombei,0.88331443,0.81245214,0.9393424,-0.05602795,0.8947821,-0.08232999
1689,Denhamia bilocularis,0.9776863,0.9244962,0.9703014,0.0073848963,0.94217587,-0.017679691
1690,Denhamia cunninghamii,0.7455606,0.19103858,0.7226781,0.022882462,0.28542072,-0.09438214
1691,Denhamia disperma,0.9472187,0.5702108,0.93715084,0.01006788,0.9032515,-0.3330407
1692,Denhamia oleaster,0.75162554,0.9460209,0.63629496,0.11533058,0.81125194,0.13476896
1693,Denhamia pittosporoides,0.5629959,0.3431591,0.5064516,0.056544304,0.86713946,-0.5239804
1694,Denhamia silvestris,0.97517437,0.9659618,0.9738049,0.0013694763,0.9771812,-0.011219382
1695,Dennstaedtia punctilobula,0.88988864,0.8438165,0.8977651,-0.007876456,0.85321647,-0.0093999505
1696,Dennstaedtia strigosa,0.72711945,0.5233732,0.735721,-0.008601546,0.44171423,0.08165896
1697,Deparia acrostichoides,0.8323181,0.9056911,0.829839,0.002479136,0.71876955,0.18692154
1698,Deplanchea tetraphylla,0.96361244,0.9529243,0.96521914,-0.0016067028,0.97376335,-0.020839036
1699,Derris laxiflora,0.83386165,0.19541273,0.84380627,-0.009944618,0.67723435,-0.48182163
1700,Deschampsia cespitosa,0.8221513,0.77370584,0.8107972,0.011354089,0.8441389,-0.07043308
1701,Descurainia sophia,0.91852605,-2.5298991,0.8877434,0.03078264,-0.124054536,-2.4058447
1702,Desmodiopsis camplyocaulon,0.91263425,0.8616001,0.8708197,0.041814566,-0.67709357,1.5386937
1703,Desmodium ciliare,0.7985487,0.852302,0.80916345,-0.010614753,0.6915236,0.1607784
1704,Desmodium laevigatum,0.67952114,0.66947067,0.6862192,-0.006698072,0.28112972,0.38834095
1705,Desmodium lineatum,0.8664869,0.939883,0.8756102,-0.009123266,0.91593766,0.023945332
1706,Desmodium marilandicum,0.77549624,0.93175143,0.7655546,0.0099416375,0.6658516,0.26589984
1707,Desmodium nuttallii,0.89750713,0.774273,0.862184,0.035323143,0.023017434,0.7512556
1708,Desmodium paniculatum,0.5514469,-1.7150997,0.62823707,-0.076790154,-1.2723165,-0.44278324
1709,Desmodium rotundifolium,0.76294976,0.84696203,0.75178736,0.0111624,0.7679997,0.078962326
1710,Desmodium strictum,0.8789684,0.9462986,0.88160294,-0.0026345253,0.9241124,0.02218622
1711,Desmodium tenuifolium,0.8890599,0.7259904,0.86374927,0.025310636,0.6570976,0.06889284
1712,Deutzia pulchra,0.7059964,0.5635169,0.65002286,0.05597353,0.65014356,-0.08662665
1713,Dialium englerianum,0.73253965,0.50614816,0.62202376,0.11051589,0.13853912,0.36760902
1714,Dianella brevipedunculata,0.9393893,0.9540375,0.9497709,-0.010381639,0.93809044,0.015947044
1715,Dianella caerulea,0.8905267,0.87079734,0.87316865,0.017358065,0.8591005,0.0116968155
1716,Dianella ensifolia,0.7554426,0.48326355,0.7939768,-0.038534164,0.6504594,-0.16719586
1717,Dianella longifolia,0.61450297,-0.021477537,0.6161426,-0.0016396046,-0.055625618,0.034148082
1718,Dianella rara,0.884636,0.96967775,0.851917,0.032718956,0.97306657,-0.003388822
1719,Dianella revoluta,0.7677576,0.73519206,0.73951834,0.02823925,0.63307786,0.1021142
1720,Dianthus carthusianorum,0.8184674,0.9675789,0.80853266,0.009934723,0.92492086,0.04265803
1721,Dianthus deltoides,0.8734367,0.983514,0.86021453,0.013222158,0.81025046,0.17326355
1722,Dianthus monspessulanus,0.87530994,0.79185957,0.84135085,0.03395909,0.9443784,-0.15251881
1723,Dianthus pavonius,0.9868473,0.9435612,0.98486483,0.0019824505,0.9283837,0.015177488
1724,Dianthus seguieri,0.99114543,0.98249674,0.987463,0.0036824346,0.9651692,0.017327547
1725,Dianthus superbus,0.8890904,0.9186045,0.853388,0.035702407,0.9338083,-0.015203834
1726,Dianthus sylvestris,0.8247204,0.63101125,0.82135797,0.0033624172,0.8943179,-0.26330668
1727,Diatenopteryx sorbifolia,0.9349561,0.7318363,0.8486139,0.086342156,0.74017835,-0.008342028
1728,Dichanthelium aciculare,0.87468624,0.8761504,0.84100085,0.033685386,0.7899464,0.08620405
1729,Dichanthelium acuminatum,0.67218333,0.7433852,0.72108203,-0.048898697,0.120756395,0.6226288
1730,Dichanthelium ashei,0.55589855,-0.10824444,0.62036204,-0.064463496,0.34064934,-0.4488938
1731,Dichanthelium boscii,0.714251,0.5403635,0.7190803,-0.004829347,0.56069046,-0.020326972
1732,Dichanthelium chamaelonche,0.8073962,-0.019957265,0.7631374,0.044258773,-0.5321562,0.512199
1733,Dichanthelium clandestinum,0.7461995,0.6475332,0.74037004,0.0058294535,0.0606505,0.58688265
1734,Dichanthelium commutatum,0.59320533,0.43879774,0.57541585,0.017789483,0.35278153,0.08601621
1735,Dichanthelium dichotomum,0.50098366,0.017538114,0.5192945,-0.018310845,0.25841737,-0.24087925
1736,Dichanthelium erectifolium,0.8982935,0.9931144,0.8635236,0.034769893,0.9902029,0.002911508
1737,Dichanthelium latifolium,0.8852609,0.75711787,0.8493134,0.0359475,0.62661076,0.13050711
1738,Dichanthelium laxiflorum,0.7471757,0.7516678,0.69446796,0.05270773,0.7767065,-0.02503872
1739,Dichanthelium ovale,0.77729505,-2.4670904,0.74255586,0.034739196,-2.460189,-0.006901264
1740,Dichanthelium polyanthes,0.44088277,0.36434695,0.47289154,-0.032008767,-1.9754971,2.339844
1741,Dichanthelium ravenelii,0.84833777,0.8901676,0.8367038,0.011633992,0.55991423,0.33025336
1742,Dichanthelium sabulorum,0.95980984,0.97089523,0.88305557,0.07675427,0.6766515,0.29424375
1743,Dichanthelium scoparium,0.5898206,-2.6753826,0.6015246,-0.011703968,-3.2347653,0.5593827
1744,Dichanthelium sphaerocarpon,0.70114255,0.5340385,0.70990235,-0.008759797,-0.11630233,0.6503408
1745,Dichanthelium strigosum,0.89788425,0.8582723,0.8898328,0.008051455,0.9171291,-0.058856785
1746,Dichanthelium tenue,0.88061506,0.7716755,0.87012416,0.010490894,0.8399922,-0.0683167
1747,Dichanthelium wrightianum,0.9282743,0.9505617,0.9021692,0.026105046,0.8535251,0.0970366
1748,Dichanthium sericeum,0.74265414,0.7576647,0.66757464,0.0750795,0.64128923,0.11637545
1749,Dichapetalum rhodesicum,0.8977442,0.89529383,0.48798078,0.4097634,-0.962696,1.8579898
1750,Dichodon cerastoides,0.94353426,0.97794366,0.93951076,0.0040234923,0.9788827,-0.0009390116
1751,Dichondra repens,0.92375314,0.95361733,0.9167996,0.0069535375,0.9430686,0.010548711
1752,Dichondra sericea,0.9785782,0.89865863,0.907833,0.07074523,0.8994514,-0.0007927418
1753,Dichrocephala integrifolia,0.5807588,-2.2496295,0.6154412,-0.034682393,-0.5628071,-1.6868224
1754,Dichrostachys cinerea,0.6766411,-0.93189013,0.6171949,0.059446216,-0.063611515,-0.8682786
1755,Dicksonia sellowiana,0.8578669,0.7847415,0.8196632,0.038203657,0.7339402,0.050801337
1756,Dicliptera laxata,0.75713634,0.3159096,0.6942607,0.06287563,0.78869647,-0.47278687
1757,Dicoma capensis,0.95186555,0.9299518,0.79940116,0.15246439,0.7425999,0.18735188
1758,Dicranopteris linearis,0.96944314,0.93076974,0.97083926,-0.0013961196,0.85014474,0.080625
1759,Dicrocaulon ramulosum,0.8311298,0.6868497,0.75,0.08112979,0.49720734,0.18964237
1760,Dictamnus albus,0.92091924,0.74719435,0.9240274,-0.0031081438,0.79104596,-0.043851614
1761,Didymopanax angustissimus,0.8632937,0.81576043,0.7989418,0.06435192,0.60524243,0.210518
1762,Didymopanax morototoni,0.72580993,0.44121295,0.82886785,-0.10305792,0.67913085,-0.2379179
1763,Diervilla lonicera,0.98492634,0.97172767,0.98379683,0.001129508,0.9709183,0.0008093715
1764,Digitalis grandiflora,0.875911,0.9069241,0.8668703,0.009040713,0.93375605,-0.026831925
1765,Digitalis lutea,0.84028935,0.96895725,0.86200386,-0.021714509,0.9645131,0.0044441223
1766,Digitalis purpurea,0.8644762,0.897286,0.8429077,0.021568477,0.84972835,0.047557652
1767,Digitaria ammophila,0.8035516,-0.39798933,0.67431384,0.12923777,-2.5929086,2.1949193
1768,Digitaria breviglumis,0.7674695,-1.3070537,0.76374316,0.0037263632,-2.1972866,0.8902329
1769,Digitaria brownii,0.801507,0.74667925,0.7409989,0.060508072,0.6778313,0.068847954
1770,Digitaria ciliaris,0.9652685,0.93298024,0.9507118,0.014556706,0.95092624,-0.017946005
1771,Digitaria ctenantha,0.891993,0.9946724,0.70728934,0.18470365,0.011612896,0.9830595
1772,Digitaria diffusa,0.7907061,0.094438866,0.7554221,0.035283983,-0.51287645,0.6073153
1773,Digitaria divaricatissima,0.8759297,0.81101024,0.8636795,0.012250185,0.8359487,-0.024938464
1774,Digitaria eriantha,0.7306236,0.3133761,0.5893794,0.14124423,-0.3239596,0.63733566
1775,Digitaria hystrichoides,0.51510566,0.96776485,0.5471252,-0.032019556,0.9384119,0.029352963
1776,Digitaria parviflora,0.8139222,0.077828586,0.7702489,0.043673337,-0.4036798,0.48150837
1777,Digitaria ramularis,0.7956192,0.8271704,0.8079969,-0.012377739,0.80087346,0.026296914
1778,Digitaria velutina,0.7139783,-1.3188744,0.71680826,-0.002829969,-0.74704075,-0.5718336
1779,Dillenia alata,0.9466484,0.9730478,0.93968153,0.006966889,0.95364225,0.019405544
1780,Dimorphotheca pluvialis,0.7599368,0.36332616,0.81784683,-0.057910025,0.53377056,-0.1704444
1781,Dinebra decipiens,0.93320704,0.78905916,0.88848436,0.044722676,0.46201205,0.3270471
1782,Diodia virginiana,0.6051714,-0.4495705,0.63967913,-0.03450775,0.55761886,-1.0071894
1783,Dioscorea collettii,0.817344,0.5655857,0.700508,0.11683601,0.7776329,-0.21204722
1784,Dioscorea communis,0.8019977,0.75792044,0.8213058,-0.01930809,0.76937705,-0.011456609
1785,Dioscorea transversa,0.9570299,0.99168855,0.95465446,0.002375424,0.9869509,0.004737675
1786,Dioscorea villosa,0.62475157,0.56278634,0.5536253,0.07112628,-2.6971107,3.259897
1787,Diospyros abyssinica,0.8742015,0.8691874,0.75371385,0.12048763,0.5373813,0.33180612
1788,Diospyros australis,0.98953307,0.99972004,0.98834074,0.0011923313,0.99973446,-1.4424324e-05
1789,Diospyros eriantha,0.9176305,0.9399373,0.92252505,-0.0048945546,0.9191566,0.020780683
1790,Diospyros geminata,0.8291254,0.9123568,0.81339055,0.015734851,0.93928283,-0.02692604
1791,Diospyros humilis,0.8141216,0.958765,0.709628,0.10449362,0.8692521,0.089512885
1792,Diospyros mespiliformis,0.9368211,0.9779318,0.9116803,0.025140822,0.9408842,0.037047625
1793,Diospyros morrisiana,0.8875168,0.8276885,0.81743807,0.07007873,0.8037423,0.023946226
1794,Diospyros virginiana,0.73892045,0.5311921,0.70979136,0.029129088,0.4494016,0.08179054
1795,Diplachne fusca,0.9046212,-0.100613706,0.8767054,0.027915776,0.3021177,-0.40273142
1796,Diplazium dilatatum,0.9836472,0.9861376,0.9817319,0.0019153357,0.98930514,-0.00316751
1797,Diplazium doederleinii,0.73467684,0.1669469,0.76394314,-0.029266298,0.6683281,-0.5013812
1798,Diplazium kawakamii,0.6617437,0.34649014,0.72346574,-0.06172204,0.36922336,-0.022733212
1799,Diplazium mettenianum,0.652645,0.38918483,0.61544704,0.037197948,0.5429903,-0.1538055
1800,Diploglottis diphyllostegia,0.124739505,-5.2426047,0.35834038,-0.23360088,-2.472125,-2.7704797
1801,Diplopterygium glaucum,0.6674638,-0.118424706,0.736689,-0.06922519,0.48499942,-0.60342413
1802,Diplorhynchus condylocarpon,0.74159944,0.5150664,0.58560145,0.15599799,0.13892773,0.37613866
1803,Diplospora dubia,0.82379216,0.77331024,0.7944685,0.029323637,0.69067365,0.082636595
1804,Diplotaxis harra,0.8758031,0.014316551,0.8454732,0.030329943,0.76191866,-0.7476021
1805,Dipsacus fullonum,0.8347512,-0.41305974,0.8442003,-0.009449124,-1.1805357,0.76747596
1806,Disporum kawakamii,0.7486054,0.86153877,0.82758355,-0.07897818,0.78700626,0.07453251
1807,Disporum smilacinum,0.7023809,0.46787992,0.7562794,-0.053898513,0.6180139,-0.150134
1808,Dissocarpus paradoxus,0.9712492,0.85810906,0.96408707,0.0071621537,0.5871381,0.27097094
1809,Disterigma empetrifolium,0.7388962,0.5504645,0.6869187,0.051977515,0.5231266,0.027337909
1810,Distichlis spicata,0.9254592,0.9592346,0.9157598,0.009699404,0.90403575,0.05519885
1811,Dittrichia viscosa,0.8948821,0.92265093,0.8922413,0.0026407838,0.8898576,0.032793343
1812,Dodonaea dodecandra,0.9105194,0.99740046,0.8038559,0.106663525,0.9441443,0.053256154
1813,Dodonaea heteromorpha,0.91389203,0.97687906,0.9202142,-0.0063221455,0.8975877,0.07929134
1814,Dodonaea lanceolata,0.88930047,0.89971447,0.84358305,0.04571742,0.77864975,0.12106472
1815,Dodonaea physocarpa,0.9366503,0.86677015,0.8224461,0.11420417,0.72274345,0.1440267
1816,Dodonaea polyandra,0.96859896,0.92144823,0.9616414,0.0069575906,0.8938558,0.02759242
1817,Dodonaea triangularis,0.9734582,0.7297211,0.95379055,0.019667625,0.67592585,0.053795278
1818,Dodonaea triquetra,0.95275277,0.99351555,0.94036174,0.012391031,0.98591983,0.007595718
1819,Dodonaea viscosa,0.8686323,0.8956683,0.8349482,0.033684134,0.8757908,0.019877553
1820,Dolichandrone heterophylla,0.7601666,0.49706548,0.6996013,0.060565293,0.476744,0.020321488
1821,Dontostemon crassifolius,0.4299963,-1.4023676,0.51334,-0.083343685,-0.50738466,-0.89498293
1822,Dontostemon integrifolius,0.6548175,0.40399238,0.84032947,-0.18551195,0.8955618,-0.49156943
1823,Dontostemon micranthus,0.9020835,0.9592956,0.5999189,0.3021646,-0.29448578,1.2537813
1824,Dontostemon perennis,0.9624873,0.956302,0.9653473,-0.0028600097,0.87765753,0.078644454
1825,Dontostemon senilis,0.67008954,0.4650453,0.7519797,-0.081890166,0.49168494,-0.02663964
1826,Doronicum austriacum,0.93590444,0.95864093,0.9150436,0.02086085,0.9767662,-0.018125296
1827,Doronicum glaciale,0.9570508,0.99743164,0.95953524,-0.0024844408,0.96187896,0.03555268
1828,Doronicum grandiflorum,0.9586913,0.9621798,0.95791423,0.00077706575,0.91806865,0.044111133
1829,Dovyalis abyssinica,0.7330373,0.63424414,0.7639748,-0.030937493,0.8029377,-0.16869354
1830,Draba aizoides,0.9284992,0.9797006,0.9405732,-0.012073994,0.9452084,0.034492254
1831,Draba cinerea,0.9612644,0.9780828,0.96058786,0.0006765127,0.92779547,0.050287306
1832,Draba dubia,0.9593814,-0.7209751,0.96478033,-0.005398929,0.97884506,-1.6998202
1833,Draba glabrescens,0.87098426,0.82347935,0.90914446,-0.038160205,0.9974673,-0.17398793
1834,Draba lactea,0.953732,0.92228335,0.8956284,0.05810362,0.74575144,0.17653191
1835,Draba nemorosa,0.9504027,-0.013421234,0.84119856,0.10920411,0.14246292,-0.15588416
1836,Draba nivalis,0.9391705,0.94238496,0.7800028,0.1591677,-1.9793775,2.9217625
1837,Draba verna,0.7503473,0.868775,0.7554214,-0.005074084,0.9231467,-0.054371715
1838,Dracaena afromontana,0.9054211,0.81973225,0.7696655,0.1357556,0.6775257,0.14220655
1839,Dracocephalum nutans,0.9251903,0.8937389,0.84540796,0.07978237,0.68520826,0.20853066
1840,Dracocephalum paulsenii,0.96027243,0.89866084,0.74072295,0.21954948,-0.9655566,1.8642175
1841,Dracocephalum ruyschiana,0.9741964,0.97564656,0.9557276,0.018468797,0.8374263,0.13822025
1842,Drimys brasiliensis,0.880589,0.827466,0.85066926,0.029919744,0.87194765,-0.044481635
1843,Droguetia iners,0.8874976,0.82663465,0.8750827,0.012414932,0.34632412,0.48031053
1844,Drosanthemum hispidum,0.8274971,0.5833146,0.7433984,0.0840987,0.33166054,0.25165406
1845,Drosera anglica,0.9573653,0.982443,0.9517542,0.005611062,0.95069706,0.03174591
1846,Drosera brevifolia,0.8563613,0.7239045,0.8776609,-0.021299541,0.7077375,0.016166985
1847,Drosera capillaris,0.89584947,0.9470548,0.8941405,0.0017089844,0.9466128,0.00044202805
1848,Drosera intermedia,0.9146169,0.9751303,0.91796976,-0.0033528805,0.99044913,-0.015318811
1849,Drosera petiolaris,0.92494893,0.8358529,0.8847989,0.040150046,0.93212444,-0.096271515
1850,Drosera rotundifolia,0.8966028,0.8933069,0.8900947,0.006508112,0.92642796,-0.03312105
1851,Drosera spatulata,0.68147963,0.42235023,0.6591974,0.022282243,0.4636602,-0.041309983
1852,Dryas integrifolia,0.8573695,0.7142654,0.85302186,0.0043476224,0.7970631,-0.082797706
1853,Dryas octopetala,0.93538666,0.90911174,0.9415435,-0.006156862,0.9412074,-0.03209567
1854,Drymaria cordata,0.90456367,0.90335226,0.86782914,0.03673452,0.9646917,-0.061339438
1855,Drynaria coronans,0.84256184,0.79891956,0.8441598,-0.0015979409,0.7772897,0.02162987
1856,Drynaria rigidula,0.96176326,0.7931216,0.951311,0.0104522705,0.62327844,0.16984314
1857,Drynaria volkensii,0.9446982,0.9028186,0.8509136,0.09378463,0.41276,0.49005863
1858,Dryopteris affinis,0.85753053,0.7444494,0.8586685,-0.0011379719,0.9078936,-0.16344422
1859,Dryopteris campyloptera,0.986,0.9988051,0.9821961,0.0038039088,0.92744225,0.07136285
1860,Dryopteris carthusiana,0.8035386,0.8318578,0.76044685,0.043091774,0.85707545,-0.025217652
1861,Dryopteris crassirhizoma,0.840224,0.836542,0.8197675,0.020456553,0.8091599,0.027382135
1862,Dryopteris dilatata,0.7158423,0.70385724,0.7139635,0.001878798,0.7370096,-0.03315234
1863,Dryopteris erythrosora,0.97689253,0.9438995,0.98112994,-0.0042374134,0.9784984,-0.034598887
1864,Dryopteris expansa,0.78352153,0.808256,0.75015086,0.033370674,0.83104926,-0.022793293
1865,Dryopteris filix-mas,0.7931041,0.77851695,0.77514166,0.017962456,0.7513673,0.027149677
1866,Dryopteris formosana,0.7346464,0.47575894,0.7860088,-0.051362395,0.6133272,-0.13756827
1867,Dryopteris intermedia,0.91914654,0.89635366,0.9384437,-0.019297183,0.9242831,-0.027929425
1868,Dryopteris kilemensis,0.86522824,0.82426226,0.68136334,0.18386489,0.25497767,0.56928456
1869,Dryopteris lepidopoda,0.8481971,0.7291119,0.9099158,-0.061718702,0.65051174,0.07860017
1870,Dryopteris manniana,0.7718208,0.112057164,0.63370895,0.13811183,-0.5156451,0.62770224
1871,Dryopteris marginalis,0.89743286,0.86166,0.9031271,-0.0056942105,0.89923024,-0.037570238
1872,Dryopteris pallida,0.8744254,0.5001652,0.85705245,0.017372966,0.4455748,0.054590434
1873,Dryopteris scottii,0.7944612,0.8051053,0.81760347,-0.023142278,0.6944011,0.11070424
1874,Dryopteris sordidipes,0.66632235,0.7316499,0.64139426,0.024928093,0.35078675,0.38086313
1875,Dryopteris sparsa,0.93609214,0.2860899,0.9559425,-0.019850373,0.9767287,-0.6906388
1876,Dryopteris varia,0.6426882,0.3422004,0.7768787,-0.1341905,0.6712278,-0.3290274
1877,Dryopteris villarii,0.9341777,0.8959217,0.9349754,-0.00079768896,0.83213407,0.06378764
1878,Drypetes deplanchei,0.8593993,0.8696662,0.85601664,0.0033826828,0.847813,0.021853209
1879,Drypetes gerrardii,0.9247503,0.9625935,0.91113204,0.01361829,0.70730907,0.25528443
1880,Duguetia lanceolata,0.8497318,0.7442866,0.8597422,-0.010010421,0.7658187,-0.021532118
1881,Dulichium arundinaceum,0.83455527,0.44937336,0.8311465,0.0034087896,0.8332405,-0.38386714
1882,Duma florulenta,0.8614304,0.98717207,0.8210303,0.040400088,-0.88006854,1.8672407
1883,Dyschoriste oblongifolia,0.95808184,0.96892905,0.9261905,0.031891346,0.97068673,-0.0017576814
1884,Dyschoriste radicans,0.86351556,0.9460376,0.83923197,0.024283588,0.6177388,0.3282988
1885,Dysphania pumilio,0.87329817,0.91506886,0.85474885,0.018549323,0.89011043,0.024958432
1886,Echinaria capitata,0.9410271,0.7203454,0.8371861,0.10384101,0.6432499,0.07709545
1887,Echinochloa colona,0.42135045,-0.1301653,0.44133246,-0.01998201,-1.8370422,1.7068769
1888,Echinochloa crus-galli,0.8479297,0.91696155,0.7474406,0.10048914,0.9293887,-0.012427151
1889,Echinophora spinosa,0.98438835,0.9664728,0.9784479,0.0059404373,0.83954585,0.12692696
1890,Echinopogon caespitosus,0.95654076,0.931375,0.95083255,0.0057082176,0.9970973,-0.06572229
1891,Echinopogon ovatus,0.94047254,0.9684727,0.9444419,-0.0039693713,0.9853381,-0.016865373
1892,Echinops acantholepis,0.3660461,-5.785791,0.36888298,-0.002836883,-4.131662,-1.654129
1893,Echinops ritro,0.91711277,0.9761991,0.9090393,0.008073449,0.939805,0.03639412
1894,Echium humile,0.97748214,0.8817213,0.9133846,0.06409752,0.6533216,0.2283997
1895,Echium vulgare,0.8050083,0.9431476,0.7823874,0.022620916,0.8169213,0.1262263
1896,Eclipta platyglossa,0.8995269,0.96754205,0.87028384,0.029243052,0.983601,-0.016058922
1897,Edrastima uniflora,0.90686095,0.98436725,0.9192356,-0.0123746395,0.9569653,0.027401924
1898,Ehretia saligna,0.7858521,0.86160976,0.75415725,0.03169483,0.89351505,-0.031905293
1899,Ehrharta erecta,0.82404995,0.78863674,0.70289856,0.12115139,0.5230114,0.26562536
1900,Ekebergia capensis,0.9272977,0.9235435,0.9156856,0.011612117,0.84982735,0.07371616
1901,Elaeagnus glabra,0.72292346,0.6113112,0.69039804,0.03252542,0.62087625,-0.009565055
1902,Elaeagnus thunbergii,0.6334455,0.537114,0.6590272,-0.025581717,0.63656044,-0.099446416
1903,Elaeocarpus japonicus,0.6809076,0.3927791,0.72713935,-0.046231747,0.50982654,-0.11704743
1904,Elaphoglossum lastii,0.8622362,0.71418345,0.674842,0.1873942,0.07591976,0.6382637
1905,Elatostema obtusum,0.7570503,0.57942754,0.8330706,-0.0760203,0.73971504,-0.1602875
1906,Elatostema radicans,0.8450798,0.8397503,0.8220938,0.022985995,0.7637216,0.076028705
1907,Eleocharis acicularis,0.8366893,0.81801265,0.7785473,0.058142006,0.8268495,-0.008836865
1908,Eleocharis acuta,0.96595204,0.98582584,0.96593934,1.2695789e-05,0.99667436,-0.010848522
1909,Eleocharis multicaulis,0.91997063,0.93074685,0.9225081,-0.002537489,0.97414976,-0.04340291
1910,Eleocharis pallens,0.9232715,0.7465662,0.90954465,0.0137268305,0.7349261,0.011640072
1911,Eleocharis palustris,0.81912637,0.912258,0.7775728,0.041553557,0.92990446,-0.017646432
1912,Eleocharis pusilla,0.96911275,0.97933424,0.96632534,0.0027874112,0.99715203,-0.017817795
1913,Eleocharis quinqueflora,0.89443743,0.9816664,0.88077366,0.013663769,0.97827405,0.0033923388
1914,Eleocharis sphacelata,0.7039434,-6.3458447,0.6331717,0.070771694,-5.090443,-1.2554016
1915,Eleocharis uniglumis,0.8104522,0.23966949,0.77534926,0.035102963,0.85641664,-0.61674714
1916,Elephantopus carolinianus,0.7589085,0.3470988,0.7617141,-0.0028055906,0.552646,-0.20554718
1917,Elephantopus elatus,0.9195225,0.86173064,0.90106326,0.01845926,0.8651589,-0.0034282804
1918,Elephantopus nudatus,0.8161489,0.7003345,0.8014968,0.014652073,0.09663574,0.60369873
1919,Elephantopus tomentosus,0.72684216,0.44563955,0.7261545,0.0006876588,0.6112624,-0.16562283
1920,Eleutherococcus trifoliatus,0.7509354,0.8307617,0.68505794,0.06587744,0.682721,0.14804065
1921,Elymus canadensis,0.7374724,0.7009806,0.6765537,0.06091869,0.8626743,-0.16169369
1922,Elymus caninus,0.6961108,0.030674653,0.6165374,0.07957339,0.2870648,-0.25639012
1923,Elymus elymoides,0.77188206,0.5886085,0.8106163,-0.038734257,0.9272477,-0.3386392
1924,Elymus glaucus,0.89745337,0.9162293,0.860942,0.03651136,0.6150223,0.301207
1925,Elymus pungens,0.9437611,0.6166054,0.9580114,-0.0142502785,0.98096794,-0.36436254
1926,Elymus repens,0.75992996,0.7978943,0.6938256,0.06610435,0.79875016,-0.0008558631
1927,Elymus smithii,0.7661066,0.8197388,0.7500709,0.016035676,0.9153052,-0.09556639
1928,Elymus trachycaulus,0.7526943,0.3852875,0.7447939,0.007900417,0.37310553,0.0121819675
1929,Elymus virginicus,0.9425242,0.9974567,0.9257411,0.016783118,0.9977669,-0.00031018257
1930,Elytrophorus spicatus,0.8844542,0.9877592,0.8030057,0.081448495,0.76934344,0.21841574
1931,Embelia australiana,0.9818295,0.9822387,0.9845649,-0.0027353764,0.9992592,-0.017020464
1932,Embelia laeta,0.72379756,0.66903454,0.8274793,-0.10368174,0.7411387,-0.072104156
1933,Empetrum nigrum,0.92267853,0.90996677,0.9071283,0.015550256,0.9274013,-0.017434537
1934,Encelia farinosa,0.9538718,0.95341235,0.9468055,0.0070663095,0.8412776,0.112134755
1935,Enchylaena tomentosa,0.59335285,-2.511711,0.5647681,0.028584778,-2.986955,0.47524405
1936,Endiandra glauca,0.97422546,0.9680817,0.97052574,0.00369972,0.94113475,0.026946962
1937,Endlicheria paniculata,0.95200676,0.9302502,0.93885034,0.013156414,0.885429,0.044821203
1938,Endostemon tenuiflorus,0.9720459,0.98738235,0.9503632,0.02168268,0.73334104,0.2540413
1939,Engelhardia roxburghiana,0.79660136,0.6707001,0.8071169,-0.010515571,0.67964375,-0.008943677
1940,Enneapogon avenaceus,0.66386366,0.8287242,0.61648995,0.047373712,0.72441584,0.10430837
1941,Enneapogon cenchroides,0.98108906,0.98005307,0.93729514,0.043793917,0.49236575,0.48768732
1942,Enneapogon desvauxii,0.96089363,-1.253353,0.80855584,0.15233779,-14.11942,12.866067
1943,Enneapogon gracilis,0.9128233,0.8740631,0.88941276,0.023410559,0.90158784,-0.02752477
1944,Enneapogon intermedius,0.8497136,0.8518391,0.86089396,-0.011180341,0.8430873,0.00875181
1945,Enneapogon lindleyanus,0.822964,0.7914874,0.7925927,0.030371308,0.71464443,0.07684296
1946,Enneapogon nigricans,0.79491377,0.81371224,0.6767474,0.11816639,0.9030256,-0.08931339
1947,Enneapogon polyphyllus,0.90942705,0.83054173,0.87470555,0.034721494,0.8417819,-0.011240184
1948,Enneapogon robustissimus,0.8725368,0.10806645,0.716734,0.15580279,-0.90574163,1.0138081
1949,Enneapogon virens,0.8907033,0.8030139,0.8993189,-0.008615553,0.9622527,-0.15923876
1950,Enteropogon acicularis,0.8854778,0.9145648,0.8698389,0.015638888,0.8864486,0.028116167
1951,Enteropogon macrostachyus,0.9547197,0.98075294,0.92900777,0.025711954,0.9268992,0.05385375
1952,Enteropogon minutus,0.94404256,0.93639743,0.84671897,0.0973236,0.9959949,-0.059597492
1953,Enteropogon prieurii,0.90121216,0.85029304,0.9063041,-0.005091965,0.91024226,-0.05994922
1954,Enteropogon ramosus,0.8212734,0.87966216,0.8087389,0.012534499,0.95145017,-0.07178801
1955,Enteropogon unispiceus,0.9606288,0.96915466,0.94353366,0.017095149,0.94873184,0.020422816
1956,Entolasia marginata,0.9691846,0.9880814,0.9676109,0.0015736818,0.9340241,0.0540573
1957,Entolasia stricta,0.8920126,0.9163435,0.8619503,0.030062318,0.88855094,0.027792573
1958,Ephedra distachya,0.94133276,0.934141,0.9003587,0.04097408,0.9659786,-0.031837642
1959,Ephedra nevadensis,0.88441133,0.79945207,0.8596955,0.02471584,0.7504627,0.048989356
1960,Ephedra przewalskii,0.8676606,0.87130064,0.7555577,0.112102866,0.57457554,0.2967251
1961,Ephedra sinica,0.78239375,0.043000184,0.5515579,0.23083586,-2.5579538,2.600954
1962,Ephedra torreyana,0.8955378,0.8542022,0.8732377,0.022300065,0.7531707,0.10103148
1963,Ephedra trifurca,0.90354943,0.9266492,0.87204766,0.03150177,0.9394127,-0.0127635
1964,Ephedra viridis,0.81502736,0.7328433,0.7987461,0.016281247,0.6771195,0.055723786
1965,Epifagus virginiana,0.86752045,0.9534869,0.8517631,0.015757322,0.911432,0.04205489
1966,Epigaea repens,0.80598557,0.7682104,0.8175866,-0.011601031,0.70234317,0.065867245
1967,Epilobium alpestre,0.94534194,0.9390276,0.93844867,0.006893277,0.9081786,0.03084898
1968,Epilobium alsinifolium,0.7630925,0.8423674,0.62410307,0.13898945,-2.2604976,3.102865
1969,Epilobium anagallidifolium,0.9475865,0.9509281,0.95354897,-0.005962491,0.7812959,0.1696322
1970,Epilobium billardiereanum,0.90921646,0.96538675,0.8837596,0.025456846,0.7921182,0.17326856
1971,Epilobium ciliatum,0.86730015,-2.892789,0.80563265,0.061667502,-3.7638814,0.87109256
1972,Epilobium hirsutum,0.801738,0.95549494,0.82294095,-0.021202922,0.9782651,-0.022770166
1973,Epilobium hornemannii,0.9216441,-0.02904931,0.9355166,-0.013872504,-1.8906306,1.8615813
1974,Epilobium montanum,0.71949255,0.6251547,0.71504134,0.0044512153,0.651252,-0.026097298
1975,Epilobium nutans,0.84946966,0.21294259,0.8795662,-0.03009653,0.9631485,-0.7502059
1976,Epilobium obscurum,0.8499047,-3.0377548,0.8519044,-0.0019996762,-0.88705367,-2.150701
1977,Epilobium palustre,0.60285044,0.22253951,0.51675874,0.0860917,0.56401473,-0.34147522
1978,Epilobium parviflorum,0.7461953,0.7720643,0.74480104,0.0013942719,0.8264076,-0.054343283
1979,Epilobium tetragonum,0.71505094,-1.4583967,0.7177618,-0.0027108788,-0.66057336,-0.7978233
1980,Epipactis atrorubens,0.87383145,0.8810081,0.86491936,0.0089120865,0.869916,0.011092067
1981,Epipactis helleborine,0.7470441,0.23014662,0.7315502,0.01549387,0.6430067,-0.41286007
1982,Epipactis palustris,0.8500192,0.79874605,0.84214705,0.007872164,0.92351943,-0.12477338
1983,Epipremnum pinnatum,0.9587847,0.9882994,0.9528422,0.0059425235,0.9359491,0.052350342
1984,Equisetum arvense,0.76344913,0.7335305,0.7312973,0.03215182,0.74720114,-0.013670623
1985,Equisetum fluviatile,0.83824015,0.8772344,0.81793994,0.02030021,0.9185996,-0.041365206
1986,Equisetum hyemale,0.8616821,0.8924708,0.80661523,0.055066884,0.27181306,0.6206577
1987,Equisetum laevigatum,0.75847447,0.75035447,0.7749181,-0.01644361,0.9075263,-0.15717185
1988,Equisetum palustre,0.78085226,0.7671624,0.76054513,0.020307124,0.8246643,-0.057501912
1989,Equisetum pratense,0.8481854,0.6673223,0.7412323,0.106953144,0.68275297,-0.015430689
1990,Equisetum ramosissimum,0.8891887,0.9613108,0.86799234,0.021196365,0.89276594,0.068544865
1991,Equisetum scirpoides,0.8630448,0.78471553,0.82096964,0.042075157,0.36934835,0.4153672
1992,Equisetum sylvaticum,0.89421165,0.78908736,0.79843307,0.095778584,0.74814296,0.040944397
1993,Equisetum telmateia,0.877281,0.9427484,0.88224363,-0.004962623,0.90508914,0.037659287
1994,Equisetum variegatum,0.95184326,0.99506015,0.9453181,0.006525159,0.98478234,0.010277808
1995,Eragrostis alveiformis,0.80037475,0.8679083,0.7859802,0.014394522,0.7842091,0.08369923
1996,Eragrostis barrelieri,0.9494784,0.37558183,0.9052994,0.044178963,0.39863646,-0.02305463
1997,Eragrostis basedowii,0.9227903,0.8606352,0.88855594,0.034234345,-0.6074926,1.4681278
1998,Eragrostis brownii,0.6136606,-2.6762419,0.59491265,0.018747926,-3.362606,0.6863642
1999,Eragrostis cilianensis,0.98547155,0.97033834,0.94504154,0.04043001,0.8805807,0.08975762
2000,Eragrostis ciliaris,0.8199244,-4.350782,0.765983,0.05394143,-3.0392094,-1.3115726
2001,Eragrostis cumingii,0.82426655,0.7790698,0.69541997,0.12884659,-0.122479275,0.90154904
2002,Eragrostis cylindriflora,0.8715502,0.69546926,0.37443575,0.49711445,-2.241835,2.9373045
2003,Eragrostis dielsii,0.7387756,-1.0994434,0.8039549,-0.06517929,-0.9626902,-0.13675326
2004,Eragrostis elliottii,0.9614406,0.9933226,0.92685455,0.034586072,0.6702926,0.32303
2005,Eragrostis elongata,0.68898726,0.4904375,0.6708995,0.018087745,0.568407,-0.07796949
2006,Eragrostis eriopoda,0.9576868,0.998167,0.9022788,0.055408,0.9762963,0.021870673
2007,Eragrostis fallax,0.92930204,0.92221236,0.84068507,0.08861697,0.9164355,0.005776882
2008,Eragrostis interrupta,0.29711446,-5.1563454,0.46538463,-0.16827017,-5.0274897,-0.1288557
2009,Eragrostis lacunaria,0.9490957,0.9789326,0.87486386,0.07423186,0.916169,0.06276363
2010,Eragrostis leporina,0.8452747,0.88355917,0.7945652,0.050709486,0.80556417,0.077995
2011,Eragrostis leptocarpa,0.8125926,-0.4343988,0.7692733,0.043319345,-0.68160456,0.24720576
2012,Eragrostis leptostachya,0.88525,0.94598913,0.8777694,0.0074805617,0.9461038,-0.00011467934
2013,Eragrostis lilliputiana,0.93236244,0.79970133,0.83824646,0.09411597,0.6361009,0.16360044
2014,Eragrostis lugens,0.9592921,0.6207823,0.8590702,0.10022193,0.9665427,-0.3457604
2015,Eragrostis minor,0.8188877,-9.34631,0.6645248,0.15436292,-0.9014776,-8.444832
2016,Eragrostis pallens,0.8886007,0.8334568,0.79221845,0.09638226,-0.021763708,0.8552205
2017,Eragrostis parviflora,0.87503886,0.9812498,0.85554254,0.019496322,0.80505633,0.17619348
2018,Eragrostis pilosa,0.97517675,0.9546259,0.9800106,-0.004833877,0.99971956,-0.045093656
2019,Eragrostis porosa,0.99564123,0.9987033,0.9665836,0.029057622,0.8950585,0.10364479
2020,Eragrostis racemosa,0.85413796,-0.01992808,0.48206896,0.372069,-2.0819688,2.0620408
2021,Eragrostis refracta,0.8827269,0.93478817,0.90610677,-0.023379862,0.8941264,0.040661752
2022,Eragrostis schultzii,0.80006784,-0.7201878,0.76773036,0.032337487,0.20746398,-0.92765176
2023,Eragrostis setifolia,0.8717085,0.9702423,0.8247017,0.047006786,0.7152502,0.25499213
2024,Eragrostis sororia,0.86193776,0.5986034,0.81812805,0.043809712,0.26417354,0.3344299
2025,Eragrostis speciosa,0.8699742,0.7844321,0.8067296,0.06324458,0.46474117,0.31969094
2026,Eragrostis spectabilis,0.95625675,0.94019324,0.9268147,0.029442072,0.54873776,0.39145547
2027,Eragrostis tenellula,0.89269364,0.8861798,0.84472626,0.047967374,0.78748673,0.09869307
2028,Eremochloa bimaculata,0.88705057,0.8823376,0.85962206,0.027428508,0.8196176,0.06272
2029,Eremogone capillaris,0.8378601,0.66762024,0.7296101,0.10825002,0.76317257,-0.095552325
2030,Eremogone congesta,0.88053447,0.8949158,0.7974734,0.0830611,0.3978281,0.49708772
2031,Eremogone longifolia,0.90495014,0.9437273,0.90199983,0.0029503107,0.5764719,0.3672554
2032,Eremogone meyeri,0.8468189,0.9346314,0.72991467,0.11690426,-0.040935982,0.9755674
2033,Eremophila bignoniiflora,0.94236517,0.9939553,0.9328098,0.00955534,0.9702525,0.0237028
2034,Eremophila debilis,0.7624861,-1.2962648,0.7228845,0.039601624,-3.182234,1.8859693
2035,Eremophila deserti,0.831904,0.95061713,0.81009316,0.02181083,0.85471505,0.095902085
2036,Eremophila glabra,0.94939584,0.79881346,0.92054224,0.028853595,0.36682713,0.43198633
2037,Eremophila goodwinii,0.22513282,-6.591939,0.43868348,-0.21355066,-0.33177412,-6.2601647
2038,Eremophila latrobei,0.9278385,0.99855465,0.9145416,0.013296902,0.9978496,0.00070506334
2039,Eremophila longifolia,0.8032952,0.9410384,0.7340931,0.069202065,0.7197907,0.22124773
2040,Eremophila maculata,0.7088561,0.73073757,0.6536984,0.05515772,0.67829686,0.052440703
2041,Eremophila mitchellii,0.844504,0.69224495,0.80533695,0.039167047,0.5920557,0.10018927
2042,Eremophila sturtii,0.98082894,0.95681757,0.9754013,0.0054276586,0.9721108,-0.015293241
2043,Eriachne aristidea,0.32089457,-1.2907609,0.43032432,-0.10942975,-1.3602484,0.06948757
2044,Eriachne burkittii,0.93439794,0.26957974,0.69520307,0.23919487,-1.5180025,1.7875823
2045,Eriachne ciliata,0.8582695,0.86012655,0.7518825,0.10638702,0.845574,0.014552534
2046,Eriachne glauca,0.8425027,0.92218864,0.80675685,0.03574586,0.97689456,-0.054705918
2047,Eriachne melicacea,0.9516937,0.9449382,0.9096769,0.042016804,0.9439282,0.0010100007
2048,Eriachne mucronata,0.8654437,0.8346713,0.77814263,0.087301075,0.7593938,0.07527751
2049,Eriachne obtusa,0.83217156,0.92577106,0.7218392,0.11033237,0.9278468,-0.0020757318
2050,Eriachne pallescens,0.92963463,0.92861676,0.9112166,0.018418014,0.90656006,0.022056699
2051,Eriachne rara,0.8216369,0.9727499,0.7476417,0.07399523,0.777073,0.19567686
2052,Eriachne stipacea,0.8690503,0.92504567,0.8218519,0.047198415,0.95928043,-0.034234762
2053,Eriachne triseta,0.89599335,0.8062094,0.89014333,0.005850017,0.9753358,-0.16912639
2054,Erianthus giganteus,0.7887076,0.31606922,0.7580049,0.03070271,0.080459796,0.23560941
2055,Erica arborea,0.88197225,0.8637563,0.8801183,0.0018539429,0.8507245,0.013031781
2056,Erica cinerea,0.8888085,0.9092617,0.9036283,-0.014819801,0.9139799,-0.0047181845
2057,Erica filago,0.92262924,0.873944,0.9172414,0.0053878427,0.8929535,-0.01900953
2058,Erica manipuliflora,0.9562702,0.9643801,0.9621177,-0.005847454,0.93962234,0.024757743
2059,Erica spiculifolia,0.95859504,0.98841995,0.9448236,0.013771415,0.9634978,0.024922132
2060,Erica tetralix,0.9026432,0.8781765,0.9177123,-0.0150690675,0.9192619,-0.041085362
2061,Erica vagans,0.9469867,0.88718456,0.95282847,-0.0058417916,0.9677602,-0.080575645
2062,Ericameria linearifolia,0.9104621,0.9472238,0.91301036,-0.0025482774,0.91494435,0.03227943
2063,Ericameria nauseosa,0.7364586,0.5048761,0.6921214,0.044337213,0.5167173,-0.011841238
2064,Erigeron acris,0.8455038,-1.7388865,0.6856214,0.15988243,-3.6357882,1.8969017
2065,Erigeron alpinus,0.88382417,0.979467,0.8565557,0.02726847,-0.49845326,1.4779203
2066,Erigeron bonariensis,0.75011736,0.8611148,0.41502348,0.3350939,-0.665376,1.5264908
2067,Erigeron canadensis,0.7926822,-0.45351747,0.78112423,0.011557937,0.2507819,-0.70429933
2068,Erigeron divergens,0.9059986,0.9977803,0.93597513,-0.029976547,0.9751255,0.022654831
2069,Erigeron ochroleucus,0.8432666,0.82737005,0.8104782,0.032788396,0.22177124,0.6055988
2070,Erigeron peregrinus,0.8697341,0.7001749,0.87350917,-0.0037750602,0.7167529,-0.016577959
2071,Erigeron pulchellus,0.8560328,0.81387615,0.8711928,-0.015160024,0.7437811,0.07009506
2072,Erigeron speciosus,0.88140464,-1.052912,0.8108212,0.07058346,0.3904418,-1.4433538
2073,Erigeron uniflorus,0.94738925,0.9321965,0.95744807,-0.01005882,0.9649842,-0.03278768
2074,Erigeron vernus,0.8657705,0.9553349,0.8581646,0.0076059103,0.93330455,0.022030354
2075,Erinus alpinus,0.95215684,0.979822,0.9561904,-0.0040335655,0.9987353,-0.018913329
2076,Eriobotrya deflexa,0.66017294,0.39002997,0.71513337,-0.05496043,0.5951751,-0.20514512
2077,Eriocaulon compressum,0.88882256,0.98106605,0.8737428,0.015079737,0.87041396,0.11065209
2078,Eriocaulon decangulare,0.9293667,0.98416954,0.9280911,0.001275599,0.954767,0.029402554
2079,Eriochloa crebra,0.8484986,0.8549673,0.7540313,0.09446728,0.79382664,0.061140656
2080,Eriochloa procera,0.8980131,0.568768,0.83161086,0.06640226,0.94760615,-0.37883812
2081,Eriochloa pseudoacrotricha,0.76012015,-3.4251523,0.72227836,0.037841797,-3.4818678,0.05671549
2082,Eriocoma hymenoides,0.81787103,0.7184962,0.7936535,0.024217546,0.6834209,0.035075307
2083,Eriocoma lemmonii,0.8965189,-4.4043636,0.9181328,-0.021613896,-2.1791964,-2.2251673
2084,Eriocoma occidentalis,0.7810988,0.13666008,0.79948837,-0.018389583,0.07614866,0.060511425
2085,Eriocoma richardsonii,0.89473933,0.7992459,0.90367025,-0.008930922,0.92368263,-0.124436736
2086,Eriogonum fasciculatum,0.944532,0.9569747,0.9289701,0.015561879,0.9054542,0.051520467
2087,Eriogonum heracleoides,0.8805584,0.98811954,0.86113334,0.019425035,0.93186855,0.05625099
2088,Eriogonum inflatum,0.84276307,-0.16016807,0.8665091,-0.023746014,-0.5205773,0.36040926
2089,Eriogonum racemosum,0.93883115,0.8440411,0.95172274,-0.012891591,0.980669,-0.13662791
2090,Eriogonum tomentosum,0.93739396,0.9343237,0.907265,0.030128956,0.95649797,-0.02217424
2091,Eriogonum umbellatum,0.8364818,0.7178633,0.7819446,0.054537237,0.8079622,-0.09009886
2092,Eriogonum wrightii,0.883549,0.73173,0.8383281,0.045220852,0.8706013,-0.13887131
2093,Eriophorum angustifolium,0.8779776,0.873721,0.86316216,0.01481545,0.8906189,-0.016897917
2094,Eriophorum latifolium,0.83613825,0.93798065,0.8078631,0.028275132,0.9218602,0.016120434
2095,Eriophorum scheuchzeri,0.95832527,0.9932552,0.95302224,0.0053030252,0.9912003,0.0020548701
2096,Eriophorum triste,0.9279535,0.80605483,0.91440254,0.013550937,0.9423154,-0.13626057
2097,Eriophorum vaginatum,0.9067938,0.8937786,0.8933499,0.013443887,0.89563143,-0.0018528104
2098,Erodium cicutarium,0.78569615,0.47504547,0.7907351,-0.0050389767,0.7018785,-0.22683302
2099,Erodium laciniatum,0.8783372,0.21285576,0.8357912,0.042546034,0.7820981,-0.56924236
2100,Erycibe henryi,0.8958899,0.89474726,0.90164804,-0.0057581663,0.9755014,-0.08075416
2101,Eryngium amethystinum,0.9059535,0.86825234,0.9258268,-0.019873261,0.96785164,-0.0995993
2102,Eryngium campestre,0.85508525,0.81722105,0.8481691,0.0069161654,0.82815194,-0.010930896
2103,Eryngium humile,0.59309393,0.2573272,0.5148739,0.07822001,0.059168424,0.19815877
2104,Eryngium ilicifolium,0.97628856,0.95566756,0.9296855,0.046603084,0.26138556,0.694282
2105,Eryngium maritimum,0.9587583,0.9368039,0.9708783,-0.0121200085,0.98823154,-0.051427662
2106,Eryngium planum,0.9429727,0.7388838,0.90204024,0.040932477,0.8388471,-0.09996331
2107,Eryngium yuccifolium,0.8757717,0.86312777,0.8148643,0.060907423,0.80578035,0.057347417
2108,Erysimum diffusum,0.93356806,0.76566756,0.947221,-0.013652921,0.96093345,-0.19526589
2109,Erysimum flavum,0.85202146,0.86937934,0.85505676,-0.003035307,0.7617982,0.10758114
2110,Erysimum rhaeticum,0.9030907,0.6941543,0.85033274,0.05275798,0.6999274,-0.0057730675
2111,Erythrina falcata,0.8225323,0.79552644,0.7650584,0.057473898,0.75658566,0.038940787
2112,Erythrina herbacea,0.9527251,0.89248294,0.93688047,0.015844643,0.8568051,0.03567785
2113,Erythrina vespertilio,0.7506317,0.8273843,0.7164961,0.03413558,0.35667294,0.47071135
2114,Erythronium dens-canis,0.9290139,0.8996473,0.9172213,0.0117926,0.8483612,0.0512861
2115,Erythronium grandiflorum,0.8810159,0.67968774,0.8528611,0.02815479,0.7084224,-0.028734684
2116,Erythrophleum africanum,0.9060405,0.7542753,0.62325937,0.28278112,-0.25444707,1.0087224
2117,Erythrophleum chlorostachys,0.8388048,0.73092324,0.8140539,0.024750888,0.7581575,-0.027234256
2118,Erythroxylum australe,0.89350474,0.97703946,0.89025426,0.0032504797,0.94379956,0.0332399
2119,Erythroxylum deciduum,0.69400305,0.5077812,0.6421789,0.051824152,0.46059403,0.04718718
2120,Erythroxylum ellipticum,0.88164,0.74162126,0.84302336,0.038616657,0.7747589,-0.03313762
2121,Eschenbachia subscaposa,0.8453481,0.7121752,0.8733652,-0.028017104,0.7543526,-0.04217744
2122,Esenbeckia grandiflora,0.9079276,0.87817824,0.87695605,0.030971527,0.8125684,0.06560981
2123,Eucalyptus acmenoides,0.91791445,-0.10056497,0.8909546,0.026959836,0.005811902,-0.10637687
2124,Eucalyptus albens,0.9715645,0.96434116,0.97136617,0.00019830465,0.97635025,-0.012009084
2125,Eucalyptus blakelyi,0.9638049,0.98948365,0.9618809,0.0019239783,0.9919511,-0.0024674535
2126,Eucalyptus brownii,0.9660519,0.9275773,0.927754,0.03829789,0.9762469,-0.048669577
2127,Eucalyptus camaldulensis,0.70947945,0.84595686,0.7273608,-0.017881334,0.7018413,0.14411557
2128,Eucalyptus cambageana,0.94335365,0.8740433,0.90582705,0.037526608,0.8243585,0.049684763
2129,Eucalyptus carnea,0.97135353,0.95239687,0.96258104,0.008772492,0.93445385,0.017943025
2130,Eucalyptus chartaboma,0.94720495,0.8820374,0.88120574,0.06599921,0.97927916,-0.09724176
2131,Eucalyptus chloroclada,0.93781805,0.9178766,0.92527395,0.0125440955,0.9330113,-0.015134692
2132,Eucalyptus chlorophylla,0.9047545,0.94132686,0.8342517,0.07050282,0.9406136,0.0007132292
2133,Eucalyptus cloeziana,0.9760991,0.94101363,0.9339814,0.042117655,0.8676772,0.07333642
2134,Eucalyptus coolabah,0.9594265,0.95595235,0.9483857,0.011040807,0.9426278,0.013324559
2135,Eucalyptus crebra,0.8549382,0.82979465,0.8278669,0.027071297,0.79671776,0.033076882
2136,Eucalyptus cullenii,0.95387316,0.9487628,0.92262447,0.031248689,0.9424265,0.0063362718
2137,Eucalyptus drepanophylla,0.7713195,0.90821725,0.72529113,0.046028376,0.8058523,0.10236496
2138,Eucalyptus dumosa,0.974205,0.99639827,0.9724958,0.0017092228,0.9944519,0.0019463897
2139,Eucalyptus dwyeri,0.98043233,0.98662287,0.97980833,0.000624001,0.9987121,-0.0120892525
2140,Eucalyptus eugenioides,0.9730029,0.8742256,0.96599877,0.007004142,0.79226977,0.08195585
2141,Eucalyptus exilipes,0.9928875,0.9969618,0.9899775,0.002910018,0.96213186,0.034829915
2142,Eucalyptus exserta,0.9537172,0.96571994,0.93546396,0.018253207,0.8401555,0.12556446
2143,Eucalyptus fibrosa,0.9701771,0.9950485,0.9650473,0.005129814,0.9956602,-0.00061166286
2144,Eucalyptus grandis,0.94701207,0.9362106,0.9488686,-0.0018565059,0.873802,0.062408566
2145,Eucalyptus intertexta,0.95007676,0.9991552,0.93391925,0.016157508,0.7703112,0.22884405
2146,Eucalyptus latisinensis,0.99155253,0.99893,0.98559743,0.0059551,0.9823898,0.01654017
2147,Eucalyptus leptophleba,0.9182285,0.9599995,0.90240556,0.015822947,0.9246588,0.035340726
2148,Eucalyptus leucophloia,0.9712591,0.9398098,0.96026635,0.010992765,0.9780401,-0.0382303
2149,Eucalyptus leucophylla,0.9698738,0.8433425,0.9599015,0.009972274,0.9919224,-0.1485799
2150,Eucalyptus longirostrata,0.9558809,0.9159276,0.93594164,0.019939244,0.93272156,-0.016793966
2151,Eucalyptus macrorhyncha,0.9412105,0.8967236,0.91412085,0.027089655,0.93839407,-0.04167044
2152,Eucalyptus melanophloia,0.7982692,-0.66817516,0.7844707,0.013798535,-0.6011566,-0.06701857
2153,Eucalyptus microcarpa,0.96150726,0.99461377,0.95484996,0.0066573024,0.9609124,0.03370136
2154,Eucalyptus microcorys,0.98802894,0.98996353,0.9856276,0.002401352,0.9948397,-0.0048761964
2155,Eucalyptus microneura,0.9804619,0.97096807,0.94486886,0.035593033,0.9932788,-0.022310734
2156,Eucalyptus microtheca,0.94114137,0.9323288,0.86217725,0.078964114,0.95087564,-0.01854682
2157,Eucalyptus moluccana,0.8683589,-0.16642413,0.78943944,0.07891947,-0.9452198,0.7787957
2158,Eucalyptus oleosa,0.98028725,0.9990859,0.91435426,0.06593299,0.9234274,0.0756585
2159,Eucalyptus oreades,0.4227636,-1.7442513,0.20936944,0.21339415,-9.276242,7.531991
2160,Eucalyptus persistens,0.9551465,0.99690515,0.93975455,0.015391946,0.9945431,0.0023620725
2161,Eucalyptus pilularis,0.9538857,-0.41367766,0.94039375,0.013491929,-0.9923467,0.5786691
2162,Eucalyptus platyphylla,0.9205315,0.94293565,0.91286063,0.0076708794,0.95061785,-0.0076822042
2163,Eucalyptus populnea,0.7586677,-1.5719947,0.7313053,0.027362406,-1.3540454,-0.21794927
2164,Eucalyptus propinqua,0.98190653,0.99582803,0.9791015,0.0028050542,0.99360454,0.0022234917
2165,Eucalyptus pruinosa,0.94659793,0.95517075,0.86125463,0.0853433,0.9252549,0.02991587
2166,Eucalyptus punctata,0.97890306,0.8973915,0.98098224,-0.0020791888,0.9816303,-0.08423883
2167,Eucalyptus resinifera,0.9604626,0.41058826,0.9522369,0.008225739,0.77634543,-0.36575717
2168,Eucalyptus saligna,0.9863397,0.98863506,0.9821892,0.00415051,0.9962914,-0.007656336
2169,Eucalyptus shirleyi,0.96338105,0.8535907,0.9444782,0.018902838,0.90546846,-0.051877737
2170,Eucalyptus siderophloia,0.9638964,0.9778476,0.9565487,0.007347703,0.9699192,0.007928371
2171,Eucalyptus sideroxylon,0.9673286,0.98488146,0.9605279,0.006800711,0.9972076,-0.012326121
2172,Eucalyptus similis,0.97243685,0.9984482,0.9474901,0.02494675,0.9861508,0.012297392
2173,Eucalyptus tereticornis,0.90552676,0.91784644,0.87137496,0.034151793,0.88727653,0.030569911
2174,Eucalyptus tetrodonta,0.91808546,0.8254498,0.89432156,0.023763895,0.8823211,-0.056871295
2175,Eucalyptus whitei,0.95513636,0.9961569,0.92073816,0.034398198,0.9557494,0.04040748
2176,Euchiton involucratus,0.9472288,0.9839658,0.94319606,0.004032731,0.88641393,0.09755188
2177,Euchiton sphaericus,0.87869066,0.93534005,0.8689671,0.009723544,0.9635814,-0.028241336
2178,Euclea divinorum,0.86580795,0.9501186,0.8612646,0.004543364,0.8137927,0.1363259
2179,Euclea racemosa,0.8306824,0.7352476,0.8076401,0.023042321,0.74489015,-0.009642541
2180,Eugenia catharinensis,0.87742734,0.88047314,0.82826555,0.04916179,0.74632114,0.134152
2181,Eugenia handroana,0.8184524,0.7466987,0.7859043,0.03254813,0.5954996,0.1511991
2182,Eugenia involucrata,0.6438503,0.30458552,0.6234224,0.020427942,0.2972985,0.0072870255
2183,Eugenia kleinii,0.87921256,0.8965417,0.84773284,0.031479716,0.84594876,0.05059296
2184,Eugenia uniflora,0.70678085,0.3775455,0.5333114,0.17346942,-0.8914547,1.2690002
2185,Eugenia verticillata,0.7629643,0.5639661,0.6734332,0.08953112,0.27045113,0.29351497
2186,Eulalia mackinlayi,0.9728206,0.8855053,0.95383036,0.018990219,0.96883684,-0.083331525
2187,Euonymus americanus,0.8234655,0.8222109,0.78887737,0.034588158,0.75213987,0.07007104
2188,Euonymus europaeus,0.78996384,0.7092889,0.80100894,-0.011045098,0.7421853,-0.0328964
2189,Euonymus latifolius,0.89890134,0.87348974,0.8976267,0.0012746453,0.833815,0.03967476
2190,Euonymus oxyphyllus,0.9218491,0.8436463,0.92051286,0.0013362169,0.8346319,0.009014368
2191,Euonymus spraguei,0.7890869,0.8069741,0.8488889,-0.059801996,0.7718158,0.035158336
2192,Euonymus tashiroi,0.9269065,0.9284398,0.87649935,0.05040717,0.9431332,-0.014693379
2193,Euonymus verrucosus,0.91730034,0.97022843,0.91343987,0.0038604736,0.95169926,0.018529177
2194,Eupatorium album,0.80354977,0.8544706,0.7710389,0.032510877,0.8077307,0.046739936
2195,Eupatorium cannabinum,0.7776317,0.8498618,0.77929014,-0.0016584396,0.91567856,-0.06581676
2196,Eupatorium capillifolium,0.6704243,0.28302735,0.6761278,-0.005703509,0.5509951,-0.26796776
2197,Eupatorium compositifolium,0.91454315,0.9481215,0.90991795,0.004625201,0.93730885,0.01081264
2198,Eupatorium glaucescens,0.8394207,0.65019745,0.85641265,-0.016991973,0.4783929,0.17180455
2199,Eupatorium hyssopifolium,0.8094489,0.47614387,0.8496813,-0.04023242,0.5965286,-0.12038472
2200,Eupatorium leucolepis,0.8996444,0.80466366,0.87146866,0.028175712,0.81151485,-0.0068511963
2201,Eupatorium pilosum,0.8463988,0.87308514,0.84100074,0.005398035,0.8218136,0.051271558
2202,Eupatorium rotundifolium,0.76014155,0.77778536,0.79528385,-0.035142303,0.37204918,0.40573618
2203,Euphorbia amygdaloides,0.6765634,0.7021311,0.71053874,-0.033975363,0.7173802,-0.015249133
2204,Euphorbia angulata,0.9595793,0.9984168,0.9495065,0.010072768,0.86360765,0.13480914
2205,Euphorbia bifida,0.81958365,-0.82868034,0.8314385,-0.011854827,0.48324484,-1.3119252
2206,Euphorbia characias,0.9067117,0.89418405,0.90390664,0.0028050542,0.9299516,-0.035767555
2207,Euphorbia coghlanii,0.88058186,0.8410226,0.8500526,0.03052926,0.75025964,0.09076297
2208,Euphorbia convolvuloides,0.8097148,0.7480978,0.7522281,0.057486713,0.7820782,-0.03398043
2209,Euphorbia corollata,0.78223443,0.7043962,0.7770032,0.0052312016,0.6726537,0.031742513
2210,Euphorbia curtisii,0.9503371,0.98418736,0.9364632,0.013873935,0.98475534,-0.00056797266
2211,Euphorbia cyparissias,0.8417511,0.87889713,0.83848774,0.0032633543,0.84203017,0.036866963
2212,Euphorbia dallachyana,0.8489691,0.63330305,0.79080415,0.058164954,0.89941835,-0.2661153
2213,Euphorbia dendroides,0.9593197,0.8830408,0.9633516,-0.0040318966,0.7961891,0.08685166
2214,Euphorbia drummondii,0.8174419,0.77112234,0.79814947,0.019292414,0.6960395,0.07508284
2215,Euphorbia dulcis,0.8509979,0.8100936,0.84483534,0.006162584,0.8637578,-0.053664207
2216,Euphorbia esula,0.8013146,0.84742326,0.65088105,0.15043354,0.83170915,0.015714109
2217,Euphorbia exigua,0.7981032,0.55222446,0.8545393,-0.05643606,0.7269962,-0.17477173
2218,Euphorbia exserta,0.93500406,0.9896984,0.9196834,0.015320659,0.98299277,0.0067056417
2219,Euphorbia helioscopia,0.7922708,0.86466986,0.82064867,-0.02837789,-0.40108553,1.2657554
2220,Euphorbia hyberna,0.9262083,0.959911,0.93242824,-0.0062199235,0.97851795,-0.01860696
2221,Euphorbia inaequilatera,0.9471088,0.558908,0.8060933,0.14101553,0.14845057,0.41045743
2222,Euphorbia ipecacuanhae,0.92073214,0.9078893,0.925121,-0.004388869,0.93827915,-0.030389845
2223,Euphorbia mitchelliana,0.68410915,0.4696719,0.66644347,0.017665684,0.5956364,-0.12596452
2224,Euphorbia myrsinites,0.9189801,0.9642115,0.9396383,-0.020658195,0.97233593,-0.008124411
2225,Euphorbia nicaeensis,0.9699695,0.93523765,0.9547187,0.015250802,0.93505764,0.00018000603
2226,Euphorbia palustris,0.9332898,0.7021062,0.890516,0.042773843,0.2723887,0.42971748
2227,Euphorbia paralias,0.96041954,0.9310312,0.9627768,-0.0023572445,0.9929682,-0.061936975
2228,Euphorbia peplus,0.8785293,-2.9124775,0.89334047,-0.014811158,-0.26789027,-2.6445873
2229,Euphorbia pubentissima,0.7250159,0.6189607,0.68353784,0.041478038,0.7096763,-0.09071565
2230,Euphorbia schimperiana,0.6635044,-0.34099856,0.8685294,-0.20502496,0.94522065,-1.2862192
2231,Euphorbia seguieriana,0.93940437,0.9957111,0.89119947,0.0482049,0.99750304,-0.001791954
2232,Euphorbia spinosa,0.9520526,0.9078361,0.92289,0.029162586,0.9785949,-0.07075882
2233,Euphorbia tannensis,0.87144715,0.9703973,0.7484092,0.123037934,0.96183234,0.008564949
2234,Euphorbia ugandensis,0.75249875,0.52302563,0.698622,0.053876758,0.47470447,0.048321158
2235,Euphorbia virgata,0.9527715,-0.009898644,0.9637334,-0.01096189,0.17903706,-0.18893571
2236,Euphrasia alpina,0.8809984,0.63732815,0.8162316,0.064766765,0.8348225,-0.19749433
2237,Euphrasia frigida,0.8664795,0.9005555,0.85970217,0.006777346,0.9400384,-0.03948289
2238,Euphrasia minima,0.95051765,0.96033555,0.9541059,-0.0035882592,0.97452295,-0.014187396
2239,Euphrasia nemorosa,0.9269352,0.99908,0.8599576,0.06697762,0.99855816,0.00052183867
2240,Euphrasia officinalis,0.60241085,0.86861086,0.63168466,-0.029273808,0.82233566,0.0462752
2241,Euphrasia pectinata,0.8284861,0.7851703,0.7759621,0.05252397,0.9069783,-0.12180799
2242,Euphrasia picta,0.8908799,0.06616443,0.8972366,-0.0063566566,0.22722389,-0.16105947
2243,Euphrasia salisburgensis,0.9311076,0.96319044,0.92841345,0.00269413,0.9497802,0.013410211
2244,Euphrasia stricta,0.5938223,0.6358317,0.57193506,0.021887243,0.5426282,0.093203485
2245,Euphrasia tatrae,0.95921254,0.9896734,0.9638823,-0.0046697855,0.99119866,-0.0015252829
2246,Euploca ballii,0.9714226,0.9910873,0.95999885,0.011423767,0.9702502,0.020837128
2247,Euploca cunninghamii,0.9054657,0.82605404,0.8420641,0.06340164,0.93955433,-0.1135003
2248,Euploca peninsularis,0.8548897,0.51786196,0.7492666,0.10562307,0.36348838,0.15437359
2249,Euploca tenuifolia,0.91117203,0.8455652,0.8206891,0.09048295,0.9097221,-0.06415689
2250,Eupomatia laurina,0.9082277,0.9960606,0.84295595,0.065271735,0.9404852,0.05557543
2251,Euroschinus falcatus,0.8473619,0.8345564,0.8457787,0.0015832186,0.98047596,-0.14591956
2252,Eurya acuminata,0.5026197,-0.20290929,0.6575712,-0.15495151,0.58327436,-0.78618366
2253,Eurya chinensis,0.6302116,0.5244674,0.5714509,0.058760703,0.2309685,0.2934989
2254,Eurya crenatifolia,0.84545654,0.89113396,0.84391636,0.001540184,0.92091155,-0.029777586
2255,Eurya glaberrima,0.82103115,0.79480314,0.8602373,-0.039206147,0.87996525,-0.0851621
2256,Eurya japonica,0.92529714,0.87824005,0.89664686,0.028650284,0.7545064,0.12373364
2257,Eurya leptophylla,0.7811295,0.68672127,0.81400084,-0.032871366,0.75753164,-0.07081038
2258,Eurya loquaiana,0.636653,0.29462603,0.67197645,-0.03532344,0.3831405,-0.08851448
2259,Eurya nitida,0.7081981,0.76451874,0.71360934,-0.0054112673,0.13521145,0.62930727
2260,Eurya strigillosa,0.81318337,0.80875117,0.8267452,-0.013561845,0.81060666,-0.0018554926
2261,Eurybia chlorolepis,0.9264269,0.87027454,0.9437382,-0.017311335,0.89049083,-0.020216286
2262,Eurybia divaricata,0.8588819,0.7977859,0.864242,-0.0053601265,0.7379671,0.059818804
2263,Eurybia macrophylla,0.9304756,0.9757212,0.9328222,-0.0023466349,0.9648025,0.010918677
2264,Eurybia sibirica,0.98146665,0.9989964,0.973092,0.008374631,0.97947884,0.019517541
2265,Eustrephus latifolius,0.89917845,0.8562799,0.8647132,0.034465253,0.82468784,0.03159207
2266,Euterpe edulis,0.94894063,0.91425866,0.951759,-0.002818346,0.9340215,-0.019762814
2267,Euthamia caroliniana,0.8397474,0.9128997,0.8510505,-0.011303067,0.9187477,-0.00584805
2268,Eutrochium fistulosum,0.7774324,0.8848372,0.7463956,0.031036794,-0.24091357,1.1257508
2269,Eutrochium purpureum,0.8597128,0.82727516,0.8602618,-0.0005490184,0.8204275,0.0068476796
2270,Everistia vacciniifolia,0.8197068,0.60723656,0.7812797,0.038427114,0.8171896,-0.20995301
2271,Evolvulus alsinoides,0.777812,0.12042732,0.7805591,-0.0027471185,0.26155734,-0.14113003
2272,Excoecaria parvifolia,0.9385305,0.9123901,0.80751026,0.13102025,0.87223643,0.040153682
2273,Exocarpos aphyllus,0.5804618,0.9768508,0.5330713,0.04739052,0.9671862,0.009664595
2274,Exocarpos cupressiformis,0.8475565,0.7771047,0.83805037,0.009506106,0.22756487,0.5495398
2275,Exocarpos latifolius,0.87032914,0.7106255,0.8502972,0.020031929,0.7748521,-0.06422657
2276,Fagus grandifolia,0.74800247,0.4004121,0.69909173,0.048910737,0.2890187,0.11139342
2277,Fagus sylvatica,0.8032214,0.7105336,0.7970968,0.0061246157,0.70647025,0.004063368
2278,Falcaria vulgaris,0.9482275,0.9611117,0.92577577,0.022451758,0.9670776,-0.0059658885
2279,Fallopia convolvulus,0.7623052,0.86598724,0.6988104,0.0634948,0.8482495,0.017737746
2280,Fallopia dumetorum,0.87823087,-0.29159123,0.80955046,0.068680406,-4.5522237,4.2606325
2281,Fallugia paradoxa,0.8982411,0.40694907,0.8230818,0.07515931,0.98838997,-0.5814409
2282,Falona echinata,0.8554741,0.90841687,0.86342907,-0.007954955,0.94308853,-0.034671664
2283,Faramea montevidensis,0.8847671,0.81231254,0.9040055,-0.019238412,0.8868969,-0.074584365
2284,Farsetia aegyptia,0.6947917,-0.03936555,0.614294,0.08049768,0.036217514,-0.07558306
2285,Farsetia occidentalis,0.809075,0.67217886,0.73298436,0.076090634,0.67232656,-0.00014770031
2286,Fatsia polycarpa,0.77180433,0.71958286,0.815169,-0.043364644,0.7419457,-0.022362828
2287,Feretia apodanthera,0.882722,0.83121556,0.8702192,0.012502849,0.9447047,-0.11348915
2288,Ferocactus wislizeni,0.8352976,0.8119048,0.8570436,-0.02174604,0.37416095,0.43774384
2289,Festuca airoides,0.9783834,0.9991143,0.9826548,-0.004271388,0.95536405,0.043750226
2290,Festuca altaica,0.9719792,0.9704905,0.96926636,0.0027128458,0.9276284,0.042862117
2291,Festuca arizonica,0.9180039,0.8709183,0.9478825,-0.029878557,0.9966787,-0.12576044
2292,Festuca brachyphylla,0.93014765,0.96530044,0.94233817,-0.012190521,0.88203764,0.0832628
2293,Festuca bromoides,0.78577936,0.5588327,0.83433914,-0.048559785,0.81670946,-0.25787675
2294,Festuca dahurica,0.92547715,0.94310975,0.8187793,0.10669786,0.7512149,0.19189483
2295,Festuca drymeja,0.87242734,0.8844905,0.78693414,0.08549321,0.7635972,0.1208933
2296,Festuca eskia,0.9838297,0.9308357,0.9822591,0.0015705824,0.9785455,-0.047709763
2297,Festuca fasciculata,0.9114303,0.9237911,0.9430443,-0.031614006,0.98346716,-0.05967605
2298,Festuca filiformis,0.75254905,0.9769555,0.7173732,0.03517586,0.9862261,-0.009270608
2299,Festuca flavescens,0.9840954,0.9923763,0.9816532,0.002442181,0.9830228,0.0093535185
2300,Festuca glauca,0.7098919,-0.17971571,0.60328263,0.106609285,-0.40666193,0.22694622
2301,Festuca halleri,0.96502763,0.97543126,0.96548915,-0.00046151876,0.98556095,-0.01012969
2302,Festuca heterophylla,0.5564736,-0.37584993,0.48917398,0.067299634,-0.7191426,0.34329268
2303,Festuca idahoensis,0.95838016,0.96197516,0.9410084,0.017371774,0.9169652,0.04500997
2304,Festuca incurva,0.92820257,0.81597954,0.9093422,0.01886034,0.90614253,-0.09016299
2305,Festuca lenensis,0.8059566,0.75973886,0.75606203,0.04989457,0.13697395,0.62276495
2306,Festuca litvinovii,0.92124176,0.88523376,0.8294312,0.091810584,0.5819391,0.30329466
2307,Festuca myuros,0.78665036,0.8086105,0.7871793,-0.0005289316,0.9013169,-0.09270638
2308,Festuca nigrescens,0.6470944,-0.51537955,0.37998688,0.26710755,-0.89969474,0.3843152
2309,Festuca nitida,0.98269737,0.9145233,0.6869182,0.29577917,-1.7975662,2.7120895
2310,Festuca norica,0.959608,0.89622664,0.95242935,0.007178664,0.2710749,0.62515175
2311,Festuca occidentalis,0.85363775,0.89183617,0.8732392,-0.019601464,0.4292253,0.46261087
2312,Festuca ovina,0.782308,0.78376335,0.7600528,0.022255182,0.8017883,-0.018024921
2313,Festuca pallens,0.9552334,0.93693453,0.9491544,0.006079018,0.94312143,-0.0061869025
2314,Festuca picturata,0.9695098,0.9786519,0.9630875,0.0064222813,0.9188704,0.05978149
2315,Festuca pilgeri,0.904588,0.8743585,0.9537914,-0.049203396,0.9496649,-0.075306416
2316,Festuca pseudodura,0.9736361,0.90624195,0.9743897,-0.0007535815,0.9824901,-0.07624817
2317,Festuca richardsonii,0.9379732,0.8502769,0.9350945,0.0028787255,-0.12276073,0.9730376
2318,Festuca rubra,0.78540635,0.63582164,0.76363975,0.021766603,0.67169535,-0.03587371
2319,Festuca rupicaprina,0.9584358,0.890138,0.96698326,-0.008547485,0.85551846,0.03461951
2320,Festuca rupicola,0.8881769,0.9592713,0.8801247,0.00805223,0.90269697,0.056574345
2321,Festuca sibirica,0.9342269,0.7907011,0.8747641,0.059462786,0.5099164,0.28078467
2322,Festuca subverticillata,0.7248933,0.3671685,0.7037929,0.021100342,0.28202826,0.08514023
2323,Festuca tatrae,0.9235953,0.96424717,0.9209411,0.0026541948,0.9897859,-0.025538743
2324,Festuca valesiaca,0.91171294,0.94237274,0.86261,0.049102962,0.8880995,0.054273248
2325,Festuca varia,0.9525207,0.8272147,0.9702194,-0.017698646,0.91401225,-0.086797535
2326,Festuca versicolor,0.9440002,0.9946068,0.9365751,0.00742507,0.967431,0.027175784
2327,Festuca violacea,0.9679064,0.9751924,0.9710228,-0.0031163692,0.9876383,-0.012445867
2328,Festuca vivipara,0.918026,0.86727744,0.92576456,-0.0077385902,0.91050756,-0.043230116
2329,Ficus adhatodifolia,0.8734265,0.86239296,0.87033796,0.0030885339,0.8137697,0.048623264
2330,Ficus coronata,0.9702851,0.97450393,0.9707057,-0.00042057037,0.9979448,-0.023440838
2331,Ficus fistulosa,0.90999305,0.85403174,0.8450173,0.06497574,0.8426389,0.011392832
2332,Ficus formosana,0.81949896,0.7738409,0.7929498,0.02654916,0.7075574,0.066283524
2333,Ficus luschnathiana,0.7181725,0.60182613,0.7133409,0.004831612,0.45502633,0.1467998
2334,Ficus opposita,0.70813954,0.6605877,0.69494355,0.0131959915,0.5906966,0.069891155
2335,Ficus pumila,0.68423337,0.6442751,0.7177673,-0.03353393,0.58553976,0.05873537
2336,Ficus rubiginosa,0.8199902,0.92698216,0.8235609,-0.0035706758,0.94931763,-0.02233547
2337,Ficus septica,0.98601127,0.9991382,0.9736547,0.012356579,0.9995723,-0.00043410063
2338,Ficus virgata,0.98971623,0.90219027,0.9814952,0.00822103,0.9781615,-0.075971246
2339,Filago arvensis,0.9348461,0.7624253,0.873413,0.061433077,0.86222106,-0.09979576
2340,Filago congesta,0.8757704,-0.34060174,0.7370346,0.13873577,-1.6480831,1.3074813
2341,Filago germanica,0.8437106,-0.3071521,0.84053236,0.0031782389,0.5566974,-0.8638495
2342,Filago pyramidata,0.844624,0.5984494,0.789823,0.054800987,0.20807315,0.39037627
2343,Filipendula ulmaria,0.7596123,0.65972424,0.7310944,0.028517902,0.71943796,-0.05971372
2344,Filipendula vulgaris,0.87622225,0.81436765,0.8512185,0.025003731,0.7848709,0.02949673
2345,Fimbristylis acicularis,0.8837421,0.99585086,0.8474818,0.036260307,-0.9349404,1.9307913
2346,Fimbristylis cinnamometorum,0.94685555,0.9923189,0.9080425,0.038813055,0.91399264,0.078326285
2347,Fimbristylis dichotoma,0.843029,0.80451894,0.7885377,0.05449134,0.68512523,0.11939371
2348,Fimbristylis littoralis,0.91141194,0.5028493,0.89437675,0.017035186,-1.0979816,1.6008308
2349,Fimbristylis microcarya,0.8179703,0.9243315,0.7641839,0.053786397,-1.5290542,2.4533856
2350,Fimbristylis puberula,0.98245597,0.9996441,0.97728175,0.0051742196,0.9637496,0.035894513
2351,Fimbristylis recta,0.9096002,0.70528495,0.869889,0.039711177,0.61357224,0.09171271
2352,Fimbristylis vaginata,0.8729447,0.79122263,0.7992152,0.073729515,0.24110425,0.5501184
2353,Fingerhuthia africana,0.95686316,0.8011421,0.91959125,0.037271917,0.7759466,0.02519548
2354,Flacourtia indica,0.8510982,0.53288645,0.6898686,0.16122955,0.7078106,-0.17492414
2355,Flagellaria indica,0.9174957,0.6535069,0.9259893,-0.008493543,0.772312,-0.11880511
2356,Flemingia parviflora,0.84618086,0.7690568,0.8270997,0.019081175,0.7520142,0.017042577
2357,Flindersia dissosperma,0.95195687,0.8553186,0.91896343,0.032993436,0.92200464,-0.066686034
2358,Flindersia maculosa,0.937937,0.9566324,0.901347,0.03659004,0.80904865,0.14758372
2359,Flourensia cernua,0.9651044,0.9750371,0.953639,0.01146543,0.95399755,0.021039546
2360,Flueggea virosa,0.7512744,0.7576571,0.6785036,0.072770834,0.56275237,0.19490474
2361,Foeniculum vulgare,0.83393276,0.8519891,0.8792138,-0.045281053,-0.011970727,0.8639598
2362,Forestiera pubescens,0.9392734,0.9367788,0.9142074,0.025066018,0.97843385,-0.041655064
2363,Forsskaolea tenacissima,0.8885315,0.5430578,0.8824302,0.0061013103,-0.10055495,0.64361274
2364,Fouquieria splendens,0.9621314,0.9722945,0.95314276,0.008988619,0.93582225,0.03647226
2365,Fragaria moschata,0.8949757,0.9019635,0.8878061,0.0071696043,0.82809764,0.07386583
2366,Fragaria vesca,0.74929935,0.6344034,0.71359783,0.035701513,0.6122014,0.022202015
2367,Fragaria virginiana,0.8956792,0.91425884,0.86248636,0.033192813,0.6962693,0.21798956
2368,Fragaria viridis,0.9111256,0.8508784,0.88933843,0.021787167,0.7578924,0.09298605
2369,Frangula alnus,0.8480827,0.91646564,0.8357492,0.012333512,0.9310333,-0.014567673
2370,Frangula caroliniana,0.9117735,0.90131575,0.86669064,0.045082867,0.9030569,-0.0017411709
2371,Frankenia gracilis,0.13683695,-2.9275293,0.25696516,-0.120128214,-14.33717,11.40964
2372,Frankenia pulverulenta,0.96246636,-0.24923041,0.91974396,0.042722404,0.4763561,-0.72558653
2373,Frasera speciosa,0.9129901,0.6659824,0.8593099,0.05368018,-0.8182289,1.4842113
2374,Fraxinus americana,0.78485405,0.6459542,0.71395445,0.070899606,0.4847256,0.1612286
2375,Fraxinus angustifolia,0.8687408,0.974628,0.86139715,0.00734365,0.86971974,0.10490823
2376,Fraxinus chinensis,0.9055477,0.87040037,0.90256107,0.00298661,0.90330756,-0.032907188
2377,Fraxinus excelsior,0.7369037,0.58580965,0.7119119,0.02499181,0.5727756,0.013034046
2378,Fraxinus griffithii,0.8298988,0.80156744,0.7685008,0.06139797,0.4519957,0.34957173
2379,Fraxinus ornus,0.9073837,0.8920052,0.9050951,0.00228858,0.89686453,-0.0048593283
2380,Fraxinus pennsylvanica,0.93695515,0.9147546,0.93045586,0.0064992905,0.9545052,-0.039750576
2381,Fraxinus sieboldiana,0.83782923,0.74939287,0.7914947,0.046334505,0.7133669,0.03602594
2382,Fuirena ciliaris,0.9208793,0.5654105,0.84904855,0.07183075,0.4728602,0.09255031
2383,Fumana ericoides,0.8840362,0.023180434,0.86543715,0.018599033,0.14098205,-0.117801614
2384,Fumana procumbens,0.9282634,0.99016017,0.93089336,-0.0026299357,0.94633365,0.04382652
2385,Fumana thymifolia,0.8869394,0.80989605,0.8932877,-0.006348312,0.6314262,0.17846984
2386,Gagea lutea,0.83029103,0.9065704,0.8211811,0.009109914,0.46579367,0.4407767
2387,Gagea serotina,0.9740601,0.9912212,0.9574036,0.016656518,0.9917565,-0.0005353093
2388,Gahnia aspera,0.8556757,0.8160192,0.81966895,0.03600675,0.6623086,0.1537106
2389,Gahnia clarkei,0.98508435,0.925806,0.9852749,-0.00019055605,0.9736208,-0.047814786
2390,Gahnia melanocarpa,0.9862529,0.76815355,0.9872673,-0.0010144114,0.99956596,-0.23141241
2391,Gahnia sieberiana,0.897094,0.73596454,0.8527243,0.044369698,0.9448498,-0.20888525
2392,Gaillardia aristata,0.92565566,0.8893552,0.9044803,0.021175385,0.8526391,0.036716104
2393,Galactia elliottii,0.95353884,0.9699455,0.95332175,0.00021708012,0.9774055,-0.007459998
2394,Galactia erecta,0.9284998,0.8209276,0.9072403,0.021259546,0.88448554,-0.06355792
2395,Galactia muelleri,0.7188724,0.724712,0.8249403,-0.106067896,0.9406905,-0.2159785
2396,Galanthus nivalis,0.8141316,-0.7258086,0.7853521,0.028779507,0.8814298,-1.6072384
2397,Galatella angustissima,0.916573,0.88138807,0.9043182,0.012254775,0.9172775,-0.035889447
2398,Galatella biflora,0.88920224,0.93442386,0.8529026,0.036299646,0.7397809,0.19464296
2399,Galatella linosyris,0.93651116,0.93826884,0.9060714,0.030439734,0.92271364,0.015555203
2400,Galatella sedifolia,0.9755732,0.9988758,0.9776698,-0.0020965934,0.9253679,0.073507905
2401,Galax urceolata,0.88394994,0.8065986,0.9017236,-0.017773688,0.86995137,-0.06335276
2402,Galeopsis angustifolia,0.8636419,0.155706,0.8684305,-0.0047885776,0.6375947,-0.4818887
2403,Galeopsis bifida,0.8591118,0.72104675,0.78450114,0.07461065,0.9411737,-0.22012693
2404,Galeopsis pubescens,0.8500574,0.8076306,0.8582474,-0.008189976,0.8314651,-0.023834527
2405,Galeopsis speciosa,0.81689304,0.88983047,0.8451513,-0.028258264,0.92005545,-0.030224979
2406,Galeopsis tetrahit,0.7772819,0.82612455,0.76292276,0.014359117,0.84134483,-0.015220284
2407,Galium album,0.67911357,0.3920004,0.6651308,0.013982773,0.6429242,-0.25092378
2408,Galium anisophyllon,0.91345847,0.93551713,0.9095916,0.0038668513,0.9279134,0.007603705
2409,Galium aparine,0.7654557,0.8419296,0.7574943,0.007961452,0.83065635,0.011273265
2410,Galium aparinoides,0.8413025,0.7562567,0.83268845,0.008614063,0.45523605,0.30102065
2411,Galium boreale,0.8943723,0.7497375,0.8532568,0.041115463,0.736373,0.013364494
2412,Galium circaezans,0.7163776,-0.3319022,0.717803,-0.0014253855,0.6615078,-0.99341
2413,Galium divaricatum,0.83050585,0.070782036,0.8339929,-0.0034870505,0.96042234,-0.88964033
2414,Galium elongatum,0.7580108,-1.4142668,0.783013,-0.025002182,-6.876817,5.46255
2415,Galium glaucum,0.9302286,0.95730686,0.91884255,0.011386037,0.93631643,0.020990431
2416,Galium humile,0.9271159,0.76833797,0.7535267,0.17358923,0.38639963,0.38193834
2417,Galium hypocarpium,0.83166564,0.7681366,0.8351293,-0.0034636855,0.65123904,0.11689758
2418,Galium laevigatum,0.95387495,0.92334265,0.9571729,-0.003297925,0.9406113,-0.017268658
2419,Galium latifolium,0.8747001,0.75307596,0.8782717,-0.00357157,0.7297733,0.023302674
2420,Galium lucidum,0.84076715,0.89766675,0.8435979,-0.0028307438,0.8729463,0.02472043
2421,Galium megalospermum,0.95301664,0.9714216,0.952273,0.00074362755,0.9982384,-0.026816785
2422,Galium mollugo,0.6938871,0.5434415,0.65342367,0.040463448,0.5623926,-0.018951118
2423,Galium murale,0.9490907,0.32714084,0.9321343,0.016956449,0.7558009,-0.42866006
2424,Galium noricum,0.97653425,0.9477594,0.98011744,-0.0035831928,0.9605364,-0.0127770305
2425,Galium obliquum,0.92071563,0.69123167,0.8995135,0.021202147,0.926389,-0.23515731
2426,Galium obtusum,0.82718515,0.8618796,0.7959518,0.03123337,-0.23734948,1.0992291
2427,Galium octonarium,0.8782752,0.9244378,0.85878843,0.019486785,0.86058533,0.06385249
2428,Galium odoratum,0.84504974,0.8649674,0.84847784,-0.0034281015,0.85424936,0.010718048
2429,Galium parisiense,0.8502578,0.4917198,0.85842794,-0.008170128,0.16298248,0.32873732
2430,Galium pilosum,0.81857735,0.7895546,0.8538425,-0.035265148,0.9291484,-0.13959378
2431,Galium pumilum,0.7886018,0.8989456,0.7638115,0.024790287,0.91700387,-0.01805824
2432,Galium rotundifolium,0.82299185,0.9454011,0.8133547,0.009637177,0.91840756,0.026993513
2433,Galium ruwenzoriense,0.8180822,0.30324826,0.87225866,-0.05417645,0.82439554,-0.52114725
2434,Galium saxatile,0.93316406,0.89183545,0.93522537,-0.0020613074,0.91846937,-0.026633918
2435,Galium spurium,0.50009257,-2.2656572,0.49449873,0.0055938363,-0.2804564,-1.9852008
2436,Galium tinctorium,0.21633136,-7.2943788,0.2942391,-0.07790774,-10.703733,3.4093547
2437,Galium trifidum,0.88134575,-0.73581266,0.90235126,-0.021005511,-0.17121355,-0.5645991
2438,Galium triflorum,0.93771,0.9349683,0.90748364,0.03022635,0.9577234,-0.022755086
2439,Galium uliginosum,0.76731825,0.6911355,0.7362293,0.031088948,0.6733865,0.017749012
2440,Galium uniflorum,0.8016335,0.63732594,0.8133707,-0.011737227,0.7008731,-0.063547134
2441,Galium verum,0.7330814,0.6985135,0.7023611,0.030720294,0.66513515,0.033378363
2442,Gamochaeta americana,0.71091384,0.30370095,0.41364384,0.29727,-1.2657185,1.5694194
2443,Gamochaeta purpurea,0.87434,0.6767987,0.8990421,-0.024702132,0.9422686,-0.2654699
2444,Garcinia gardneriana,0.95494473,0.9705536,0.9445386,0.0104061365,0.8947673,0.07578629
2445,Gardenia brachythamnus,0.8611558,0.7657479,0.71121854,0.14993727,-0.064994946,0.83074284
2446,Gardenia jasminoides,0.88172424,0.7780564,0.86559385,0.016130388,0.74848807,0.029568315
2447,Gardenia vilhelmii,0.9630339,0.94287854,0.9187356,0.04429829,0.9778073,-0.03492874
2448,Garrya flavescens,0.9729538,0.9797818,0.9746907,-0.0017368793,0.9987321,-0.018950284
2449,Garrya wrightii,0.95623684,0.82972014,0.94522226,0.011014581,0.9655183,-0.13579816
2450,Gastridium ventricosum,0.8538481,-0.30134434,0.85516685,-0.0013187528,-0.27723262,-0.024111718
2451,Gaudinia fragilis,0.8649563,0.85525364,0.8580582,0.006898105,0.8380786,0.017175019
2452,Gaultheria procumbens,0.88307154,0.9210888,0.9063503,-0.023278773,0.9772109,-0.056122065
2453,Gaylussacia baccata,0.8269775,0.8716539,0.82969975,-0.0027222633,0.9157699,-0.04411596
2454,Gaylussacia dumosa,0.7915602,0.5623066,0.8150073,-0.023447156,0.41569555,0.14661103
2455,Gaylussacia frondosa,0.86361694,0.7987192,0.8533454,0.010271549,0.78944904,0.009270191
2456,Gaylussacia nana,0.9557351,0.900387,0.96334517,-0.0076100826,0.95872533,-0.058338344
2457,Gaylussacia ursina,0.956265,0.94635844,0.950444,0.0058209896,0.90574193,0.040616512
2458,Geijera parviflora,0.78936917,-0.96897525,0.7358974,0.053471744,-2.089875,1.1208997
2459,Geijera salicifolia,0.9183648,0.9611966,0.8645319,0.05383295,0.7997378,0.16145879
2460,Geitonoplesium cymosum,0.96522963,0.9802855,0.9596136,0.0056160092,0.9779807,0.002304852
2461,Gelasia villosa,0.91025776,0.7053781,0.91115415,-0.00089639425,0.9534615,-0.24808341
2462,Gelsemium sempervirens,0.77391607,0.6306428,0.78422666,-0.01031059,0.63366264,-0.0030198693
2463,Genista acanthoclada,0.838203,0.6445923,0.76892996,0.069273055,0.519803,0.1247893
2464,Genista anglica,0.8858896,0.9727125,0.89782774,-0.011938155,0.95513994,0.017572582
2465,Genista cinerea,0.9794712,0.993345,0.94569665,0.033774555,0.9294822,0.0638628
2466,Genista germanica,0.89537305,0.66808534,0.8516177,0.043755352,0.61917424,0.048911095
2467,Genista hispanica,0.8897091,0.87295914,0.88594526,0.0037638545,0.89028096,-0.017321825
2468,Genista pilosa,0.9128385,0.96235853,0.902645,0.010193527,0.9540902,0.008268356
2469,Genista sagittalis,0.90040666,0.92153907,0.89289725,0.0075094104,0.9810029,-0.05946386
2470,Genista scorpius,0.9323061,0.9319604,0.9072779,0.025028229,0.9124227,0.019537687
2471,Genista tinctoria,0.79216087,0.9212425,0.7722701,0.019890785,0.8403339,0.0809086
2472,Gentiana acaulis,0.9203816,0.9463284,0.93524396,-0.014862359,0.9590352,-0.012706816
2473,Gentiana alpina,0.98301077,0.88241094,0.9878078,-0.0047970414,0.99942714,-0.117016196
2474,Gentiana asclepiadea,0.9114113,0.92974514,0.91036403,0.0010472536,0.9309118,-0.0011666417
2475,Gentiana bavarica,0.95271796,0.9452559,0.9681855,-0.0154675245,0.9628309,-0.017575026
2476,Gentiana brachyphylla,0.9575762,0.96943504,0.97232807,-0.014751852,0.9703656,-0.0009305477
2477,Gentiana clusii,0.9323072,0.9556218,0.93673545,-0.0044282675,0.9788094,-0.023187637
2478,Gentiana cruciata,0.89872324,0.80015343,0.8346196,0.06410366,0.53559715,0.2645563
2479,Gentiana decora,0.88816464,0.9366809,0.8920993,-0.0039346814,0.92875993,0.00792098
2480,Gentiana decumbens,0.90057445,0.84579843,0.8633639,0.037210524,0.7882033,0.057595134
2481,Gentiana frigida,0.97381914,0.9731104,0.9738107,8.46386e-06,0.9649435,0.00816685
2482,Gentiana lutea,0.93977153,0.97892296,0.9343796,0.0053919554,0.97723293,0.0016900301
2483,Gentiana nivalis,0.9322856,0.9894068,0.95139694,-0.019111335,0.9723704,0.017036438
2484,Gentiana pannonica,0.9308607,0.9546257,0.9011165,0.029744208,0.9005064,0.05411935
2485,Gentiana pneumonanthe,0.8478607,0.9627627,0.8043967,0.043464005,0.9454273,0.017335415
2486,Gentiana prostrata,0.98303187,0.99958926,0.94875634,0.03427553,0.9991019,0.00048738718
2487,Gentiana punctata,0.9526357,0.9832931,0.9670895,-0.014453769,0.9968819,-0.013588786
2488,Gentiana purpurea,0.9628042,0.9734786,0.96768343,-0.004879236,0.9751401,-0.0016614795
2489,Gentiana sedifolia,0.71099126,0.5040583,0.6410103,0.06998098,0.34716138,0.15689692
2490,Gentiana squarrosa,0.8764532,0.88483924,0.8647194,0.01173383,-0.34663275,1.231472
2491,Gentiana verna,0.9019697,0.8990561,0.91689587,-0.014926195,0.91514975,-0.016093671
2492,Gentianella amarella,0.87501335,0.93076295,0.8584062,0.016607165,0.79347825,0.1372847
2493,Gentianella austriaca,0.92787313,0.94709253,0.91019374,0.017679393,0.99818903,-0.0510965
2494,Gentianella campestris,0.91129375,0.94818926,0.91409826,-0.0028045177,0.90170705,0.046482205
2495,Gentianella germanica,0.9026941,0.8453529,0.89909166,0.0036024451,0.9117868,-0.06643391
2496,Gentianopsis barbata,0.882312,0.7594358,0.87113214,0.011179864,0.90511763,-0.14568186
2497,Gentianopsis ciliata,0.8779374,0.8802807,0.8746685,0.0032688975,0.52620536,0.3540753
2498,Geobalanus oblongifolius,0.93525743,0.9423155,0.9183002,0.016957223,0.90171176,0.040603757
2499,Geoffroea decorticans,0.8798043,0.7592282,0.7651991,0.11460519,0.5121324,0.24709582
2500,Geonoma schottiana,0.85151786,0.7855808,0.8240404,0.027477443,0.64171326,0.14386755
2501,Geranium arabicum,0.8611576,0.5235996,0.77346945,0.08768815,-0.32127336,0.84487295
2502,Geranium collinum,0.93300855,0.66613954,0.88081133,0.052197218,0.61266786,0.053471684
2503,Geranium columbinum,0.8407325,0.815486,0.8288866,0.011845887,0.24040462,0.5750814
2504,Geranium dissectum,0.7710362,0.4641343,0.78097117,-0.009934962,0.5221479,-0.05801359
2505,Geranium kilimandscharicum,0.88824886,0.8611375,0.8930684,-0.0048195124,0.7294478,0.13168973
2506,Geranium lucidum,0.93457174,0.75625724,0.9164445,0.018127263,0.8548158,-0.098558545
2507,Geranium maculatum,0.7890954,0.6112611,0.76923865,0.019856751,0.82405096,-0.21278983
2508,Geranium molle,0.81122917,0.9412444,0.8251711,-0.013941944,0.86412984,0.07711458
2509,Geranium nodosum,0.93406105,0.9970797,0.91879976,0.015261292,0.98888224,0.008197427
2510,Geranium palustre,0.94365174,0.8738875,0.9491777,-0.0055259466,0.95775336,-0.08386588
2511,Geranium phaeum,0.89240545,0.95590127,0.89068365,0.0017217994,0.9146045,0.04129678
2512,Geranium pratense,0.89405996,0.75923795,0.8598787,0.034181237,0.85185343,-0.092615485
2513,Geranium pseudosibiricum,0.93745875,0.3523674,0.9632343,-0.025775552,0.9984832,-0.6461158
2514,Geranium purpureum,0.8299315,0.84559196,0.86828256,-0.03835106,0.83152413,0.014067829
2515,Geranium pyrenaicum,0.80140024,-0.13862251,0.81318974,-0.011789501,-0.9180348,0.77941227
2516,Geranium richardsonii,0.93764514,0.77928156,0.9369941,0.00065106153,0.7866099,-0.0073283315
2517,Geranium robertianum,0.7368481,0.65575683,0.75671834,-0.019870222,0.8079082,-0.15215135
2518,Geranium rotundifolium,0.82452196,-0.3709305,0.8301887,-0.005666733,0.7523724,-1.1233029
2519,Geranium sanguineum,0.80574214,0.8608972,0.804552,0.001190126,0.83346605,0.02743113
2520,Geranium sibbaldioides,0.6205149,0.27596912,0.5699336,0.050581336,0.17645286,0.09951626
2521,Geranium stramineum,0.7576312,0.6420804,0.7236467,0.033984482,0.52157927,0.12050116
2522,Geranium sylvaticum,0.85441625,0.82206047,0.82799906,0.026417196,0.75576496,0.066295505
2523,Geranium viscosissimum,0.95752907,0.9275413,0.9442528,0.013276279,0.90553343,0.022007883
2524,Geum aleppicum,0.9551198,0.89664966,0.86960554,0.08551425,-0.3941368,1.2907865
2525,Geum canadense,0.88532007,0.9070649,0.8480469,0.03727317,0.8744408,0.032624125
2526,Geum coccineum,0.96369636,0.9749591,0.9572911,0.0064052343,0.9322238,0.04273528
2527,Geum macrophyllum,0.9093829,0.83140194,0.87376195,0.035620928,0.770363,0.06103897
2528,Geum montanum,0.95362145,0.9683121,0.9612433,-0.0076218247,0.97933215,-0.011020064
2529,Geum reptans,0.9774299,0.9376453,0.97843415,-0.001004219,0.8934307,0.044214606
2530,Geum rivale,0.85481125,0.85658205,0.8495679,0.005243361,0.9188993,-0.062317252
2531,Geum rossii,0.9619204,0.99911076,0.9679487,-0.0060282946,0.97857654,0.020534217
2532,Geum triflorum,0.9669107,0.96182203,0.92555094,0.041359782,0.6884973,0.27332473
2533,Geum urbanum,0.67339945,0.58942145,0.648288,0.025111437,0.6296626,-0.040241122
2534,Gillenia trifoliata,0.8847877,0.8474258,0.88723177,-0.0024440885,0.84640455,0.001021266
2535,Gisekia africana,0.9024081,0.91771406,0.71541566,0.18699247,0.6420385,0.27567554
2536,Gisekia pharnaceoides,0.7631112,-1.1318516,0.8033185,-0.040207326,-0.3951418,-0.7367097
2537,Gladiolus saccatus,0.85263485,0.7092017,0.846201,0.0064338446,0.6311632,0.07803851
2538,Glandora diffusa,0.77644765,-0.30553448,0.74363387,0.032813787,0.5346254,-0.8401599
2539,Glandora prostrata,0.9519127,0.8396568,0.9633136,-0.011400878,0.85836816,-0.018711388
2540,Glechoma hederacea,0.80774796,0.89981174,0.79258335,0.015164614,0.92283356,-0.023021817
2541,Glechoma hirsuta,0.82551765,0.9159241,0.82843244,-0.0029147863,0.9677294,-0.051805317
2542,Glinus lotoides,0.9182819,0.12601419,0.8594917,0.058790207,0.46011356,-0.33409935
2543,Globularia alypum,0.9085516,0.4437311,0.91581017,-0.007258594,0.5339351,-0.09020403
2544,Globularia bisnagarica,0.7957134,0.7053413,0.82578063,-0.030067205,0.73404455,-0.028703272
2545,Globularia cordifolia,0.9213159,0.9691717,0.9104974,0.010818481,0.96475834,0.0044133663
2546,Globularia nudicaulis,0.93014884,0.93362474,0.9171406,0.013008237,0.9642482,-0.030623436
2547,Globularia repens,0.9431932,0.63113654,0.93823785,0.0049553514,0.9919462,-0.36080968
2548,Glossocardia bidens,0.8944158,0.9495395,0.8806429,0.013772905,0.9059142,0.043625295
2549,Glyceria declinata,0.88072765,0.92572224,0.79995745,0.080770195,0.903187,0.022535264
2550,Glyceria fluitans,0.876074,0.9871912,0.85730857,0.01876545,0.9797519,0.0074393153
2551,Glyceria maxima,0.9309184,0.995758,0.9270624,0.0038560033,0.98791707,0.007840931
2552,Glyceria notata,0.70187354,-0.11223233,0.6612104,0.040663123,0.6818438,-0.79407614
2553,Glyceria striata,0.87959015,-0.06477743,0.88184404,-0.00225389,-1.7939578,1.7291805
2554,Glycine canescens,0.8786956,0.17704152,0.85759914,0.021096468,-0.7960048,0.9730463
2555,Glycine clandestina,0.86125857,0.9037031,0.84688646,0.01437211,0.8799242,0.023778915
2556,Glycine cyrtoloba,0.9421407,0.8756663,0.8948337,0.047307014,0.9258074,-0.050141096
2557,Glycine microphylla,0.96349204,0.9804622,0.9423847,0.021107316,0.9651116,0.01535058
2558,Glycine tabacina,0.85791016,0.9260884,0.8486371,0.009273052,0.90141594,0.024672449
2559,Glycine tomentella,0.74942434,0.45195064,0.7316921,0.017732263,0.22905324,0.2228974
2560,Glycosmis trifoliata,0.94899344,0.80169284,0.94156736,0.007426083,0.9188904,-0.11719757
2561,Glycyrrhiza glabra,0.977588,0.9555986,0.9251214,0.05246657,0.4045344,0.5510642
2562,Glycyrrhiza uralensis,0.9248123,0.9764381,0.8786787,0.046133637,0.8669076,0.10953051
2563,Gnaphalium uliginosum,0.8316412,-0.034172554,0.79757047,0.03407073,0.67433625,-0.7085088
2564,Gompholobium nitidum,0.9684109,0.9968971,0.92263466,0.045776248,0.8731276,0.12376952
2565,Gompholobium pinnatum,0.9140388,0.9901837,0.90584135,0.008197427,0.95722264,0.03296107
2566,Gompholobium virgatum,0.66007906,0.9172341,0.55348873,0.10659033,0.91731536,-8.124113e-05
2567,Gomphrena lanata,0.89454234,0.3621662,0.8504727,0.044069648,0.42676377,-0.06459758
2568,Goniolimon speciosum,0.8923917,0.91488373,0.8835389,0.00885278,0.9041075,0.010776222
2569,Goniophlebium amoenum,0.721393,0.54252064,0.6801201,0.04127288,0.5842265,-0.041705847
2570,Goniophlebium formosanum,0.642193,0.3928437,0.65402406,-0.011831045,0.40470576,-0.011862069
2571,Gonocarpus acanthocarpus,0.92954713,0.9627855,0.9146499,0.014897227,0.9930644,-0.030278921
2572,Gonocarpus elatus,0.97150266,0.9857149,0.96983844,0.0016642213,0.99500775,-0.009292841
2573,Gonocarpus teucrioides,0.9730549,0.9024301,0.9648832,0.008171678,0.8608579,0.041572213
2574,Gonolobus suberosus,0.8423835,0.10245145,0.8409968,0.0013867021,0.08710036,0.015351094
2575,Goodenia cycloptera,0.9441235,0.8474974,0.89572096,0.048402548,0.9585486,-0.1110512
2576,Goodenia delicata,0.976374,0.8890713,0.97888243,-0.0025084615,0.8534411,0.035630167
2577,Goodenia fascicularis,0.899926,0.955122,0.8827497,0.01717633,0.90538514,0.049736857
2578,Goodenia glabra,0.8646311,0.811303,0.8298483,0.034782827,0.8607928,-0.049489796
2579,Goodenia hederacea,0.92499423,0.97095484,0.9099978,0.014996409,0.9563342,0.014620662
2580,Goodenia mystrophylla,0.95098287,0.98618585,0.9524375,-0.0014546514,0.9860525,0.00013333559
2581,Goodenia pilosa,0.8191191,0.9399887,0.7995604,0.019558668,0.3816852,0.5583035
2582,Goodenia pinnatifida,0.91319895,0.726076,0.8882353,0.024963677,0.9489834,-0.22290736
2583,Goodenia pusilliflora,0.94898593,0.95559096,0.9501441,-0.0011581779,0.9362374,0.019353569
2584,Goodenia rotundifolia,0.92408955,0.9647937,0.8904674,0.033622146,0.7786367,0.18615699
2585,Goodenia stelligera,0.4882906,-0.5913376,0.46785557,0.020435035,-1.6930763,1.1017387
2586,Goodyera oblongifolia,0.93512,0.92637235,0.94078517,-0.005665183,0.8990033,0.027369022
2587,Goodyera pubescens,0.9001698,0.8815937,0.90585417,-0.0056843758,0.9109397,-0.02934599
2588,Goodyera repens,0.9181529,0.87409157,0.8060882,0.11206472,0.8611067,0.012984872
2589,Gordonia lasianthus,0.9250232,0.95175546,0.91698587,0.008037329,0.9585132,-0.006757736
2590,Gossypium australe,0.931041,0.9588427,0.8273909,0.10365009,0.8524954,0.10634732
2591,Gouinia paraguayensis,0.7692308,0.5740932,0.8107692,-0.041538417,0.66600704,-0.09191382
2592,Grammitis moniliformis,0.60778403,0.5016914,0.55220455,0.055579484,0.1226558,0.3790356
2593,Grammitis okuboi,0.8704491,0.9235835,0.8029213,0.06752783,0.8414113,0.082172215
2594,Gratiola hispida,0.8939413,0.91069424,0.87895405,0.01498723,0.87729645,0.033397794
2595,Gratiola officinalis,0.92299825,0.9398794,0.90690017,0.016098082,0.9611296,-0.021250188
2596,Gratiola pilosa,0.82739776,-0.2220441,0.831128,-0.0037302375,0.65448225,-0.87652636
2597,Grayia spinosa,0.91304886,0.9555627,0.8968417,0.016207159,0.8860656,0.06949711
2598,Grevillea banksii,0.9629756,0.9615104,0.9780346,-0.015058994,0.9787978,-0.017287374
2599,Grevillea dryandri,0.9114399,0.9498352,0.85571617,0.055723727,0.85583,0.09400517
2600,Grevillea glauca,0.88263977,0.82915986,0.8470537,0.03558606,0.7813706,0.047789276
2601,Grevillea mimosoides,0.9030069,0.93958837,0.8664835,0.0365234,0.9354819,0.004106462
2602,Grevillea parallela,0.7869086,0.7160519,0.7389543,0.04795432,0.64593,0.070121884
2603,Grevillea pteridifolia,0.8621454,0.8910006,0.8230503,0.039095104,0.81596726,0.07503337
2604,Grevillea stenobotrya,0.4041422,0.8841512,0.4131137,-0.008971512,0.90379566,-0.01964444
2605,Grevillea striata,0.7487267,0.45834404,0.6553062,0.093420506,0.3150812,0.14326283
2606,Grewia avellana,0.8552424,0.8739646,0.7644889,0.090753496,0.12464971,0.7493149
2607,Grewia bicolor,0.51894724,0.041283548,0.5013496,0.017597616,-2.3474169,2.3887005
2608,Grewia falcistipula,0.85783637,0.7286439,0.8013176,0.056518793,0.6236625,0.10498142
2609,Grewia flavescens,0.9270483,0.9539822,0.7659139,0.16113442,0.7321673,0.22181487
2610,Grewia retinervis,0.8003055,0.42936143,0.76186836,0.038437128,0.87435347,-0.44499204
2611,Grewia retusifolia,0.71211696,0.67028767,0.5749526,0.13716435,0.33525422,0.33503345
2612,Grewia villosa,0.7545374,-4.464614,0.7416722,0.012865186,-2.4798915,-1.9847224
2613,Grona filiformis,0.8128391,0.8173576,0.7606508,0.052188277,0.8210991,-0.0037415028
2614,Grona muelleri,0.8546231,0.9235566,0.78087276,0.07375032,0.805707,0.11784965
2615,Grona pullenii,0.8502406,0.5689499,0.8155878,0.03465277,0.6822842,-0.1133343
2616,Grona trichostachya,0.8414402,0.68917555,0.8373935,0.0040466785,0.8102168,-0.12104124
2617,Grona varians,0.8520751,0.9251853,0.8421242,0.009950876,0.90885997,0.016325355
2618,Grubovia dasyphylla,0.67003506,0.21716376,0.6347567,0.03527838,0.46399248,-0.24682872
2619,Grubovia sedoides,0.9516225,0.8901467,0.96055454,-0.008932054,0.25705534,0.63309133
2620,Guapira opposita,0.9571287,0.94097847,0.9562571,0.0008715987,0.92990553,0.011072934
2621,Guarea macrophylla,0.95339,0.95211667,0.9609792,-0.007589221,0.9670104,-0.014893711
2622,Guatteria australis,0.8934711,0.81567025,0.8520827,0.041388392,0.69182897,0.123841286
2623,Gueldenstaedtia verna,0.85831904,0.7270758,0.8253237,0.032995343,0.7799067,-0.052830875
2624,Guettardella ovatifolia,0.95287925,0.9575564,0.9125322,0.04034704,0.9735264,-0.015969992
2625,Guibourtia coleosperma,0.81578946,0.6881398,0.68609023,0.12969923,0.33240676,0.35573304
2626,Guiera senegalensis,0.52714854,0.09083319,0.46010992,0.067038625,-0.29040676,0.38123995
2627,Guioa semiglauca,0.97666246,0.7256349,0.9800681,-0.0034056306,0.8754823,-0.14984745
2628,Gunnera magellanica,0.77052337,0.8017017,0.83441275,-0.063889384,0.88573647,-0.08403474
2629,Gutierrezia microcephala,0.70766145,-1.7771232,0.7490821,-0.04142064,0.03604284,-1.813166
2630,Gutierrezia sarothrae,0.782696,0.5618632,0.72404206,0.05865395,0.47458974,0.08727345
2631,Gymnadenia conopsea,0.81213236,0.8656473,0.7911854,0.02094698,0.8088376,0.056809723
2632,Gymnadenia odoratissima,0.9088203,0.5036233,0.89483744,0.013982832,0.42266193,0.08096138
2633,Gymnocarpium dryopteris,0.8481987,0.6650458,0.8083931,0.03980559,0.66634,-0.0012941957
2634,Gymnocarpium robertianum,0.8988273,0.85546416,0.8969044,0.0019229054,0.9300434,-0.07457924
2635,Gymnocarpos decander,0.677075,0.15846743,0.6012071,0.07586795,0.4895172,-0.3310498
2636,Gymnocarpos sclerocephalus,0.85564744,-0.19492571,0.8194751,0.03617233,-0.31655845,0.12163274
2637,Gymnopogon ambiguus,0.91081995,0.96452177,0.90214825,0.008671701,0.8976554,0.06686634
2638,Gymnopogon brevifolius,0.8713888,0.90152097,0.81632185,0.055066943,0.85017926,0.051341712
2639,Gymnosphaera podophylla,0.86905366,0.9171538,0.9004689,-0.031415224,0.9183096,-0.0011558533
2640,Gymnosporia senegalensis,0.84692967,-1.1375208,0.8079882,0.038941443,-1.174129,0.03660822
2641,Gynochthodes jasminoides,0.98352987,0.9898567,0.984381,-0.0008511543,0.99652135,-0.0066646338
2642,Gypsophila altissima,0.91307896,0.9227037,0.8817427,0.031336248,0.9268506,-0.0041469336
2643,Gypsophila davurica,0.9021261,0.7729475,0.79536295,0.106763124,0.11955468,0.6533928
2644,Gypsophila paniculata,0.939743,0.99559146,0.90808356,0.031659424,0.45622054,0.5393709
2645,Gypsophila patrinii,0.9552195,0.9587611,0.89661056,0.05860895,0.9705372,-0.01177609
2646,Gypsophila repens,0.91655403,0.8974627,0.91804355,-0.0014895201,0.9542579,-0.05679518
2647,Hackelia floribunda,0.80193156,-1.8102486,0.81291294,-0.010981381,0.047463715,-1.8577123
2648,Hackelochloa granularis,0.95762944,0.8861316,0.9510011,0.0066283345,0.9410511,-0.05491954
2649,Haemodorum coccineum,0.919204,0.98092294,0.8828442,0.036359787,0.9484956,0.03242731
2650,Hakea arborescens,0.8695716,0.9083037,0.65575963,0.213812,0.43339005,0.47491363
2651,Hakea lorea,0.89063394,0.6239904,0.78588104,0.1047529,0.33007658,0.29391384
2652,Halogeton arachnoideus,0.77745056,0.3470577,0.6587546,0.118695974,0.4052143,-0.05815661
2653,Halogeton glomeratus,0.92487544,0.8742581,0.87560946,0.04926598,0.72406876,0.15018934
2654,Haloragis aspera,0.8448159,0.9351598,0.82849836,0.016317546,0.949553,-0.01439321
2655,Haloragis heterophylla,0.8430513,0.96084297,0.7972247,0.045826614,0.9710549,-0.010211945
2656,Haloxylon ammodendron,0.9159229,0.9564141,0.74246246,0.17346042,0.4897014,0.4667127
2657,Haloxylon salicornicum,0.7084127,0.5588922,0.66531867,0.04309404,0.4746881,0.08420408
2658,Haloxylon scoparium,0.7517658,0.5121478,0.114916354,0.6368494,-1.3288411,1.8409889
2659,Hamamelis virginiana,0.8116502,0.75299937,0.80276394,0.008886278,0.79934835,-0.04634899
2660,Haplopteris anguste-elongata,0.5384615,0.7295021,0.6288167,-0.09035522,0.55198056,0.17752153
2661,Haplopteris flexuosa,0.8120025,0.6812418,0.8310229,-0.019020438,0.7596564,-0.07841462
2662,Haplopteris zosterifolia,0.8384371,0.84467447,0.82221717,0.016219914,0.91416067,-0.0694862
2663,Haplosciadium abyssinicum,0.69200724,0.68152267,0.77223563,-0.08022839,0.9279855,-0.24646282
2664,Hardenbergia violacea,0.8460839,0.33694348,0.80948913,0.03659475,-0.9936134,1.3305569
2665,Hebenstretia angolensis,0.9335474,0.9013174,0.9401331,-0.006585717,0.87107223,0.030245185
2666,Hedera helix,0.76619726,0.71502334,0.7782073,-0.012010038,0.7094861,0.005537212
2667,Hedera rhombea,0.7842448,0.6277235,0.80398715,-0.01974237,0.6689366,-0.041213095
2668,Hedlundia mougeotii,0.9220727,0.99721986,0.900287,0.021785736,0.9016789,0.09554094
2669,Hedypnois cretica,0.8347138,0.19290714,0.86736417,-0.03265035,-0.8503261,1.0432333
2670,Hedysarum hedysaroides,0.96130604,0.997492,0.96702015,-0.0057141185,0.9114541,0.086037934
2671,Hedysarum minjanense,0.84772664,0.68383324,0.59281677,0.25490987,-0.32170495,1.0055382
2672,Hedysarum sulphurescens,0.888872,0.8439915,0.87688226,0.011989772,0.8441491,-0.00015759468
2673,Heisteria silvianii,0.90677965,0.87663734,0.92421436,-0.017434716,0.8860921,-0.009454787
2674,Helianthemum apenninum,0.9430182,0.96283644,0.9382983,0.004719913,0.93151784,0.031318605
2675,Helianthemum canum,0.92606485,0.9918444,0.89213336,0.033931494,0.9918466,-2.2053719e-06
2676,Helianthemum ellipticum,0.81111115,0.5897985,0.2509402,0.56017095,-2.117767,2.7075655
2677,Helianthemum nummularium,0.81678903,0.85426575,0.80587554,0.010913491,0.82745516,0.026810586
2678,Helianthemum oelandicum,0.81426585,0.7834255,0.7798292,0.034436643,0.7957018,-0.012276292
2679,Helianthemum salicifolium,0.89649343,0.9446786,0.860464,0.036029458,0.868754,0.075924575
2680,Helianthus angustifolius,0.8854894,0.3266595,0.82285345,0.06263596,0.6003091,-0.27364957
2681,Helianthus atrorubens,0.6052934,0.34349263,0.56986755,0.03542584,-0.2424125,0.58590513
2682,Helianthus microcephalus,0.84171486,0.9071424,0.81102455,0.030690312,0.6367107,0.2704317
2683,Helianthus radula,0.8819362,0.8764798,0.86940837,0.012527823,0.8856015,-0.009121716
2684,Helichrysum arenarium,0.94826835,0.9840019,0.91615623,0.03211212,0.96287954,0.021122336
2685,Helichrysum ellipticifolium,0.8923231,0.81391084,0.93194723,-0.039624155,0.84445995,-0.030549109
2686,Helichrysum formosissimum,0.8177691,0.8522231,0.8583009,-0.040531814,0.8422024,0.010020673
2687,Helichrysum forskaohlii,0.95949954,0.95676464,0.95398563,0.0055139065,0.93143713,0.025327504
2688,Helichrysum italicum,0.9246126,0.9368351,0.9043779,0.020234704,0.9797221,-0.042886972
2689,Helichrysum stoechas,0.89220166,0.88483316,0.8699387,0.02226299,0.7978782,0.08695495
2690,Helicia formosana,0.8499774,0.7868657,0.83011776,0.019859612,0.7514319,0.03543383
2691,Helictochloa bromoides,0.8990732,0.6952933,0.90779066,-0.008717477,0.8280187,-0.13272542
2692,Helictochloa hookeri,0.95690316,0.979296,0.97186923,-0.014966071,0.97940123,-0.0001052022
2693,Helictochloa pratensis,0.8285904,0.98814476,0.82635033,0.0022400618,0.97035974,0.017785013
2694,Helictochloa versicolor,0.95841074,0.98000383,0.96288574,-0.0044749975,0.9825982,-0.0025943518
2695,Helictotrichon cantabricum,0.9633433,0.9813266,0.95201063,0.011332691,0.92836183,0.052964747
2696,Helictotrichon convolutum,0.8739308,0.9058904,0.88964915,-0.01571834,0.8710156,0.034874797
2697,Helictotrichon desertorum,0.95275164,0.9826271,0.9515953,0.0011563301,0.9970734,-0.014446318
2698,Helictotrichon parlatorei,0.9647299,0.7616132,0.96152055,0.0032093525,0.61022305,0.15139014
2699,Helictotrichon sedenense,0.96623623,0.9621417,0.96834993,-0.0021137,0.95311266,0.009029031
2700,Helietta apiculata,0.87992704,0.7788627,0.81689537,0.06303167,0.6181629,0.16069984
2701,Heliodendron basalticum,0.8780822,0.93677306,0.7788718,0.09921044,0.8882691,0.048503935
2702,Heliomeris multiflora,0.7131722,0.7680836,0.6835886,0.029583573,-1.3431562,2.11124
2703,Heliosperma alpestre,0.9418705,0.88854396,0.9450444,-0.0031738877,0.9219227,-0.03337872
2704,Heliosperma pusillum,0.94626,0.9287088,0.9362521,0.010007858,0.9713748,-0.042666018
2705,Heliotropium bacciferum,0.817579,0.43856838,0.81599635,0.0015826225,0.7146238,-0.27605543
2706,Helleborus foetidus,0.897609,0.88200945,0.89648545,0.0011235476,0.8912088,-0.009199381
2707,Helleborus multifidus,0.8323438,0.87917846,0.7762785,0.05606532,0.7443501,0.13482839
2708,Helleborus niger,0.91220796,0.91077054,0.9049866,0.007221341,0.84556794,0.065202594
2709,Helleborus odorus,0.87894446,0.52347714,0.8339015,0.045042932,0.8014677,-0.27799058
2710,Helleborus viridis,0.9453912,0.9260121,0.9417633,0.0036278963,0.9866108,-0.06059867
2711,Helminthotheca echioides,0.86824244,0.5963721,0.8664315,0.0018109679,-0.05377375,0.6501459
2712,Helosciadium nodiflorum,0.8362935,0.63699335,0.80088997,0.03540355,0.849231,-0.21223766
2713,Hemerocallis minor,0.93629724,0.9389415,0.8581494,0.07814783,0.94193137,-0.0029898882
2714,Hemiboea bicornuta,0.7116282,0.60580784,0.67797655,0.03365165,0.3832929,0.22251493
2715,Hemionitis austrotenuifolia,0.8677341,0.9669932,0.79582334,0.07191074,0.96175414,0.0052390695
2716,Hemionitis distans,0.87750983,0.8613918,0.876411,0.0010988116,0.9107415,-0.049349725
2717,Hemionitis sieberi,0.8600287,0.8161113,0.827949,0.032079697,0.7646038,0.051507533
2718,Hemionitis tenuifolia,0.82720226,0.96809906,0.74969757,0.077504694,0.7435552,0.22454387
2719,Hepatica americana,0.87510806,0.748602,0.8701155,0.0049925447,0.4923651,0.25623688
2720,Hepatica nobilis,0.86027,0.8367941,0.8414868,0.018783212,0.83504885,0.001745224
2721,Heptapleurum actinophyllum,0.9481442,0.9579658,0.9329221,0.015222073,0.7737392,0.18422657
2722,Heptapleurum taiwanianum,0.8785784,0.7702795,0.89632356,-0.017745137,0.90754956,-0.13727003
2723,Heracleum austriacum,0.96021926,0.9809968,0.95067835,0.0095409155,0.95004654,0.030950248
2724,Heracleum dissectum,0.87523854,0.9889788,0.85732234,0.017916203,0.9134576,0.07552123
2725,Heracleum maximum,0.9335034,0.95764554,0.9558172,-0.022313833,0.993574,-0.035928488
2726,Heracleum sibiricum,0.85071445,0.8494868,0.80986834,0.04084611,0.33165672,0.51783013
2727,Heracleum sphondylium,0.72822607,0.5898809,0.71145564,0.016770422,0.63478994,-0.04490906
2728,Hermannia cuneifolia,0.5185676,-0.11298134,0.7453581,-0.22679049,0.5775638,-0.69054514
2729,Hermannia eenii,0.87607914,0.7631012,0.82338125,0.052697897,0.42042288,0.34267834
2730,Herniaria cinerea,0.8705879,0.9223386,0.73470944,0.13587844,0.3324992,0.5898394
2731,Herniaria glabra,0.81279194,0.9412916,0.8245019,-0.0117099285,0.9822555,-0.040963948
2732,Herniaria hirsuta,0.8100676,-0.85992026,0.6339531,0.1761145,-1.0076288,0.14770854
2733,Hesperomeles obtusifolia,0.62860906,0.5873023,0.58747524,0.04113382,0.44629544,0.14100689
2734,Hesperostipa comata,0.7202829,0.6421902,0.71420175,0.006081164,0.5550257,0.08716452
2735,Heterochroa desertorum,0.84487295,0.7092455,0.84613883,-0.0012658834,0.669599,0.039646506
2736,Heteropogon contortus,0.9679292,0.8007151,0.9284828,0.039446414,0.8618059,-0.061090827
2737,Heteropogon triticeus,0.8255762,0.71208614,0.8453103,-0.019734085,0.78149086,-0.06940472
2738,Heterotheca villosa,0.5743575,-0.43895704,0.64816,-0.07380247,0.753722,-1.192679
2739,Heuchera americana,0.8554847,0.62007123,0.78639364,0.06909108,0.60402596,0.016045272
2740,Heuchera cylindrica,0.8733101,0.66986305,0.839657,0.03365308,0.6338957,0.03596735
2741,Heuchera villosa,0.92618895,0.9164795,0.91674006,0.009448886,0.9477422,-0.031262696
2742,Hexasepalum teres,0.92616045,0.53009635,0.92407006,0.0020903945,0.31089377,0.21920258
2743,Hibbertia banksii,0.97091544,0.94980836,0.9562366,0.014678836,0.9654034,-0.015595019
2744,Hibbertia dentata,0.98797125,0.9988905,0.98223966,0.0057315826,0.9966319,0.0022585988
2745,Hibbertia longifolia,0.98986924,0.9995645,0.97657436,0.013294876,0.998896,0.0006685257
2746,Hibbertia obtusifolia,0.9359572,0.98003495,0.9302827,0.0056744814,0.9567884,0.023246527
2747,Hibbertia scandens,0.91894567,0.9760434,0.91257805,0.006367624,0.9750519,0.0009915233
2748,Hibbertia stricta,0.9500811,0.8570304,0.9006986,0.049382508,0.7270802,0.12995017
2749,Hibbertia vestita,0.90193987,0.98625535,0.88617533,0.015764534,0.9947242,-0.008468866
2750,Hibiscus brachysiphonius,0.92281926,0.36500865,0.90033406,0.022485197,0.5348987,-0.16989005
2751,Hibiscus burtonii,0.89019203,0.8224249,0.8311905,0.059001505,0.95407146,-0.13164657
2752,Hibiscus meraukensis,0.75321615,0.75318843,0.7281318,0.025084376,0.70845824,0.044730186
2753,Hibiscus micranthus,0.7640315,-1.0839597,0.7315449,0.032486618,-0.44465128,-0.63930845
2754,Hibiscus sturtii,0.83667755,0.32234654,0.7996513,0.037026227,0.06998228,0.25236425
2755,Hieracium albiflorum,0.93162805,0.8411999,0.9282816,0.0033464432,0.85172,-0.010520101
2756,Hieracium alpinum,0.9689176,0.99030244,0.970575,-0.0016573668,0.9895448,0.00075763464
2757,Hieracium avilae,0.7416667,0.5540655,0.6716667,0.06999999,0.3608789,0.19318661
2758,Hieracium bifidum,0.9007107,0.89533454,0.8894022,0.011308491,0.97404647,-0.07871193
2759,Hieracium bupleuroides,0.92614985,0.9421826,0.9229586,0.0031912327,0.9663158,-0.024133205
2760,Hieracium glanduliferum,0.93902695,0.9249888,0.96512705,-0.0261001,0.7135524,0.21143639
2761,Hieracium lachenalii,0.76604444,0.76182437,0.75042784,0.015616596,0.8969093,-0.13508493
2762,Hieracium laevigatum,0.8718136,-0.2404746,0.8554848,0.016328812,-0.26926997,0.028795376
2763,Hieracium murorum,0.7765214,0.6728075,0.7560775,0.020443857,0.6168865,0.055921018
2764,Hieracium paniculatum,0.50145173,-1.7726655,0.63183737,-0.13038564,0.07196469,-1.8446302
2765,Hieracium prenanthoides,0.93449277,0.99318767,0.93046486,0.004027903,0.9816353,0.011552393
2766,Hieracium racemosum,0.824028,0.6342051,0.81067705,0.013350964,0.12941478,0.5047903
2767,Hieracium sabaudum,0.7524063,0.6747743,0.74940574,0.0030005574,0.8233534,-0.14857912
2768,Hieracium umbellatum,0.8452369,0.7646549,0.7504331,0.09480381,0.7566253,0.00802958
2769,Hieracium venosum,0.80780953,0.8498209,0.79700685,0.010802686,0.7261013,0.12371963
2770,Hieracium villosum,0.91400605,0.89352834,0.90947413,0.00453192,0.9332884,-0.039760053
2771,Hieracium virosum,0.9236995,0.87721735,0.8941872,0.029512286,0.9287325,-0.051515162
2772,Hieronyma alchorneoides,0.96013623,0.95382804,0.9649887,-0.0048524737,0.9547203,-0.00089228153
2773,Hilaria belangeri,0.9564336,0.90013134,0.90099406,0.05543953,0.9584397,-0.058308363
2774,Hilaria jamesii,0.86876655,0.8415705,0.83188933,0.036877215,0.80415887,0.03741163
2775,Hilaria mutica,0.91107064,0.94078207,0.8338983,0.07717234,0.74194205,0.19884002
2776,Hippocrepis comosa,0.83183753,0.8854574,0.81535494,0.016482592,0.8891859,-0.003728509
2777,Hippocrepis emerus,0.91890085,0.92470837,0.8979667,0.020934165,0.87363863,0.051069736
2778,Hippophae rhamnoides,0.9495318,0.9645152,0.9487184,0.000813365,0.9761353,-0.011620104
2779,Hippuris vulgaris,0.8948152,0.85587615,0.873696,0.021119177,0.5408668,0.31500936
2780,Hiptage benghalensis,0.891979,0.9816578,0.86896783,0.023011148,0.95147693,0.030180871
2781,Hirtella hebeclada,0.88908017,0.8730169,0.87998766,0.00909251,0.8314989,0.041517973
2782,Histiopteris incisa,0.9482448,0.9819561,0.9566684,-0.008423567,0.8583397,0.1236164
2783,Holcus lanatus,0.7803776,0.79217744,0.7673095,0.01306814,0.796633,-0.0044555664
2784,Holcus mollis,0.8392229,0.90716124,0.83801377,0.0012091398,0.9436212,-0.036459982
2785,Holodiscus discolor,0.9553063,0.9605418,0.9640211,-0.008714795,0.99841267,-0.037870884
2786,Holosteum umbellatum,0.88700044,0.63621294,0.8586799,0.02832055,0.91726655,-0.2810536
2787,Homalanthus stillingifolius,0.43297154,-2.7657163,0.4450783,-0.012106776,-4.4567933,1.691077
2788,Homogyne alpina,0.9195105,0.92506754,0.91288894,0.0066215396,0.9280971,-0.003029585
2789,Homogyne discolor,0.955676,0.9406749,0.9656301,-0.009954095,0.94138175,-0.0007068515
2790,Homogyne sylvestris,0.9356983,0.8787884,0.94839734,-0.012699068,0.9386414,-0.059853017
2791,Hordelymus europaeus,0.90249044,0.9502932,0.8923732,0.010117233,0.8956664,0.054626763
2792,Hordeum brevisubulatum,0.74703056,0.75222844,0.7525071,-0.0054765344,0.8023029,-0.050074458
2793,Hordeum jubatum,0.73465544,0.5422232,0.7328458,0.0018096566,0.8000709,-0.25784767
2794,Hordeum marinum,0.94973993,0.998583,0.9411687,0.0085712075,0.80857545,0.19000757
2795,Hordeum murinum,0.80933726,0.3665674,0.7949218,0.014415443,0.552427,-0.18585959
2796,Hordeum secalinum,0.7621888,0.95827734,0.8398776,-0.07768881,0.9921305,-0.033853173
2797,Hormathophylla spinosa,0.9841469,0.96159077,0.9440547,0.04009217,0.9772283,-0.015637517
2798,Hornungia alpina,0.9659377,0.95743227,0.96804094,-0.002103269,0.9491067,0.008325577
2799,Hottonia palustris,0.91830057,0.7844348,0.9257053,-0.0074047446,0.37386566,0.41056913
2800,Houstonia longifolia,0.7775615,0.9528708,0.7794757,-0.0019142032,0.94434494,0.008525848
2801,Houstonia procumbens,0.8717823,0.79811496,0.8706326,0.001149714,0.7403303,0.057784677
2802,Houstonia purpurea,0.79561293,0.58557546,0.8471806,-0.051567674,0.76157606,-0.1760006
2803,Houstonia serpyllifolia,0.92358756,0.92975754,0.9470798,-0.023492217,0.9177177,0.01203984
2804,Hovea lanceolata,0.817453,0.68859583,0.79901475,0.01843828,0.9121747,-0.22357887
2805,Hoya carnosa,0.8705769,0.8394105,0.88955116,-0.018974245,0.90980095,-0.07039046
2806,Huberantha nitidissima,0.8743754,0.55426013,0.8819246,-0.0075492263,0.39329472,0.16096541
2807,Humulus lupulus,0.7958823,0.8727577,0.8193937,-0.02351141,0.9530059,-0.08024824
2808,Huperzia crassa,0.8410658,0.7343983,0.7744537,0.066612124,0.6342414,0.1001569
2809,Huperzia fordii,0.7554482,0.7534712,0.7214227,0.03402555,0.711985,0.041486204
2810,Huperzia lucidula,0.9298883,0.94898325,0.94231343,-0.012425125,0.96512383,-0.01614058
2811,Huperzia selago,0.8723425,0.8804058,0.88349414,-0.011151612,0.8990891,-0.018683314
2812,Hyacinthoides non-scripta,0.92248654,0.9494099,0.9301125,-0.0076259375,0.9019997,0.04741019
2813,Hydrangea angustipetala,0.81584257,0.7615193,0.71957576,0.096266806,0.5321979,0.22932142
2814,Hydrangea arborescens,0.89235425,0.872068,0.8766831,0.015671134,0.8598173,0.012250662
2815,Hydrangea barbara,0.82280374,0.75721955,0.7371601,0.08564365,0.55780125,0.1994183
2816,Hydrangea fauriei,0.7349163,0.52949,0.79196537,-0.057049036,0.6961161,-0.1666261
2817,Hydrangea integrifolia,0.75318295,0.56678593,0.77776915,-0.0245862,0.68654686,-0.11976093
2818,Hydrangea viburnoides,0.7192504,0.5079344,0.7420081,-0.022757709,0.6322888,-0.12435442
2819,Hydrocharis morsus-ranae,0.9152963,0.9304726,0.92034525,-0.0050489306,0.93511003,-0.00463742
2820,Hydrocotyle bonplandii,0.7181547,0.75056285,0.6421131,0.07604164,0.35656652,0.39399633
2821,Hydrocotyle exigua,0.9109589,0.9600806,0.50589186,0.40506703,0.20399748,0.75608313
2822,Hydrocotyle mannii,0.85418683,0.67487407,0.8061521,0.048034728,0.7292697,-0.054395616
2823,Hydrocotyle sibthorpioides,0.93736297,0.9446361,0.9475129,-0.010149956,0.9526048,-0.007968664
2824,Hydrocotyle vulgaris,0.91319686,0.89670044,0.9041365,0.009060383,0.9826617,-0.08596128
2825,Hygrophila angustifolia,0.9225667,0.49806237,0.8098941,0.11267263,0.5656193,-0.06755692
2826,Hylodesmum laterale,0.8293071,0.87713623,0.7336686,0.095638454,0.71808904,0.15904719
2827,Hylotelephium maximum,0.85979897,0.9063088,0.80949265,0.05030632,0.90036744,0.005941391
2828,Hylotelephium telephium,0.8912727,0.8155121,0.83512807,0.056144655,0.95175487,-0.13624275
2829,Hylotelephium vulgare,0.9662609,0.966736,0.97346836,-0.0072074533,0.8644817,0.10225433
2830,Hymenocardia acida,0.8713105,0.053020876,0.33428985,0.5370206,-3.8288698,3.8818908
2831,Hymenopappus filifolius,0.8469866,0.44263354,0.8836213,-0.036634684,0.1058489,0.33678463
2832,Hymenophyllum wilsonii,0.959141,0.8899659,0.9552473,0.003893733,0.51636475,0.37360114
2833,Hymenoxys cooperi,0.69651735,0.332689,0.7617115,-0.06519413,0.97539973,-0.64271075
2834,Hymenoxys richardsonii,0.94007355,0.7031578,0.89337754,0.046696007,0.84964997,-0.14649218
2835,Hyparrhenia hirta,0.9048537,0.90844804,0.8931355,0.011718214,0.8709689,0.037479162
2836,Hypericum androsaemum,0.9306499,0.9363021,0.9323639,-0.0017140508,0.97309464,-0.036792517
2837,Hypericum crux-andreae,0.87265265,0.7608891,0.84088606,0.031766593,0.78920794,-0.028318822
2838,Hypericum elegans,0.94906306,0.6670957,0.8995888,0.04947424,0.7180337,-0.05093795
2839,Hypericum elodes,0.92058116,0.92799735,0.9338968,-0.013315618,0.9941296,-0.06613225
2840,Hypericum empetrifolium,0.8823705,0.83764714,0.8463702,0.03600025,0.7958022,0.041844964
2841,Hypericum fasciculatum,0.9388112,0.99448127,0.92581743,0.012993753,0.98862165,0.0058596134
2842,Hypericum gentianoides,0.82514167,0.4376022,0.78894496,0.03619671,0.86932135,-0.43171915
2843,Hypericum gramineum,0.7027805,-2.5739908,0.65884554,0.04393494,-4.5191483,1.9451575
2844,Hypericum hirsutum,0.85629636,0.7162674,0.81228065,0.044015706,0.7980996,-0.08183217
2845,Hypericum humifusum,0.7801741,0.7418226,0.8129474,-0.032773316,-4.3705306,5.1123533
2846,Hypericum hypericoides,0.66653687,0.43124998,0.6792595,-0.012722611,0.4440455,-0.012795538
2847,Hypericum lancioides,0.68312854,0.53403586,0.5895558,0.093572736,0.22343454,0.31060132
2848,Hypericum laricifolium,0.48718414,-0.048910473,0.50321525,-0.016031116,0.07973633,-0.1286468
2849,Hypericum maculatum,0.846631,0.8716542,0.83786726,0.0087637305,0.89091295,-0.019258738
2850,Hypericum montanum,0.78862464,0.45772156,0.7843928,0.00423187,0.59790045,-0.14017889
2851,Hypericum peplidifolium,0.9016173,0.94381547,0.85337543,0.048241854,0.8603232,0.08349228
2852,Hypericum perforatum,0.6786777,0.51173544,0.6659387,0.012739003,0.43946722,0.07226822
2853,Hypericum pulchrum,0.8714054,0.83069074,0.8823097,-0.0109042525,0.9048815,-0.074190736
2854,Hypericum revolutum,0.918916,0.88928187,0.9325222,-0.013606191,0.90485454,-0.015572667
2855,Hypericum richeri,0.960771,0.9935214,0.962192,-0.0014209747,0.983967,0.009554386
2856,Hypericum rumeliacum,0.9402181,0.9863321,0.9248727,0.015345395,0.9793067,0.0070254207
2857,Hypericum suffruticosum,0.9559305,0.9941413,0.95084345,0.005087018,0.7906,0.20354128
2858,Hypericum tenuifolium,0.9495166,0.9654688,0.9484723,0.0010442734,0.9933672,-0.027898371
2859,Hypericum tetrapterum,0.65730125,0.7565393,0.64887273,0.008428514,0.54986846,0.20667082
2860,Hypericum virginicum,0.74583155,0.7158568,0.76798785,-0.022156298,0.92661124,-0.21075445
2861,Hypericum walteri,0.80268085,0.8305433,0.7786516,0.024029255,0.64212745,0.18841583
2862,Hypochaeris achyrophorus,0.93228185,0.9545607,0.9198871,0.012394726,0.9225997,0.031961024
2863,Hypochaeris glabra,0.89277416,0.98382294,0.8920999,0.00067424774,0.9738704,0.009952545
2864,Hypochaeris maculata,0.8165548,0.9132524,0.8053569,0.011197865,0.8647219,0.04853052
2865,Hypochaeris radicata,0.7248066,0.6801973,0.7254088,-0.0006021857,0.7844913,-0.104294
2866,Hypochaeris sessiliflora,0.56063735,0.08739582,0.55437535,0.0062620044,0.083767705,0.0036281124
2867,Hypoestes aristata,0.9025974,0.9807705,0.7518121,0.15078533,-0.27842814,1.2591987
2868,Hypoestes floribunda,0.6587239,0.96884674,0.6205605,0.038163364,0.91035205,0.058494687
2869,Hypoestes forskaolii,0.92001575,0.9041288,0.9224163,-0.002400577,0.9240546,-0.019925833
2870,Hypoestes triflora,0.83351696,0.83304405,0.80022025,0.033296704,0.8533017,-0.020257652
2871,Hypolepis sparsisora,0.93958336,0.73225206,0.8932739,0.04630947,0.7029469,0.02930516
2872,Hypoxis decumbens,0.68850076,-0.50566316,0.46976823,0.21873254,-3.144195,2.638532
2873,Hypoxis hirsuta,0.8727015,0.81529224,0.87940913,-0.0067076087,0.5081581,0.30713415
2874,Hypoxis juncea,0.9428146,0.99412453,0.95065093,-0.007836342,0.99654764,-0.0024231076
2875,Hypoxis wrightii,0.8717833,0.8374518,0.8021189,0.06966442,0.13016081,0.707291
2876,Ifloga spicata,0.8336375,0.7797024,0.84260726,-0.008969784,0.18670505,0.5929974
2877,Ilex ambigua,0.64849275,0.072620146,0.58960545,0.058887303,-0.9171644,0.98978454
2878,Ilex aquifolium,0.82665765,0.8556399,0.8387871,-0.012129426,0.8788419,-0.023202002
2879,Ilex asprella,0.82930297,0.8550751,0.8425268,-0.013223827,0.82600933,0.029065788
2880,Ilex brevicuspis,0.63352627,0.3229473,0.5880401,0.045486152,0.14997678,0.17297052
2881,Ilex coriacea,0.8812982,0.9108784,0.88062716,0.0006710291,0.8913239,0.019554496
2882,Ilex decidua,0.9134852,0.9013951,0.9037839,0.009701312,0.88379997,0.017595112
2883,Ilex dumosa,0.7428342,0.56116754,0.67721725,0.065616965,0.45681748,0.10435006
2884,Ilex ficoidea,0.6364667,0.2423651,0.59817773,0.03828895,0.2791401,-0.036775008
2885,Ilex formosana,0.66861564,0.34404498,0.6547093,0.01390636,0.29081085,0.05323413
2886,Ilex glabra,0.90304303,0.86432403,0.90798795,-0.0049449205,0.8855762,-0.021252155
2887,Ilex goshiensis,0.7397539,0.5932237,0.7163831,0.023370802,0.5430052,0.050218463
2888,Ilex lonicerifolia,0.71824753,0.924516,0.75405717,-0.035809636,0.5058889,0.41862714
2889,Ilex maximowicziana,0.9274398,0.8857685,0.91793406,0.009505749,0.7617137,0.12405479
2890,Ilex microdonta,0.6307624,0.559376,0.6377822,-0.007019818,0.44585955,0.11351645
2891,Ilex mitis,0.9416549,0.9230378,0.83485556,0.106799364,0.83417374,0.08886409
2892,Ilex montana,0.9162999,0.9229547,0.91946334,-0.003163457,0.9288091,-0.005854428
2893,Ilex myrtifolia,0.9266261,0.89794165,0.9198085,0.0068175793,0.8215788,0.07636285
2894,Ilex opaca,0.67777693,0.15936098,0.6768141,0.00096285343,0.20625205,-0.04689108
2895,Ilex paraguariensis,0.7710577,0.7076774,0.7162974,0.054760337,0.58727956,0.120397866
2896,Ilex theezans,0.66159534,0.34857002,0.6494372,0.012158155,0.27831802,0.070252
2897,Ilex tugitakayamensis,0.8221359,0.8109055,0.84671295,-0.024577022,0.79757357,0.01333195
2898,Ilex uraiensis,0.9247104,0.9323613,0.88736725,0.037343144,0.8782468,0.05411452
2899,Ilex verticillata,0.74616563,0.44108957,0.71754926,0.028616369,0.09756999,0.34351957
2900,Ilex vomitoria,0.9146188,0.9322074,0.9093116,0.0053071976,0.8918337,0.040373683
2901,Illicium anisatum,0.8132832,0.75514185,0.84112066,-0.027837455,0.86746943,-0.112327576
2902,Illicium arborescens,0.8483601,0.8399957,0.77923995,0.06912017,0.8829548,-0.042959094
2903,Impatiens capensis,0.8415826,0.8093419,0.80748975,0.034092844,0.5890223,0.22031963
2904,Impatiens hoehnelii,0.8584905,0.7867675,0.7572357,0.10125482,0.65944016,0.12732732
2905,Impatiens meruensis,0.6139374,0.38223732,0.4932056,0.12073177,-0.65010697,1.0323443
2906,Impatiens noli-tangere,0.8727054,0.86495084,0.87192893,0.0007764697,0.89208937,-0.027138531
2907,Impatiens pallida,0.95602757,0.9585711,0.9602436,-0.0042160153,0.95364755,0.0049235225
2908,Indigofera aspera,0.58733976,-0.2680652,0.6146635,-0.027323723,0.30594862,-0.5740138
2909,Indigofera australis,0.8907849,0.8565665,0.855075,0.035709918,0.7614946,0.09507191
2910,Indigofera charlieriana,0.9519355,0.9938433,0.7755914,0.17634416,0.76222,0.23162329
2911,Indigofera colutea,0.82269555,-1.0750688,0.75328004,0.06941551,-0.51511383,-0.559955
2912,Indigofera daleoides,0.8003161,0.63419133,0.73630136,0.06401473,0.3070829,0.32710844
2913,Indigofera filipes,0.91124684,0.94220537,0.8355427,0.07570416,0.39447212,0.54773325
2914,Indigofera hirsuta,0.8369789,0.5839905,0.8113192,0.02565974,0.7697947,-0.18580419
2915,Indigofera linifolia,0.84365064,0.8006521,0.75342387,0.09022677,0.5650314,0.23562068
2916,Indigofera nephrocarpa,0.8166008,0.63871545,0.6367589,0.17984188,0.23091502,0.40780044
2917,Indigofera pratensis,0.7946098,0.63979495,0.7807172,0.013892591,0.84093887,-0.20114392
2918,Inga affinis,0.85255474,0.7018669,0.69718456,0.15537018,-0.50647,1.208337
2919,Inga marginata,0.87808675,0.81614226,0.8566999,0.021386862,0.7777224,0.038419843
2920,Inga sessilis,0.8842656,0.8140537,0.83235747,0.051908135,0.7370864,0.0769673
2921,Ionactis linariifolia,0.8527426,0.85385376,0.85096455,0.0017780662,0.8657048,-0.011851013
2922,Iphigenia indica,0.83917403,0.84836626,0.72574896,0.113425076,0.29412392,0.5542424
2923,Ipomoea coptica,0.89282763,0.94126284,0.7693852,0.12344241,0.73111916,0.21014369
2924,Ipomoea coscinosperma,0.84114236,0.7951673,0.8172821,0.023860276,0.79198205,0.0031852722
2925,Ipomoea eriocarpa,0.8538541,0.8821274,0.8454345,0.008419633,0.6396048,0.2425226
2926,Ipomoea gracilis,0.79582167,0.8506942,0.8299602,-0.03413856,0.7913,0.05939418
2927,Ipomoea lonchophylla,0.9329381,0.96231455,0.91139305,0.021545053,0.6115004,0.35081416
2928,Ipomoea pandurata,0.71158516,0.8888952,0.6785138,0.03307134,0.84411794,0.044777274
2929,Ipomoea polymorpha,0.8571583,0.8573512,0.8034222,0.05373609,0.6336851,0.22366607
2930,Ipomoea spathulata,0.97389555,0.98671776,0.9612617,0.01263386,0.9489382,0.03777957
2931,Iris bungei,0.6773809,-0.102805704,0.8467491,-0.16936821,0.80367106,-0.90647674
2932,Iris cristata,0.83241504,0.3801905,0.7974158,0.03499925,0.7023557,-0.3221652
2933,Iris dichotoma,0.9181287,0.94332266,0.7667021,0.15142661,0.17636876,0.7669539
2934,Iris foetidissima,0.8223355,0.015513562,0.8290529,-0.0067174435,0.86568016,-0.8501666
2935,Iris humilis,0.891783,0.7961992,0.9118252,-0.020042181,0.918769,-0.1225698
2936,Iris ivanovae,0.87010026,0.6550045,0.75742143,0.112678826,-0.11263744,0.76764196
2937,Iris missouriensis,0.87842244,0.83610696,0.83418167,0.044240773,0.7244334,0.111673534
2938,Iris potaninii,0.81441355,0.8543972,0.8311418,-0.016728282,0.7943802,0.06001699
2939,Iris pseudacorus,0.8406886,0.8637912,0.8539211,-0.013232529,0.9121229,-0.048331678
2940,Iris pumila,0.93881714,0.9983252,0.8568865,0.08193064,0.99715585,0.0011693835
2941,Iris ruthenica,0.8767652,0.89252675,0.7985524,0.0782128,0.92544454,-0.032917798
2942,Iris sibirica,0.8385186,0.19221859,0.8259413,0.012577295,-0.61115885,0.80337745
2943,Iris tenuifolia,0.8045167,0.7338216,0.6734257,0.131091,0.1738341,0.5599875
2944,Iris uniflora,0.96051186,0.95926553,0.8173677,0.14314419,0.8468211,0.1124444
2945,Iris verna,0.76668775,0.6978699,0.7319759,0.034711838,0.64952666,0.04834324
2946,Ischaemum fragile,0.8830256,0.88857645,0.87254643,0.010479152,0.9717133,-0.08313686
2947,Iseilema membranaceum,0.92283267,0.94241345,0.8636738,0.05915886,0.5697851,0.37262833
2948,Iseilema vaginiflorum,0.94822085,0.97397894,0.91862637,0.029594481,0.9719778,0.0020011663
2949,Isocoma tenuisecta,0.91223365,0.9544034,0.93492347,-0.02268982,0.9929678,-0.038564384
2950,Isodon inflexus,0.6393509,0.27471197,0.6046653,0.03468561,0.4262873,-0.15157533
2951,Isoglossa gregorii,0.8531581,0.821758,0.5745157,0.27864242,-0.17282939,0.99458736
2952,Isolepis cernua,0.9450755,0.9803917,0.95743954,-0.01236403,0.62802607,0.3523656
2953,Isolepis fluitans,0.92629915,0.6817208,0.942324,-0.016024828,0.6433785,0.038342297
2954,Isolepis setacea,0.8152555,0.25283378,0.8336057,-0.018350184,0.93452394,-0.68169016
2955,Isopyrum thalictroides,0.87269145,0.91728413,0.87421066,-0.0015192032,0.96195066,-0.04466653
2956,Itea parviflora,0.66024697,0.39400366,0.6989943,-0.03874731,0.47695833,-0.082954675
2957,Itea virginica,0.755957,0.725917,0.7541439,0.0018131137,0.7339966,-0.008079648
2958,Jacaranda micrantha,0.6822873,0.6014082,0.651093,0.03119427,0.65789837,-0.056490183
2959,Jacaranda puberula,0.7270266,0.5205027,0.70894265,0.01808393,0.62802327,-0.10752058
2960,Jacksonia ramosissima,0.90999514,0.98346955,0.8999094,0.010085762,0.95734465,0.026124895
2961,Jacksonia scoparia,0.9224577,0.8693916,0.90034586,0.022111833,0.8267375,0.042654097
2962,Jacksonia thesioides,0.90539014,0.89997596,0.8968636,0.008526564,0.89710116,0.0028747916
2963,Jacobaea adonidifolia,0.9483209,0.54903156,0.93166566,0.016655266,0.69239354,-0.14336199
2964,Jacobaea aquatica,0.8479301,0.8878358,0.8393468,0.008583248,0.93741953,-0.049583733
2965,Jacobaea carniolica,0.9631065,0.94582653,0.960197,0.0029095411,0.89442074,0.051405787
2966,Jacobaea erucifolia,0.80913895,0.9931046,0.7587254,0.05041355,0.9863549,0.0067496896
2967,Jacobaea subalpina,0.9492135,0.92861414,0.9436176,0.0055959225,0.94617313,-0.017558992
2968,Jacobaea vulgaris,0.77997345,0.9263609,0.7154478,0.064525664,0.93614835,-0.00978744
2969,Jacquemontia paniculata,0.778002,0.7276386,0.7677065,0.01029551,0.57113004,0.15650856
2970,Jacquemontia tamnifolia,0.88661397,0.7942149,0.5994732,0.2871408,0.6798498,0.1143651
2971,Jagera pseudorhus,0.9177406,0.8893794,0.91581756,0.0019230247,0.7265549,0.16282451
2972,Jamesbrittenia racemosa,0.7465887,0.6193472,0.73099416,0.015594542,0.6067166,0.012630641
2973,Jamesonia goudotii,0.75788283,0.6417745,0.70518017,0.052702665,0.4562702,0.18550429
2974,Jasione crispa,0.9676489,0.9617897,0.9666362,0.0010127425,0.9262536,0.03553611
2975,Jasione laevis,0.9227114,0.84873897,0.9191817,0.0035296679,0.9091817,-0.060442746
2976,Jasione montana,0.8459967,0.92056584,0.8437488,0.00224787,0.8684304,0.052135468
2977,Jasminum abyssinicum,0.76198727,0.42883447,0.77703565,-0.015048385,0.715195,-0.28636053
2978,Jasminum didymum,0.7072659,-0.321924,0.6389241,0.06834179,-0.12647836,-0.19544564
2979,Jasminum grandiflorum,0.5968808,-5.2869334,0.5147114,0.08216941,-4.461706,-0.82522726
2980,Jasminum simplicifolium,0.78099895,0.54067713,0.7541723,0.02682662,0.36588836,0.17478877
2981,Jatropha unicostata,0.70277774,0.3583762,0.6626985,0.040079236,0.34936133,0.009014875
2982,Juglans major,0.9147612,0.9202917,0.916002,-0.0012407899,0.9190079,0.0012838244
2983,Juglans nigra,0.8119947,0.82050323,0.76287776,0.04911691,0.6648805,0.15562272
2984,Juncus acutiflorus,0.83827996,0.9429561,0.81815505,0.020124912,0.9445536,-0.0015975237
2985,Juncus acutus,0.9368055,0.9963541,0.93899655,-0.0021910667,0.9137317,0.08262241
2986,Juncus arcticus,0.9597245,-0.06614423,0.9565578,0.0031666756,0.9780988,-1.0442431
2987,Juncus articulatus,0.81998706,0.95859885,0.821464,-0.0014769435,0.9540464,0.004552424
2988,Juncus balticus,0.85688794,0.57888836,0.78935575,0.06753218,0.70812494,-0.12923658
2989,Juncus biglumis,0.9439645,0.9176336,0.92468214,0.019282341,0.9600001,-0.042366505
2990,Juncus bufonius,0.80362093,0.743276,0.77685153,0.0267694,0.96090305,-0.21762705
2991,Juncus bulbosus,0.86071986,0.8822555,0.87550455,-0.014784694,0.9233663,-0.041110814
2992,Juncus castaneus,0.889407,0.7185379,0.89510846,-0.0057014823,0.9984873,-0.27994937
2993,Juncus compressus,0.76157224,0.92619914,0.78462064,-0.0230484,0.75212777,0.17407137
2994,Juncus conglomeratus,0.7424665,0.59550554,0.7399154,0.0025511384,0.78553414,-0.19002861
2995,Juncus coriaceus,0.8030756,0.9246362,0.7267662,0.07630938,0.56283975,0.36179644
2996,Juncus drummondii,0.96012974,0.97379756,0.95298886,0.007140875,0.91941375,0.054383814
2997,Juncus effusus,0.83407027,0.92510265,0.8171152,0.016955078,0.9191335,0.0059691668
2998,Juncus filiformis,0.86845326,0.84066176,0.85863173,0.009821534,0.8424804,-0.0018186569
2999,Juncus gerardi,0.88604945,0.971209,0.8866019,-0.00055247545,0.98095924,-0.009750247
3000,Juncus inflexus,0.7510801,0.7074164,0.71738034,0.03369975,0.779417,-0.07200056
3001,Juncus jacquinii,0.9759269,0.9988618,0.98089224,-0.004965365,0.98870987,0.010151923
3002,Juncus maritimus,0.93679386,0.9962749,0.9259632,0.010830641,0.9885667,0.007708192
3003,Juncus mertensianus,0.96843183,0.8109304,0.9671393,0.0012925267,0.7462053,0.0647251
3004,Juncus parryi,0.96864516,0.82561654,0.9677091,0.00093603134,0.99823886,-0.17262232
3005,Juncus roemerianus,0.9483064,0.9018723,0.94486415,0.0034422278,0.97941625,-0.077543974
3006,Juncus squarrosus,0.9468843,0.92920464,0.9464744,0.00040990114,0.9430305,-0.013825834
3007,Juncus subnodulosus,0.6344965,0.8724739,0.63757455,-0.0030780435,0.8906507,-0.018176794
3008,Juncus subsecundus,0.89583445,0.9246197,0.887004,0.008830428,0.89925784,0.025361836
3009,Juncus subulatus,0.9645406,0.9966226,0.9445839,0.019956708,0.5144002,0.48222244
3010,Juncus triglumis,0.950898,0.94512486,0.9538988,-0.0030007958,0.9749063,-0.02978146
3011,Juncus usitatus,0.8760088,0.952163,0.8549266,0.021082222,0.9000747,0.05208826
3012,Juniperus communis,0.81503934,0.8446791,0.8069153,0.0081240535,0.81837934,0.026299775
3013,Juniperus deppeana,0.9427736,0.9150938,0.9427451,2.849102e-05,0.9236306,-0.008536816
3014,Juniperus monosperma,0.89752084,0.9573729,0.8812328,0.016288042,0.9556695,0.0017033815
3015,Juniperus osteosperma,0.8479831,0.8414768,0.8466781,0.0013050437,0.809063,0.03241378
3016,Juniperus oxycedrus,0.91497505,0.8616761,0.910205,0.0047700405,0.7588123,0.10286379
3017,Juniperus phoenicea,0.9199434,0.89534044,0.92561215,-0.0056687593,0.20400761,0.6913328
3018,Juniperus procera,0.4352687,-1.4193757,0.46099558,-0.025726885,-1.4336253,0.014249682
3019,Juniperus sabina,0.9267657,0.9668689,0.913968,0.012797654,0.7549013,0.21196759
3020,Juniperus scopulorum,0.86137164,0.87429833,0.85847354,0.002898097,0.9330982,-0.058799863
3021,Juniperus virginiana,0.8905009,0.8652139,0.8731114,0.017389476,0.8161511,0.04906279
3022,Jupunba langsdorffii,0.85463035,0.82241905,0.85621405,-0.0015836954,0.75055176,0.07186729
3023,Jurinea multiflora,0.92751527,0.948073,0.93610877,-0.0085935,0.95955074,-0.011477709
3024,Kadenia dubia,0.92193156,0.87004507,0.9136847,0.008246839,0.759376,0.11066908
3025,Kadsura japonica,0.8127163,0.9540655,0.7736305,0.039085805,0.9597942,-0.0057287216
3026,Kalanchoe densiflora,0.86877364,0.8193965,0.8525789,0.01619476,0.85541224,-0.03601575
3027,Kalmia latifolia,0.90918434,0.8641969,0.9192662,-0.010081887,0.8672579,-0.0030609965
3028,Kalmia procumbens,0.9367961,0.91122496,0.9428328,-0.006036699,0.873911,0.03731394
3029,Kellochloa verrucosa,0.79663414,0.2550702,0.82484627,-0.02821213,0.43994975,-0.18487954
3030,Kernera saxatilis,0.90121514,0.9589522,0.89520943,0.0060057044,0.96175253,-0.0028003454
3031,Kitagawia baicalensis,0.92493844,0.9320991,0.9211579,0.0037805438,0.9482505,-0.016151369
3032,Kitagawia terebinthacea,0.936353,0.90757954,0.9177352,0.018617809,0.9646354,-0.05705583
3033,Klasea centauroides,0.9130632,0.7204188,0.8940583,0.019004941,0.9196102,-0.19919139
3034,Knautia arvensis,0.7857307,0.64614666,0.7762976,0.009433091,0.6545742,-0.00842756
3035,Knautia arvernensis,0.9323921,0.70262396,0.93257296,-0.00018084049,0.7066069,-0.003982961
3036,Knautia illyrica,0.938854,0.93155336,0.9251087,0.013745308,0.9953895,-0.06383616
3037,Knautia kitaibelii,0.9146781,0.93584377,0.90410864,0.010569453,0.92004615,0.015797615
3038,Knautia maxima,0.80074465,0.60662365,0.9184158,-0.11767113,0.48988938,0.11673427
3039,Kniphofia thomsonii,0.8103211,0.6092651,0.88656956,-0.07624847,0.6493512,-0.04008609
3040,Koeleria eriostachya,0.9656541,0.9794373,0.9332227,0.032431364,0.90075916,0.07867813
3041,Koeleria glauca,0.9145088,0.8340643,0.82663643,0.087872386,0.93130255,-0.09723824
3042,Koeleria macrantha,0.84498066,0.9860567,0.81590444,0.029076219,0.98652697,-0.00047028065
3043,Koeleria nitidula,0.9530091,0.9208056,0.94459957,0.00840956,0.8849917,0.035813868
3044,Koeleria pyramidata,0.796832,0.91873384,0.7501011,0.046730936,0.90609956,0.012634277
3045,Koeleria spicata,0.95595944,0.87773883,0.93766755,0.01829189,0.9569162,-0.07917738
3046,Koeleria splendens,0.8989561,0.74764687,0.8014385,0.09751761,0.16337004,0.5842768
3047,Koeleria vallesiana,0.90258,0.8764729,0.88814974,0.0144302845,0.9349594,-0.05848652
3048,Koenigia ajanensis,0.98787695,0.99946296,0.8630153,0.12486166,0.9811622,0.018300772
3049,Koenigia alpina,0.9551992,0.95641583,0.92941844,0.025780737,0.95471936,0.0016964674
3050,Koenigia chlorochrysea,0.9991817,0.9998399,0.95608294,0.043098748,0.91322285,0.08661705
3051,Koenigia divaricata,0.91676164,0.90578187,0.77402556,0.14273608,-0.070176736,0.9759586
3052,Kohautia caespitosa,0.80030566,0.66198355,0.77791065,0.022395015,0.598228,0.06375557
3053,Koordersiochloa longiarista,0.792806,0.64336133,0.67621857,0.11658746,-0.5598528,1.2032142
3054,Krameria lanceolata,0.76214826,0.27917424,0.6745077,0.08764058,0.8885207,-0.6093465
3055,Krascheninnikovia ceratoides,0.94968784,0.9584645,0.8597712,0.08991665,0.8254061,0.13305843
3056,Krascheninnikovia lanata,0.8541385,0.7029215,0.80526143,0.04887706,0.7841562,-0.08123469
3057,Krigia montana,0.9318394,0.9814475,0.9423955,-0.010556102,0.9657821,0.015665412
3058,Kuloa usambarensis,0.96402264,0.9848791,0.90650314,0.057519495,0.8962699,0.08860916
3059,Kyphocarpa angustifolia,0.8685324,0.7207734,0.71344703,0.15508538,0.5567003,0.16407311
3060,Laburnum alpinum,0.95326173,0.98136854,0.9431712,0.01009053,0.9728237,0.008544862
3061,Laburnum anagyroides,0.91595864,0.9646868,0.92030835,-0.0043497086,0.81322384,0.15146297
3062,Lachnagrostis filiformis,0.9004181,0.93955046,0.9134325,-0.013014376,0.953098,-0.01354754
3063,Lactuca muralis,0.75648856,0.61828136,0.7621864,-0.0056978464,0.747827,-0.12954563
3064,Lactuca perennis,0.90964174,0.951426,0.90376395,0.005877793,0.85495794,0.09646809
3065,Lactuca serriola,0.7982658,-0.08314314,0.77902335,0.019242465,0.83468634,-0.91782945
3066,Lactuca sibirica,0.88452613,0.68679386,0.8056034,0.07892275,0.5545054,0.13228846
3067,Lactuca tatarica,0.9183591,0.7787124,0.8636473,0.05471182,0.78003466,-0.0013222694
3068,Lactuca viminea,0.90944606,0.6858211,0.7775539,0.13189214,0.49020803,0.19561309
3069,Lagerstroemia subcostata,0.82685035,0.7532063,0.8438876,-0.017037272,0.75249827,0.0007080436
3070,Lagochilus ilicifolius,0.7376501,0.5759918,0.70639837,0.03125173,0.56672853,0.009263277
3071,Lagurus ovatus,0.92897743,0.96242416,0.92520064,0.0037767887,0.9275925,0.034831643
3072,Lamanonia ternata,0.8142587,0.727957,0.7132807,0.10097802,0.57741225,0.15054476
3073,Lamium album,0.76967144,0.90149474,0.6548145,0.11485696,0.9133158,-0.011821032
3074,Lamium amplexicaule,0.77223593,-0.48935935,0.7807349,-0.008498967,-1.9554721,1.4661127
3075,Lamium galeobdolon,0.7857441,0.7246038,0.7683959,0.01734817,0.658774,0.065829754
3076,Lamium maculatum,0.71387565,0.7000321,0.7446195,-0.030743837,0.7135719,-0.013539791
3077,Lamium orvala,0.899627,0.8701657,0.8987177,0.00090926886,0.87568796,-0.005522251
3078,Lamium purpureum,0.7083792,-1.722809,0.7305664,-0.022187173,-1.29547,-0.42733896
3079,Lamprolobium fruticosum,0.9266076,0.9683907,0.8796899,0.046917737,0.8854182,0.08297253
3080,Lannea gossweileri,0.83912486,0.6858972,0.6502574,0.18886745,-0.24346206,0.9293592
3081,Lantana angolensis,0.69857025,0.69000626,0.607233,0.09133726,-0.1322841,0.82229036
3082,Laportea alatipes,0.9250783,0.90457445,0.78034204,0.14473623,0.3173489,0.58722556
3083,Laportea canadensis,0.8508768,0.933765,0.85634696,-0.0054701567,0.89893043,0.034834564
3084,Lappula anisacantha,0.8319894,0.58193326,0.8819865,-0.04999709,0.8907735,-0.30884022
3085,Lappula squarrosa,0.928262,0.75707465,0.91490877,0.013353229,-0.18568732,0.94276196
3086,Lapsana communis,0.6715464,0.5452829,0.6823146,-0.010768175,0.37806666,0.16721624
3087,Larix decidua,0.8219811,0.88565445,0.8247011,-0.0027199984,0.74838287,0.13727158
3088,Larix occidentalis,0.9002395,0.9074268,0.89925146,0.0009880662,0.9112536,-0.003826797
3089,Larix sibirica,0.9027472,0.6562963,0.8656898,0.0370574,0.92525816,-0.26896185
3090,Larrea divaricata,0.95709085,0.9172686,0.9061818,0.050909042,0.82653743,0.090731144
3091,Larrea tridentata,0.96745855,0.97176504,0.9460364,0.021422148,0.9221637,0.049601316
3092,Larsenaikia ochreata,0.88116056,0.895126,0.79666775,0.0844928,0.75605446,0.13907152
3093,Laserpitium gallicum,0.94751495,0.9540302,0.9286833,0.01883167,0.9658359,-0.011805713
3094,Laserpitium latifolium,0.8816556,0.94170374,0.85144085,0.030214727,0.91757923,0.024124503
3095,Laserpitium peucedanoides,0.95488083,0.9644672,0.96440786,-0.009527028,0.9778044,-0.013337195
3096,Lasianthus fordii,0.8541552,0.8115048,0.8737322,-0.019577026,0.8499424,-0.038437605
3097,Lasianthus kilimandscharicus,0.9656429,0.956183,0.8866181,0.07902485,0.88883007,0.06735295
3098,Lasiopogon muscoides,0.9745818,0.9940011,0.87889266,0.09568912,-1.2905382,2.2845392
3099,Lathyrus aphaca,0.7936925,0.8600796,0.79339427,0.00029826164,0.81585264,0.044226944
3100,Lathyrus gmelinii,0.9408512,0.9482745,0.86914706,0.07170415,0.8609383,0.08733618
3101,Lathyrus latifolius,0.85169435,0.7720406,0.89966905,-0.047974706,0.6391503,0.13289028
3102,Lathyrus laxiflorus,0.93565345,0.99091893,0.9053863,0.03026712,0.8811774,0.10974151
3103,Lathyrus niger,0.84383696,0.91229975,0.8324161,0.011420846,0.91383475,-0.0015349984
3104,Lathyrus ochroleucus,0.96137226,0.965062,0.94142926,0.019942999,0.9379991,0.027062893
3105,Lathyrus palustris,0.91129076,0.7205421,0.88370174,0.027589023,0.91102576,-0.19048369
3106,Lathyrus pisiformis,0.9376036,0.9013026,0.93144387,0.006159723,0.96345216,-0.062149584
3107,Lathyrus pratensis,0.7301878,0.47441128,0.6800523,0.050135493,0.531273,-0.05686173
3108,Lathyrus sylvestris,0.74257433,-0.6755498,0.78063256,-0.03805822,-1.41073,0.7351802
3109,Lathyrus tuberosus,0.8521926,0.72260237,0.8119527,0.04023987,0.6633449,0.059257448
3110,Lathyrus venetus,0.9179837,0.96894974,0.9119992,0.005984485,0.97776496,-0.008815229
3111,Lathyrus vernus,0.8955885,0.9287463,0.86078423,0.034804285,0.899335,0.029411256
3112,Launaea arborescens,0.96456623,0.9103876,0.8552977,0.109268546,0.34699515,0.5633924
3113,Launaea capitata,0.8299429,0.8098546,0.795261,0.034681857,0.45230561,0.357549
3114,Launaea mucronata,0.7581268,0.7389872,0.7154275,0.042699277,0.42667145,0.31231576
3115,Launaea nudicaulis,0.8268268,-0.9031872,0.7705417,0.056285083,-0.34258547,-0.5606017
3116,Laurus nobilis,0.8403285,0.60280395,0.8813658,-0.04103726,0.8146192,-0.21181524
3117,Lavandula angustifolia,0.9611815,0.9700549,0.94382155,0.017359972,0.9535379,0.016517043
3118,Lavandula latifolia,0.94015497,0.9554305,0.9297575,0.010397494,0.8573298,0.09810072
3119,Lavandula stoechas,0.93674994,0.95018804,0.9115534,0.025196552,0.71040595,0.2397821
3120,Laxmannia gracilis,0.8857495,0.95059776,0.8729567,0.012792826,0.9083776,0.042220175
3121,Lechea minor,0.87642,0.879635,0.8833811,-0.0069611073,0.9591489,-0.07951391
3122,Lechea pulchella,0.8497807,0.81252754,0.8462963,0.0034843683,0.3408321,0.47169542
3123,Lechea sessiliflora,0.9493787,0.99376583,0.9501832,-0.0008044839,0.97361654,0.02014929
3124,Lechea torreyi,0.94475967,0.9768702,0.930138,0.014621675,0.99767303,-0.020802855
3125,Leersia hexandra,0.8760054,0.931953,0.8394031,0.03660232,0.89041847,0.041534543
3126,Leersia lenticularis,0.9662213,0.9967138,0.95937395,0.006847322,0.9697261,0.026987731
3127,Leersia oryzoides,0.87614536,0.9552063,0.9089439,-0.03279853,0.9641368,-0.008930504
3128,Leersia virginica,0.697081,0.70548767,0.6887045,0.008376539,0.55835456,0.14713311
3129,Leibnitzia anandria,0.904737,0.8673242,0.83666694,0.068070054,0.7352411,0.13208306
3130,Leichhardtia australis,0.8974014,0.36529332,0.8600324,0.037369013,0.74237365,-0.37708032
3131,Leichhardtia viridiflora,0.68745214,-1.8131057,0.63413596,0.053316176,-1.7331811,-0.07992458
3132,Leiocarpa tomentosa,0.9489795,0.95995355,0.93955624,0.009423256,0.8989883,0.06096524
3133,Lemna gibba,0.9064233,0.9819185,0.8836942,0.022729099,0.98928183,-0.0073633194
3134,Lemna minor,0.8649846,0.8578385,0.8618029,0.003181696,0.96311957,-0.105281055
3135,Lemna trisulca,0.92423916,0.9720956,0.8953158,0.028923333,0.97713447,-0.0050388575
3136,Leobordea platycarpa,0.920038,0.734088,0.7306505,0.1893875,0.23792207,0.49616593
3137,Leontodon crispus,0.90074384,0.94342065,0.8859967,0.014747143,0.9705776,-0.027156949
3138,Leontodon hirtus,0.7701716,0.87162143,0.85800564,-0.08783406,0.94049335,-0.068871915
3139,Leontodon hispidus,0.72927046,0.76610845,0.7252749,0.0039955378,0.73144406,0.034664392
3140,Leontodon incanus,0.93340856,0.9496828,0.90390337,0.029505193,0.9938992,-0.044216454
3141,Leontodon tuberosus,0.95186406,0.9063861,0.96284646,-0.010982394,0.96098554,-0.054599464
3142,Leontopodium leontopodioides,0.89642155,0.76447636,0.7831634,0.11325812,0.5104261,0.25405025
3143,Lepidium pseudohyssopifolium,0.9104596,0.82147396,0.89707434,0.013385236,0.85619956,-0.034725606
3144,Lepidosperma laterale,0.817941,-1.3328444,0.8036511,0.014289916,-1.5269487,0.19410431
3145,Lepidotrichilia volkensii,0.8779643,0.73594356,0.7545058,0.123458505,0.5380234,0.19792014
3146,Lepisorus buergerianus,0.6824905,0.38091463,0.6665902,0.015900314,0.3368857,0.044028938
3147,Lepisorus ensatus,0.81435025,0.7989975,0.8254802,-0.011129975,0.5954313,0.2035662
3148,Lepisorus microphyllus,0.7849641,0.6469544,0.7874993,-0.002535224,0.60209,0.044864416
3149,Lepisorus monilisorus,0.6265653,0.2523386,0.70723766,-0.08067238,0.46296892,-0.21063033
3150,Lepisorus obscure-venulosus,0.7688068,0.5976555,0.79177475,-0.022967935,0.62260306,-0.024947584
3151,Lepisorus thunbergianus,0.6035196,-0.06050708,0.53393316,0.069586456,-0.3706376,0.3101305
3152,Leptadenia lanceolata,0.8890272,0.88865685,0.89140534,-0.0023781657,0.88881916,-0.00016230345
3153,Leptadenia pyrotechnica,0.73302895,0.26444605,0.75360733,-0.020578384,-0.45741916,0.7218652
3154,Leptochilus pothifolius,0.81772006,0.82717156,0.6478509,0.16986918,0.40812406,0.4190475
3155,Leptochilus wrightii,0.8529473,0.86390656,0.8364882,0.016459107,0.797376,0.066530585
3156,Leptochloa asthenes,0.96703684,0.95389384,0.9458112,0.021225631,0.96001834,-0.0061244965
3157,Leptochloa digitata,0.8865607,0.79742056,0.8640026,0.022558093,0.9714937,-0.17407316
3158,Leptospermum polygalifolium,0.897898,0.91384083,0.89652735,0.0013706684,0.844941,0.06889981
3159,Lespedeza angustifolia,0.88296705,0.70102966,0.88087606,0.0020909905,0.9255896,-0.22455996
3160,Lespedeza bicolor,0.92982006,0.8787457,0.9089947,0.020825386,0.91520184,-0.036456168
3161,Lespedeza capitata,0.8591091,0.71441334,0.79612947,0.06297964,0.7420201,-0.027606726
3162,Lespedeza hirta,0.82670623,0.8782454,0.82915246,-0.0024462342,0.8871237,-0.008878291
3163,Lespedeza juncea,0.9417381,0.9164293,0.8964765,0.04526162,0.8883638,0.028065503
3164,Lespedeza maximowiczii,0.81838626,0.67026544,0.8010582,0.017328084,0.6190522,0.051213264
3165,Lespedeza procumbens,0.623423,0.21120328,0.6083824,0.015040576,0.40269235,-0.19148907
3166,Lespedeza repens,0.6811495,0.3957599,0.7069852,-0.025835693,0.35620233,0.039557576
3167,Lespedeza virginica,0.73509246,0.3268285,0.71308285,0.022009611,0.5987995,-0.27197102
3168,Leucanthemopsis alpina,0.96858954,0.941797,0.9735651,-0.0049755573,0.980892,-0.039094985
3169,Leucanthemum adustum,0.87477314,0.9903342,0.85393506,0.020838082,0.984822,0.0055122375
3170,Leucanthemum atratum,0.9584755,0.8824392,0.9304371,0.028038383,0.86673105,0.015708148
3171,Leucanthemum ircutianum,0.7213738,0.9500949,0.6080623,0.11331147,0.83450764,0.115587234
3172,Leucanthemum pallens,0.8842695,0.76521933,0.86651397,0.017755508,0.47985998,0.28535935
3173,Leucanthemum vulgare,0.66111624,0.47520858,0.61372215,0.047394097,0.5263995,-0.051190913
3174,Leucas martinicensis,0.91263163,0.93987757,0.8361303,0.07650131,0.9020815,0.03779608
3175,Leucojum aestivum,0.9460596,0.95357925,0.92498994,0.021069646,0.739262,0.21431726
3176,Leucojum vernum,0.82782084,-1.556994,0.836766,-0.008945167,-0.14901638,-1.4079776
3177,Leucosphaera bainesii,0.9768991,0.8695864,0.97619045,0.0007086396,0.976675,-0.107088566
3178,Leucothoe fontanesiana,0.91197824,0.92412555,0.8899796,0.021998644,0.8351046,0.08902097
3179,Leymus chinensis,0.87438947,0.9073386,0.76844716,0.10594231,0.6223786,0.28496003
3180,Leymus cinereus,0.90925145,0.8502396,0.9012669,0.007984579,0.6964468,0.1537928
3181,Leymus paboanus,0.8484629,-0.018532965,0.7558157,0.092647195,-2.5569923,2.5384593
3182,Leymus ramosus,0.91327685,0.9650369,0.8272448,0.08603203,0.90277237,0.06226456
3183,Leymus secalinus,0.8912753,0.8399234,0.5571362,0.3341391,-0.115702845,0.95562625
3184,Liatris gracilis,0.92574716,0.8989949,0.9126906,0.013056576,0.901658,-0.002663076
3185,Liatris tenuifolia,0.9155844,0.91913956,0.9155624,2.1994114e-05,0.9396796,-0.020540059
3186,Libinhania gracilipes,0.6491491,0.4479969,0.6496497,-0.0005005598,0.3663687,0.0816282
3187,Ligusticum canadense,0.7839544,0.70549655,0.7655227,0.018431664,0.6067149,0.098781645
3188,Ligusticum canbyi,0.91591644,0.98360854,0.86760056,0.048315883,0.93995315,0.043655396
3189,Ligusticum porteri,0.9691293,0.8821975,0.9551984,0.013930917,0.9002562,-0.018058717
3190,Ligustrum sinense,0.64447916,0.17517667,0.6351121,0.009367049,0.1913105,-0.01613383
3191,Ligustrum vulgare,0.8243713,0.8265879,0.81404066,0.010330617,0.83304226,-0.0064543486
3192,Lilium martagon,0.8185196,0.8105232,0.8023543,0.016165316,0.77066034,0.03986287
3193,Lilium michauxii,0.8052552,0.42728963,0.8138688,-0.008613646,0.14770511,0.27958453
3194,Lilium pumilum,0.9336644,0.9185004,0.8620726,0.071591794,0.7002693,0.21823114
3195,Lilium superbum,0.93150115,0.7968659,0.92398876,0.0075123906,0.9180888,-0.12122291
3196,Limbarda crithmoides,0.95128816,0.9859725,0.9560607,-0.004772544,0.93404603,0.051926494
3197,Limeum fenestratum,0.62576485,-0.5504241,0.5478584,0.07790643,-0.51629835,-0.034125745
3198,Limeum viscosum,0.9282951,0.93941927,0.9206703,0.007624805,0.90747404,0.03194523
3199,Limodorum abortivum,0.8763178,-0.6357094,0.887164,-0.010846198,-0.5300807,-0.10562873
3200,Limonium vulgare,0.9547433,0.99343896,0.96777976,-0.01303643,0.967253,0.02618593
3201,Linanthus pungens,0.91103286,0.76898277,0.86799395,0.043038905,0.9128086,-0.14382583
3202,Linaria alpina,0.95685524,0.9074042,0.9598109,-0.0029556751,0.9250466,-0.017642438
3203,Linaria genistifolia,0.9288457,0.93340456,0.875884,0.052961707,0.988207,-0.054802418
3204,Linaria pelisseriana,0.8733054,0.90045756,0.8316243,0.04168105,0.97221047,-0.071752906
3205,Linaria repens,0.899898,0.94567955,0.8969965,0.0029014945,0.94191945,0.0037600994
3206,Linaria vulgaris,0.7652606,0.8050643,0.67315173,0.092108846,0.6667163,0.13834804
3207,Lindera benzoin,0.782983,0.7261022,0.7768375,0.0061454773,0.6825245,0.04357767
3208,Lindera communis,0.68389815,0.38630086,0.69887745,-0.014979303,0.41231468,-0.026013821
3209,Lindera erythrocarpa,0.9076796,0.90641475,0.9224862,-0.014806569,0.81787777,0.08853698
3210,Lindera obtusiloba,0.8955026,0.81270415,0.9101547,-0.014652073,0.8722401,-0.05953598
3211,Linnaea borealis,0.96608716,0.96584713,0.94116664,0.024920523,0.9643992,0.001447916
3212,Linochilus rupestris,0.7706956,0.7192943,0.75728726,0.013408363,0.8229193,-0.103625
3213,Linum alpinum,0.9598642,0.939931,0.96685815,-0.0069939494,0.9781118,-0.038180828
3214,Linum austriacum,0.9622768,0.99909437,0.9035368,0.05874002,0.97974163,0.019352734
3215,Linum bienne,0.82959336,0.9165175,0.8131545,0.016438842,0.7651027,0.15141481
3216,Linum catharticum,0.75412846,0.89170027,0.7450706,0.009057879,0.8263648,0.06533545
3217,Linum lewisii,0.8144656,-1.3687892,0.7105582,0.10390741,-8.757239,7.38845
3218,Linum narbonense,0.9460781,0.8832968,0.9215412,0.024536908,0.9552842,-0.07198739
3219,Linum salsoloides,0.8543449,0.83062416,0.87202764,-0.017682731,0.8798511,-0.04922694
3220,Linum strictum,0.8245662,-0.5189747,0.836321,-0.011754811,0.52936345,-1.0483382
3221,Linum tenuifolium,0.9231481,0.987492,0.9057096,0.017438471,0.9457357,0.041756332
3222,Linum trigynum,0.82899547,0.91834146,0.83923197,-0.010236502,0.9925615,-0.07422006
3223,Linum viscosum,0.8790207,0.19627452,0.8904454,-0.01142472,-0.5120183,0.70829284
3224,Lipandra polysperma,0.74924904,-6.9273,0.6390265,0.11022252,-2.001864,-4.925436
3225,Liparis bootanensis,0.8144421,0.76028705,0.7445661,0.069876015,0.83516806,-0.07488102
3226,Liquidambar styraciflua,0.84656316,0.73261964,0.8232217,0.023341477,0.69551736,0.037102282
3227,Liriodendron tulipifera,0.77664405,0.5754618,0.775675,0.0009690523,0.5563606,0.019101202
3228,Liriope spicata,0.59301543,-0.22774868,0.5118879,0.081127524,-0.6224187,0.39467
3229,Lithocarpus amygdalifolius,0.8946014,0.8664505,0.8893369,0.0052645206,0.8648383,0.0016121864
3230,Lithocarpus harlandii,0.6460353,0.33859158,0.6363419,0.009693384,0.2242025,0.11438908
3231,Lithocarpus kawakamii,0.7208493,0.49303234,0.77628416,-0.055434883,0.6160102,-0.12297785
3232,Lithocarpus konishii,0.7708333,0.85007286,0.8163235,-0.045490205,0.8447406,0.0053322315
3233,Lithocarpus lepidocarpus,0.73288715,0.7720601,0.80551565,-0.0726285,0.87382644,-0.10176635
3234,Lithospermum officinale,0.8776623,-0.7479997,0.79473126,0.08293104,0.40453014,-1.1525298
3235,Lithospermum ruderale,0.89831203,0.85729194,0.8743115,0.024000525,0.87057203,-0.013280094
3236,Lithraea brasiliensis,0.87977946,0.8986311,0.79724765,0.08253181,0.77755916,0.121071935
3237,Litsea acutivena,0.9500412,0.9518391,0.89823186,0.05180931,0.96019614,-0.008357048
3238,Litsea akoensis,0.7678571,0.7328719,0.691382,0.076475084,0.5772326,0.15563929
3239,Litsea hypophaea,0.845364,0.79405385,0.8644463,-0.019082308,0.84203595,-0.047982097
3240,Litsea morrisonensis,0.75880796,0.6622502,0.81358594,-0.05477798,0.66309047,-0.0008402467
3241,Littorella uniflora,0.88483536,0.42427453,0.90036404,-0.015528679,0.82308143,-0.3988069
3242,Livistona decora,0.9478297,0.97572076,0.94391465,0.0039150715,0.7758262,0.19989455
3243,Livistona muelleri,0.94168234,0.554712,0.9397764,0.0019059181,0.9556902,-0.4009782
3244,Lobelia cardinalis,0.9511627,-0.207225,0.9392708,0.0118919015,0.1331891,-0.3404141
3245,Lobelia concolor,0.91830707,0.89137256,0.88160056,0.036706507,0.9331628,-0.041790247
3246,Lobelia nuttallii,0.8833801,0.7822836,0.83710134,0.046278775,0.6016972,0.1805864
3247,Lobelia purpurascens,0.9048694,0.30311853,0.8840208,0.020848572,-0.3716468,0.67476535
3248,Lobularia maritima,0.90744245,0.69705606,0.9010045,0.0064379573,0.275567,0.42148906
3249,Logfia gallica,0.8551248,0.9446387,0.88586867,-0.030743897,0.9951736,-0.050534844
3250,Logfia minima,0.81024766,0.9964944,0.8011496,0.009098053,0.99721926,-0.0007248521
3251,Lolium arundinaceum,0.723893,0.93530476,0.723449,0.000443995,0.960853,-0.02554822
3252,Lolium giganteum,0.7401146,0.19270623,0.7189601,0.021154523,0.639032,-0.44632578
3253,Lolium multiflorum,0.8352895,0.8483343,0.8165495,0.018739998,0.854535,-0.006200671
3254,Lolium perenne,0.7621946,0.8602324,0.73601794,0.026176631,0.85982716,0.00040525198
3255,Lolium pratense,0.69639623,0.5175428,0.6630612,0.03333503,0.48358908,0.033953696
3256,Lolium rigidum,0.8795091,-0.24571806,0.85774696,0.021762133,-1.8405987,1.5948806
3257,Lomandra banksii,0.97564733,0.9772972,0.94462603,0.031021297,0.92512757,0.05216962
3258,Lomandra confertifolia,0.8622833,0.7437721,0.81619763,0.046085656,0.62179404,0.121978045
3259,Lomandra filiformis,0.81156325,0.85246843,0.80172753,0.00983572,0.7920611,0.06040734
3260,Lomandra hystrix,0.9014011,0.9177965,0.8837007,0.017700374,0.8503698,0.06742668
3261,Lomandra laxa,0.9629754,0.9679227,0.9416046,0.021370769,0.83841366,0.12950903
3262,Lomandra leucocephala,0.89933324,0.69912034,0.8723953,0.026937962,0.80429125,-0.105170906
3263,Lomandra longifolia,0.8396231,0.88847023,0.82819086,0.0114322305,0.86556005,0.022910178
3264,Lomandra multiflora,0.7687744,0.63208425,0.75857425,0.010200143,0.687939,-0.055854738
3265,Lomatia silaifolia,0.9734503,0.99507385,0.96814746,0.0053028464,0.9968903,-0.0018164515
3266,Lomatium triternatum,0.9623316,0.97375906,0.9362886,0.026042998,0.9760356,-0.0022765398
3267,Lomelosia comosa,0.8844534,0.79410285,0.8244106,0.0600428,0.7669156,0.027187228
3268,Lonchocarpus cultratus,0.74013245,0.87119573,0.66626537,0.07386708,0.058973182,0.81222254
3269,Lonicera alpigena,0.91240233,0.89959544,0.91198504,0.00041729212,0.88564116,0.013954282
3270,Lonicera caerulea,0.9005082,0.7569901,0.8509016,0.04960662,0.80411404,-0.04712397
3271,Lonicera canadensis,0.9804603,0.9874666,0.97952574,0.0009345412,0.9774241,0.010042489
3272,Lonicera caprifolium,0.8715402,0.8064307,0.89082855,-0.019288361,0.9534971,-0.14706641
3273,Lonicera etrusca,0.8626612,0.8393245,0.8786908,-0.016029596,0.8979044,-0.05857992
3274,Lonicera implexa,0.9196902,0.9053888,0.9144158,0.005274415,0.8236297,0.081759095
3275,Lonicera involucrata,0.9311154,0.9534367,0.9315975,-0.00048208237,0.9778513,-0.024414599
3276,Lonicera nigra,0.87654334,0.8966823,0.87785757,-0.0013142228,0.8854035,0.011278808
3277,Lonicera periclymenum,0.8248614,0.89537674,0.82933766,-0.004476249,0.8952956,8.112192e-05
3278,Lonicera sempervirens,0.81109536,0.84660727,0.78164524,0.029450119,0.56773317,0.2788741
3279,Lonicera utahensis,0.9672792,0.9712494,0.9566125,0.010666668,0.90035504,0.07089436
3280,Lonicera xylosteum,0.8610402,0.850017,0.83322823,0.027811944,0.8249396,0.025077403
3281,Lophatherum gracile,0.9594742,0.9686595,0.94636536,0.0131088495,0.92137134,0.04728818
3282,Lophostemon confertus,0.9649243,0.95411074,0.96295094,0.001973331,0.9440391,0.010071635
3283,Lophostemon grandiflorus,0.8425331,0.65900296,0.72282016,0.11971295,0.34348145,0.3155215
3284,Lophostemon suaveolens,0.90731555,0.8769291,0.89303637,0.014279187,0.80328,0.07364911
3285,Lotus alpinus,0.9600499,0.95330346,0.95464784,0.005402088,0.79310495,0.16019851
3286,Lotus angustissimus,0.8772362,0.6565951,0.8752308,0.0020053983,0.62902117,0.027573943
3287,Lotus corniculatus,0.64835817,0.5513871,0.61541665,0.03294152,0.46880904,0.08257803
3288,Lotus creticus,0.97772324,0.963063,0.9593609,0.018362343,0.9284088,0.0346542
3289,Lotus cytisoides,0.97792554,0.9699215,0.9727674,0.0051581264,0.9843369,-0.014415383
3290,Lotus dorycnium,0.9125432,0.89140946,0.9075503,0.0049929023,0.79131526,0.1000942
3291,Lotus germanicus,0.8727056,0.99163085,0.87769943,-0.004993856,0.67127234,0.3203585
3292,Lotus hirsutus,0.87473613,0.90372276,0.8659442,0.0087919235,0.86868167,0.035041094
3293,Lotus maritimus,0.8938045,0.92433184,0.872543,0.021261513,0.9107462,0.013585627
3294,Lotus pedunculatus,0.8191799,0.84386927,0.8175868,0.001593113,0.8545815,-0.010712206
3295,Lotus rectus,0.91235644,0.7811412,0.8540791,0.05827731,-0.90518785,1.6863291
3296,Lotus tenuis,0.86430126,0.89972615,0.8415607,0.022740543,0.91626424,-0.016538084
3297,Loudetia togoensis,0.90321577,0.9308432,0.8576201,0.045595646,0.8993754,0.031467795
3298,Loxogramme abyssinica,0.9113327,0.8710405,0.9267298,-0.015397072,0.8156261,0.05541444
3299,Loxogramme salicifolia,0.69610655,-0.107668765,0.7083416,-0.012235045,0.16157506,-0.26924384
3300,Ludwigia octovalvis,0.8340744,0.863398,0.8365873,-0.0025129318,0.8265511,0.036846936
3301,Ludwigia palustris,0.9361509,0.86707973,0.93737024,-0.0012193322,0.3040912,0.5629885
3302,Ludwigia peploides,0.8663076,0.9978214,0.7977903,0.06851733,0.9942855,0.0035358667
3303,Ludwigia perennis,0.89884746,0.88595486,0.8324631,0.066384375,0.7797463,0.10620856
3304,Ludwigia virgata,0.901788,0.79600006,0.87000066,0.031787336,0.8687197,-0.07271963
3305,Luehea divaricata,0.9023803,0.8818593,0.7974424,0.10493791,0.68169177,0.20016754
3306,Luetkea pectinata,0.97862095,0.9970646,0.97452974,0.004091203,0.98675233,0.010312259
3307,Lunaria rediviva,0.9017421,0.8549669,0.9107572,-0.009015083,0.80173,0.0532369
3308,Lupinus argenteus,0.8319932,0.7365279,0.81789446,0.0140987635,0.8717512,-0.13522327
3309,Lupinus kingii,0.9769362,0.6043897,0.9859834,-0.009047151,0.918996,-0.31460625
3310,Lupinus latifolius,0.9356727,0.97764355,0.93452626,0.0011464357,0.98856074,-0.010917187
3311,Lupinus sericeus,0.91365945,0.84731835,0.8638898,0.04976964,0.549225,0.29809338
3312,Luzula abyssinica,0.88284963,0.88198316,0.9438437,-0.06099409,0.9512176,-0.06923443
3313,Luzula acuminata,0.816374,0.4460296,0.6938353,0.122538686,0.6911022,-0.2450726
3314,Luzula alpinopilosa,0.9739131,0.99815613,0.9758137,-0.0019006133,0.9959776,0.0021785498
3315,Luzula campestris,0.67686373,0.60123616,0.6731023,0.0037614107,0.6475632,-0.046327055
3316,Luzula confusa,0.9570689,0.8696823,0.9231025,0.033966422,0.88786066,-0.018178344
3317,Luzula echinata,0.7942623,0.89894986,0.7848374,0.009424865,0.7444961,0.15445375
3318,Luzula forsteri,0.83899325,0.92694336,0.8460295,-0.0070362687,0.9174336,0.009509742
3319,Luzula gigantea,0.6071937,0.52682704,0.55537754,0.051816165,0.14831638,0.37851065
3320,Luzula hitchcockii,0.90513134,0.90907633,0.90989053,-0.0047591925,0.9295172,-0.020440876
3321,Luzula johnstonii,0.82673895,0.72998756,0.8514823,-0.024743319,0.5102429,0.21974468
3322,Luzula lutea,0.958013,0.94446975,0.9626288,-0.0046157837,0.97206736,-0.027597606
3323,Luzula luzulina,0.84513974,0.90653896,0.84273607,0.0024036765,0.79053664,0.11600232
3324,Luzula luzuloides,0.88898194,0.91375613,0.88952315,-0.0005412102,0.8789804,0.034775734
3325,Luzula multiflora,0.78085554,0.76787126,0.7679099,0.012945652,0.76123077,0.006640494
3326,Luzula nivalis,0.8990091,-0.34494248,0.9327249,-0.033715785,0.06752981,-0.4124723
3327,Luzula nivea,0.91827834,0.9565969,0.9078587,0.010419607,0.94039834,0.016198575
3328,Luzula parviflora,0.9512122,0.59218615,0.941335,0.009877205,0.06819832,0.5239878
3329,Luzula pilosa,0.7460118,0.7352966,0.68400675,0.062005043,0.69480693,0.040489674
3330,Luzula racemosa,0.7533586,0.6743856,0.665983,0.08737558,0.34904987,0.32533574
3331,Luzula spicata,0.947768,0.9357216,0.95569795,-0.007929981,0.96350664,-0.027785063
3332,Luzula sudetica,0.8777711,0.5236399,0.87130946,0.0064616203,0.4153535,0.10828641
3333,Luzula sylvatica,0.7645536,0.76250684,0.7493321,0.015221536,0.7685258,-0.0060189366
3334,Lycium andersonii,0.83625937,0.6589924,0.7987839,0.037475467,-0.09708457,0.756077
3335,Lycium australe,0.9936045,0.9964852,0.9565054,0.037099063,0.8578706,0.1386146
3336,Lycium cinereum,0.837889,0.74336505,0.7102607,0.12762833,0.5274342,0.21593088
3337,Lycium cooperi,0.0,,0.0,0.0,,
3338,Lycium ferocissimum,0.37882653,-0.23144862,0.53890306,-0.16007653,0.18077517,-0.4122238
3339,Lycium pallidum,0.7819959,-0.021690898,0.7559224,0.026073515,0.9094242,-0.9311151
3340,Lycium shawii,0.9359898,0.9179535,0.92824054,0.0077492595,0.8954019,0.022551596
3341,Lycium sokotranum,0.62923074,0.490314,0.35076922,0.27846152,-0.5685053,1.0588193
3342,Lycopodiella alopecuroides,0.89783305,0.96739113,0.8892895,0.008543551,0.96650636,0.00088477135
3343,Lycopodium alpinum,0.9559019,0.93834865,0.94974536,0.0061565638,0.945873,-0.007524371
3344,Lycopodium annotinum,0.9184354,0.8160351,0.86847043,0.049964964,0.91055524,-0.09452015
3345,Lycopodium clavatum,0.8943112,0.77749467,0.81004995,0.08426124,0.9698661,-0.19237143
3346,Lycopus europaeus,0.8033645,0.7901498,0.80829144,-0.00492692,0.84252304,-0.05237323
3347,Lycopus virginicus,0.75377226,0.7095016,0.74512744,0.008644819,0.63525075,0.07425088
3348,Lygodesmia aphylla,0.8747626,0.77917063,0.837963,0.03679961,0.8609384,-0.08176774
3349,Lygodium japonicum,0.8628537,0.6905775,0.87395054,-0.011096835,0.5821255,0.10845202
3350,Lyonia ferruginea,0.9000975,0.9411381,0.8732538,0.026843667,0.91928506,0.02185303
3351,Lyonia fruticosa,0.9338136,0.9239113,0.9263219,0.007491648,0.941623,-0.017711699
3352,Lyonia ligustrina,0.7032653,0.66187066,0.69191104,0.011354268,0.59733635,0.06453431
3353,Lyonia lucida,0.8832099,0.8728739,0.87724876,0.00596112,0.8187853,0.054088593
3354,Lyonia mariana,0.8799363,0.88421875,0.8859911,-0.0060548186,0.859091,0.025127769
3355,Lyonia ovalifolia,0.8329422,0.6883879,0.8169491,0.015993059,0.47081918,0.2175687
3356,Lysicarpus angustifolius,0.9542289,0.94724536,0.9478487,0.0063802004,0.9256326,0.021612763
3357,Lysimachia arvensis,0.79310495,-0.007468761,0.79953927,-0.0064343214,0.5149838,-0.52245253
3358,Lysimachia borealis,0.97554076,0.9392807,0.9787187,-0.0031779408,0.9032851,0.035995603
3359,Lysimachia europaea,0.93732893,0.8923549,0.8762865,0.061042428,0.90615696,-0.013802052
3360,Lysimachia linum-stellatum,0.8561958,0.48055032,0.864405,-0.008209169,0.8455063,-0.364956
3361,Lysimachia maritima,0.9238517,0.98730576,0.8670891,0.056762636,0.97737825,0.009927511
3362,Lysimachia nemorum,0.85371846,0.82298464,0.8279525,0.025765955,0.8039508,0.01903385
3363,Lysimachia nummularia,0.81488466,0.8623963,0.8203842,-0.0054995418,0.90018314,-0.03778684
3364,Lysimachia quadrifolia,0.8807157,0.8110878,0.8945344,-0.013818681,0.86500657,-0.05391878
3365,Lysimachia tenella,0.91432786,0.9528856,0.91050005,0.0038278103,0.9014557,0.051429927
3366,Lysimachia thyrsiflora,0.9191134,0.939685,0.86931765,0.049795747,0.9138201,0.0258649
3367,Lysimachia vulgaris,0.8195613,0.8215113,0.803136,0.016425312,0.8734745,-0.05196315
3368,Lysionotus pauciflorus,0.67741644,0.43278015,0.75456333,-0.07714689,0.5442831,-0.111502945
3369,Lysiphyllum carronii,0.9562858,0.8997479,0.9272615,0.029024303,0.9642685,-0.0645206
3370,Lysiphyllum cunninghamii,0.9264846,0.9437297,0.8337136,0.09277099,0.9051966,0.03853309
3371,Lythrum hyssopifolia,0.9172442,0.8428128,0.9157967,0.0014474988,0.9858852,-0.14307243
3372,Lythrum portula,0.8262785,-1.8092952,0.7854328,0.040845692,-3.4626794,1.6533842
3373,Lythrum salicaria,0.84158206,0.7682054,0.8317292,0.009852886,0.8557573,-0.08755189
3374,Lythrum virgatum,0.95017135,0.80269754,0.9319262,0.01824516,0.81914204,-0.016444504
3375,Macaranga kilimandscharica,0.946392,0.9794747,0.9301449,0.016247094,0.8848618,0.0946129
3376,Macaranga tanarius,0.9395063,0.8397346,0.94387937,-0.0043730736,0.9827563,-0.1430217
3377,Machaerium stipitatum,0.81731623,0.70957017,0.75213784,0.065178394,0.59085613,0.118714035
3378,Machilus konishii,0.95032376,0.9022789,0.93630475,0.014019012,0.8546635,0.04761541
3379,Machilus thunbergii,0.76450276,0.57103205,0.7528961,0.011606693,0.54179156,0.029240489
3380,Machilus zuihoensis,0.5926481,0.19813092,0.6399825,-0.047334433,0.36756065,-0.16942973
3381,Maclura cochinchinensis,0.9243765,0.92384034,0.8945404,0.029836059,0.9544025,-0.030562162
3382,Maekawaea rhytidophylla,0.91033626,0.82926023,0.9066833,0.0036529303,0.78681004,0.04245019
3383,Maerua crassifolia,0.8310163,0.8081245,0.7520201,0.07899618,-1.0715663,1.8796909
3384,Maesa japonica,0.81798255,0.7342008,0.8302466,-0.012264073,0.7756163,-0.041415513
3385,Maesa perlaria,0.7275775,0.4772934,0.713964,0.013613522,0.47493145,0.0023619533
3386,Magnolia acuminata,0.8608403,0.7996827,0.8852127,-0.024372399,0.90597117,-0.10628849
3387,Magnolia compressa,0.63587075,0.31045872,0.6674393,-0.031568527,0.36119878,-0.050740063
3388,Magnolia fraseri,0.93694055,0.9268591,0.9373533,-0.00041276217,0.8888848,0.037974298
3389,Magnolia grandiflora,0.8126042,0.8155184,0.85574406,-0.043139875,0.952682,-0.13716364
3390,Magnolia ovata,0.940532,0.92755616,0.8998436,0.040688455,0.8412047,0.086351454
3391,Magnolia sieboldii,0.85666174,0.7885912,0.85722303,-0.00056129694,0.8857215,-0.0971303
3392,Magnolia virginiana,0.86444354,0.83669233,0.8659406,-0.0014970303,0.86576617,-0.029073834
3393,Maianthemum bifolium,0.8371311,0.6897667,0.7799883,0.057142794,0.58797836,0.10178834
3394,Maianthemum canadense,0.9748955,0.9370812,0.9810021,-0.006106615,0.97691625,-0.039835036
3395,Maianthemum racemosum,0.9349069,0.9196727,0.92334265,0.011564255,0.88121897,0.038453758
3396,Maianthemum stellatum,0.9026414,0.8742066,0.85838693,0.04425448,0.8573379,0.01686871
3397,Maireana aphylla,0.9559897,0.9886632,0.94304043,0.012949288,0.94971925,0.038943946
3398,Maireana erioclada,0.98381203,0.9596149,0.962963,0.02084905,0.99546885,-0.035853982
3399,Maireana georgei,0.9677585,0.8043623,0.9521021,0.015656352,0.8781517,-0.07378942
3400,Maireana microphylla,0.91824806,0.97747016,0.9062757,0.011972368,0.9285638,0.048906386
3401,Maireana pentagona,0.97943884,0.99574155,0.97692096,0.002517879,0.98178095,0.0139606
3402,Maireana pentatropis,0.9747977,0.7808887,0.9459779,0.0288198,0.39252177,0.3883669
3403,Maireana pyramidata,0.9683241,0.97269964,0.9358349,0.03248924,0.94071233,0.03198731
3404,Maireana sedifolia,0.9821487,0.9715488,0.91397536,0.06817335,0.96279866,0.008750141
3405,Maireana trichoptera,0.98192793,0.97694796,0.92733365,0.05459428,0.9750839,0.0018640757
3406,Maireana villosa,0.95308506,0.9573293,0.91586894,0.037216127,0.9892479,-0.031918645
3407,Mallotus japonicus,0.8076144,0.65466803,0.7912904,0.016323984,0.6818002,-0.027132154
3408,Mallotus paniculatus,0.9750431,0.9384416,0.97692156,-0.0018784404,0.99024886,-0.051807284
3409,Mallotus philippensis,0.92461556,0.92066884,0.91464615,0.009969413,0.9206298,3.9041042e-05
3410,Mallotus polyadenos,0.9448831,0.72545123,0.9352668,0.009616315,0.76427627,-0.038825035
3411,Malus doumeri,0.76965004,0.5825779,0.7093371,0.060312927,0.3450628,0.23751509
3412,Malus sylvestris,0.6409939,0.22586916,0.640198,0.0007959008,-0.107510746,0.33337992
3413,Malva moschata,0.8231101,-0.8816353,0.8428407,-0.019730568,0.6633216,-1.5449569
3414,Malva parviflora,0.97314566,0.9802204,0.91193646,0.0612092,0.84521234,0.13500804
3415,Malva sylvestris,0.7969516,0.85219663,0.78450596,0.012445629,0.027761802,0.8244348
3416,Malva thuringiaca,0.9513877,-0.6195142,0.90668225,0.04470545,0.18512139,-0.80463564
3417,Marsdenia formosana,0.67984176,0.4905946,0.6533717,0.026470065,0.7458534,-0.25525883
3418,Marsilea drummondii,0.79952884,-2.335268,0.7221592,0.07736963,-0.21381201,-2.121456
3419,Marsilea hirsuta,0.8480626,0.7645092,0.6973006,0.15076196,0.33463997,0.42986923
3420,Matayba elaeagnoides,0.81977296,0.6903291,0.6582835,0.16148949,0.32104805,0.36928102
3421,Matayba intermedia,0.9177294,0.86951846,0.9142058,0.0035235882,0.8508473,0.018671155
3422,Maytenus undata,0.8650032,0.93522626,0.7915199,0.07348335,0.5074813,0.42774498
3423,Medeola virginiana,0.89373755,0.8069124,0.9150345,-0.021296918,0.89673597,-0.089823544
3424,Medicago arabica,0.7905745,0.69063884,0.7520922,0.03848231,-0.10405771,0.79469657
3425,Medicago falcata,0.88511413,0.8903033,0.87178844,0.013325691,0.9302106,-0.039907277
3426,Medicago laciniata,0.70717084,0.26690465,0.5432749,0.16389596,-0.19230497,0.45920962
3427,Medicago littoralis,0.9423584,0.6723722,0.93362254,0.008735836,0.99401706,-0.32164484
3428,Medicago lupulina,0.70938104,0.802666,0.71061397,-0.0012329221,0.80637175,-0.00370574
3429,Medicago marina,0.964797,0.97297686,0.9634169,0.0013801455,0.9720682,0.0009086728
3430,Medicago minima,0.88958704,0.9321842,0.8820244,0.0075626373,0.8811653,0.051018894
3431,Medicago monspeliaca,0.94520736,0.9149943,0.9328923,0.012315035,0.963671,-0.04867673
3432,Medicago polyceratia,0.9722173,0.99185926,0.8865477,0.08566964,-3.7826052,4.7744646
3433,Medicago polymorpha,0.86419654,-0.8165569,0.8741873,-0.009990752,-0.5996631,-0.21689379
3434,Medicago rigidula,0.9010673,0.9043965,0.8768533,0.02421403,0.857923,0.046473503
3435,Medicago ruthenica,0.9370452,0.8643151,0.8077996,0.12924564,0.5752156,0.2890995
3436,Megathyrsus maximus,0.8723673,0.7614176,0.7339182,0.13844913,0.75385994,0.00755769
3437,Meiosperma debile,0.84486735,-0.5605319,0.48123828,0.36362907,-0.3767404,-0.18379152
3438,Melaleuca bracteata,0.87879837,-0.58291787,0.81946814,0.059330225,0.65415436,-1.2370722
3439,Melaleuca citrolens,0.8673815,0.92666304,0.8040733,0.06330824,0.7350703,0.19159275
3440,Melaleuca fluviatilis,0.7517005,0.66532403,0.7596241,-0.007923603,-0.7395372,1.4048612
3441,Melaleuca foliolosa,0.94982815,0.91326153,0.8540776,0.09575057,0.83438677,0.07887477
3442,Melaleuca leucadendra,0.8473882,0.90640163,0.80864775,0.038740456,0.94230413,-0.0359025
3443,Melaleuca linariifolia,0.9316782,0.99653304,0.8972202,0.03445798,0.9803721,0.016160965
3444,Melaleuca nervosa,0.78347373,0.7231085,0.72265065,0.060823083,0.6506984,0.07241005
3445,Melaleuca nodosa,0.98193467,0.999415,0.980758,0.0011766553,0.9995182,-0.000103235245
3446,Melaleuca quinquenervia,0.9609254,0.9635252,0.95833683,0.0025885701,0.9862941,-0.022768915
3447,Melaleuca saligna,0.85657847,0.91207546,0.8675291,-0.010950625,0.97315454,-0.061079085
3448,Melaleuca stenostachya,0.8869947,0.82361853,0.86230487,0.024689853,0.8300771,-0.0064585805
3449,Melaleuca viridiflora,0.84170663,0.73848474,0.8016532,0.040053427,0.7580114,-0.01952666
3450,Melampyrum cristatum,0.93339366,0.78455836,0.8946191,0.03877455,0.7671179,0.017440438
3451,Melampyrum lineare,0.898679,0.8556841,0.8920795,0.0065995455,0.91480494,-0.059120834
3452,Melampyrum nemorosum,0.8936988,0.4825299,0.88959444,0.004104376,0.82615966,-0.34362975
3453,Melampyrum pratense,0.7073296,0.6464405,0.66263443,0.04469514,0.5730315,0.07340902
3454,Melampyrum roseum,0.94720274,0.9242952,0.9299764,0.017226338,0.8286939,0.09560126
3455,Melampyrum sylvaticum,0.8843911,0.89531064,0.86307865,0.021312475,0.7898692,0.10544145
3456,Melanocalyx uniflora,0.9500994,0.58654565,0.908639,0.041460395,-1.9077901,2.4943357
3457,Melanthium parviflorum,0.9067836,0.84208536,0.9041631,0.0026204586,0.73634726,0.1057381
3458,Melastoma malabathricum,0.93925023,0.9301801,0.93416846,0.005081773,0.9677105,-0.037530422
3459,Melhania oblongifolia,0.8631097,0.7056939,0.7725972,0.090512514,0.74455255,-0.038858652
3460,Melia azedarach,0.81012183,0.92202777,0.8217933,-0.0116714835,0.89076066,0.031267107
3461,Melica ciliata,0.83675504,0.93317807,0.82687306,0.009881973,0.905945,0.027233064
3462,Melica minuta,0.9077812,0.8002071,0.9298172,-0.022036016,0.82856077,-0.028353691
3463,Melica mutica,0.84910333,0.8305805,0.8472029,0.0019004345,0.809877,0.020703495
3464,Melica nutans,0.7869304,0.5137886,0.75384796,0.033082426,0.38020146,0.13358712
3465,Melica transsilvanica,0.9365318,0.9486984,0.8829361,0.053595662,0.7774733,0.17122513
3466,Melica uniflora,0.79312265,0.82844293,0.80058026,-0.007457614,0.8782543,-0.049811363
3467,Melichrus erubescens,0.9616045,0.92192847,0.930568,0.031036496,0.9971159,-0.075187445
3468,Melichrus urceolatus,0.9391076,0.92170584,0.9283852,0.010722399,0.9348176,-0.01311177
3469,Melilotus officinalis,0.75905955,0.29041344,0.76924914,-0.010189593,0.74002784,-0.4496144
3470,Melinis repens,0.73932827,-1.5172621,0.60258806,0.13674021,-2.1142433,0.59698117
3471,Meliosma rhoifolia,0.7089268,0.6685152,0.65934,0.049586773,0.5878881,0.080627084
3472,Meliosma sellowii,0.8873311,0.85842407,0.84847975,0.03885138,0.6862578,0.17216629
3473,Meliosma squamulata,0.8529582,0.843954,0.74374384,0.109214365,0.80903065,0.034923375
3474,Melittis melissophyllum,0.8823565,0.93335,0.8890176,-0.0066610575,0.9313804,0.0019696355
3475,Melochia corchorifolia,0.8707016,0.8999617,0.8119672,0.058734417,0.9155607,-0.015599012
3476,Melodinus australis,0.96601945,0.98145413,0.9567584,0.009261072,0.9797935,0.001660645
3477,Melolobium humile,0.62068963,0.29324535,0.71097183,-0.0902822,0.47037718,-0.17713183
3478,Memecylon pauciflorum,0.9270034,0.95861894,0.91466695,0.012336433,0.84027493,0.11834401
3479,Menodora spinescens,0.8470643,0.8505756,0.81927633,0.027787983,0.8482425,0.0023331046
3480,Mentha aquatica,0.8253086,0.8716249,0.8161294,0.0091792345,0.88121355,-0.009588659
3481,Mentha arvensis,0.80785596,0.69455904,0.77786595,0.029990017,0.31475666,0.37980238
3482,Mentha diemenica,0.8644893,0.9871176,0.8208994,0.04358989,0.9511943,0.035923302
3483,Mentha longifolia,0.80642796,0.91467047,0.82026017,-0.0138322115,0.96062225,-0.045951784
3484,Mentha pulegium,0.8749063,0.9275668,0.8564899,0.018416405,0.98898065,-0.061413825
3485,Mentha suaveolens,0.8893517,0.8580732,0.87109494,0.018256783,0.6222407,0.23583245
3486,Menyanthes trifoliata,0.9177622,0.9723606,0.9035361,0.014226139,0.95667875,0.015681863
3487,Mercurialis ovata,0.8819119,0.8297623,0.83604175,0.045870125,0.9946342,-0.16487193
3488,Mercurialis perennis,0.82649785,0.7869859,0.79925203,0.02724582,0.759623,0.027362883
3489,Mertensia ciliata,0.95104504,0.9628156,0.94589436,0.005150676,0.9310173,0.031798303
3490,Mesostemma dichotomum,0.8103666,0.8214665,0.8462152,-0.035848618,0.77394354,0.047522962
3491,Meum athamanticum,0.9575724,0.9648601,0.951552,0.0060204268,0.9870397,-0.022179604
3492,Miconia buddlejoides,0.8868946,0.842791,0.88996685,-0.0030722618,0.90433896,-0.061547935
3493,Miconia cinerascens,0.73947203,0.51584965,0.6030127,0.13645935,0.37979668,0.13605297
3494,Miconia cinnamomifolia,0.95317286,0.9427235,0.95486325,-0.0016903877,0.9337626,0.008960903
3495,Miconia cubatanensis,0.8706307,0.77590936,0.8925404,-0.021909714,0.8633564,-0.08744705
3496,Miconia latecrenata,0.85763,0.6744146,0.8512835,0.0063465238,0.8108099,-0.13639534
3497,Miconia pusilliflora,0.86178744,0.746676,0.86805934,-0.0062718987,0.8188494,-0.07217336
3498,Miconia sellowiana,0.8026463,0.73533344,0.76610684,0.036539435,0.48767683,0.24765661
3499,Micranthes foliolosa,0.95984834,0.99030465,0.90390736,0.055940986,0.9480796,0.042225063
3500,Micranthes hieraciifolia,0.943814,0.68317413,0.9499407,-0.006126702,0.6123288,0.070845306
3501,Micranthes nelsoniana,0.96418315,0.81246006,0.9221046,0.042078555,0.8323819,-0.01992184
3502,Micranthes nivalis,0.89443076,0.89434177,0.7997283,0.09470248,0.53810245,0.35623932
3503,Micranthes odontoloma,0.95963895,0.9611086,0.9669958,-0.0073568225,0.99233216,-0.031223536
3504,Micranthes stellaris,0.9079181,0.77880585,0.91801596,-0.010097861,0.791738,-0.012932122
3505,Microchloa indica,0.9316687,0.94712937,0.9339173,-0.0022485852,0.8989918,0.048137546
3506,Microlaena stipoides,0.8975947,0.97687215,0.88386524,0.013729453,0.91203666,0.06483549
3507,Micromeles alnifolia,0.9249477,0.8881899,0.9127876,0.012160063,0.72308075,0.16510916
3508,Micromeria graeca,0.9424124,0.8364063,0.9314471,0.010965288,0.6257712,0.21063507
3509,Micromeria juliana,0.9746516,0.9538073,0.97249603,0.0021555424,0.9964495,-0.042642176
3510,Microstachys chamaelea,0.8245727,0.75355244,0.72217476,0.10239792,0.2742236,0.47932884
3511,Microtropis fokienensis,0.7348126,0.6061332,0.7644432,-0.029630601,0.6344832,-0.028349996
3512,Mikania scandens,0.7500292,0.58178484,0.7834211,-0.033391893,0.6453114,-0.06352657
3513,Milium effusum,0.77230537,0.8334328,0.7230892,0.04921615,0.79270285,0.04072994
3514,Mimosa aculeaticarpa,0.8143764,0.50383073,0.85181,-0.037433565,0.75668156,-0.25285083
3515,Mimosa scabrella,0.8196991,0.81375146,0.72461957,0.09507954,0.66556203,0.14818943
3516,Minuartia recurva,0.9832824,0.9615312,0.98106265,0.0022197366,0.9739043,-0.01237309
3517,Minuria cunninghamii,0.96031386,0.82597476,0.93995357,0.020360291,0.97861195,-0.15263718
3518,Minuria integerrima,0.887617,0.56831896,0.84531915,0.04229784,0.77037865,-0.20205969
3519,Mirbelia speciosa,0.34239474,-0.88172495,0.42710438,-0.084709644,-0.04860851,-0.8331164
3520,Miscanthus floridulus,0.515501,0.2656469,0.57727396,-0.061772943,0.6435825,-0.37793562
3521,Miscanthus sinensis,0.4784651,-0.30757868,0.58426875,-0.10580364,-0.22385263,-0.08372605
3522,Mitchella repens,0.6554342,0.39147407,0.6436265,0.01180768,0.37056065,0.020913422
3523,Mitrasacme connata,0.8138488,0.81307197,0.7753217,0.03852707,-0.8837119,1.6967838
3524,Mitrasacme pygmaea,0.8992796,0.6409609,0.88489866,0.014380932,0.2511604,0.38980046
3525,Mnesithea formosa,0.7949983,0.81428087,0.71772337,0.07727492,0.6927169,0.12156397
3526,Moehringia ciliata,0.9747266,0.95535237,0.9738883,0.0008383393,0.9772173,-0.02186495
3527,Moehringia lateriflora,0.87100095,0.6718384,0.79481596,0.07618499,0.17739797,0.49444044
3528,Moehringia macrophylla,0.9632938,0.9790187,0.96124333,0.0020504594,0.99065447,-0.01163578
3529,Moehringia trinervia,0.77210695,0.8849256,0.76992685,0.0021800995,0.9492001,-0.06427449
3530,Moenchia mantica,0.8829181,0.9788501,0.8425823,0.040335834,0.9028504,0.07599974
3531,Molinia arundinacea,0.6904835,0.25675896,0.6468536,0.043629885,-0.14402717,0.40078613
3532,Molinia caerulea,0.8153066,0.84872115,0.8104587,0.004847884,0.8747966,-0.026075482
3533,Mollinedia clavigera,0.827845,0.72539794,0.8019845,0.025860488,0.7257926,-0.00039464235
3534,Mollinedia triflora,0.8584111,0.7877588,0.8118613,0.046549797,0.8280241,-0.040265262
3535,Monachather paradoxus,0.97346056,0.99887913,0.9440468,0.02941376,0.9976266,0.001252532
3536,Monachosorum henryi,0.7506883,0.5603897,0.81582266,-0.06513435,0.68951035,-0.12912065
3537,Monarda clinopodia,0.86324555,0.5368151,0.8752576,-0.012012064,0.8752263,-0.3384112
3538,Monarda fistulosa,0.8878304,0.98376375,0.8444431,0.043387294,0.99305975,-0.009296
3539,Moneses uniflora,0.91473377,0.6422379,0.8840188,0.030714989,0.91791505,-0.27567714
3540,Monotoca scoparia,0.9206461,0.11947826,0.88157886,0.03906721,-0.97943676,1.098915
3541,Monotropa hypopitys,0.85764176,0.835339,0.856355,0.0012867451,0.53732055,0.29801846
3542,Monotropa uniflora,0.9274529,0.49479255,0.9131081,0.014344811,0.75782675,-0.2630342
3543,Montia fontana,0.8942442,0.9514167,0.8667902,0.027454019,0.804234,0.14718264
3544,Monticalia andicola,0.79067504,0.904485,0.765582,0.025093019,0.8356859,0.06879908
3545,Monticalia vaccinioides,0.6207045,0.28972167,0.66967356,-0.04896909,0.5567481,-0.26702642
3546,Morettia canescens,0.9357256,0.95743436,0.71510905,0.22061658,0.59871536,0.358719
3547,Morisonia atamisquea,0.99871886,0.9998909,0.9894951,0.009223759,0.9996933,0.000197649
3548,Morus rubra,0.8449503,0.7939777,0.8217127,0.023237646,0.76476896,0.02920872
3549,Mucuna macrocarpa,0.7743193,0.5493729,0.8154938,-0.04117453,0.79400754,-0.24463463
3550,Muellera campestris,0.8573847,0.8486844,0.83688235,0.020502329,0.7682406,0.0804438
3551,Muhlenbergia expansa,0.8390644,0.77426404,0.83732855,0.0017358661,0.6935647,0.080699325
3552,Muhlenbergia montana,0.91880757,0.8038662,0.9387119,-0.019904315,0.84691536,-0.043049157
3553,Muhlenbergia phleoides,0.9111742,0.46539885,0.8734187,0.03775549,0.7590874,-0.29368854
3554,Muhlenbergia porteri,0.9370106,0.9785314,0.90881836,0.028192222,0.9304609,0.04807055
3555,Muhlenbergia pungens,0.9737614,0.99946666,0.9556415,0.018119872,0.8630011,0.13646555
3556,Muhlenbergia tenuiflora,0.88878083,0.73900145,0.867353,0.02142781,0.7566374,-0.017635942
3557,Muhlenbergia torreyi,0.82490194,-3.061251,0.8334577,-0.00855577,-1.1220461,-1.9392048
3558,Munroa pulchella,0.8684373,0.92234415,0.8474957,0.020941615,0.8173437,0.10500044
3559,Murdannia gigantea,0.512668,0.59765565,0.5775114,-0.064843416,-3.4276514,4.025307
3560,Murdannia graminea,0.77568007,0.8158318,0.7080108,0.06766927,0.7336428,0.082188964
3561,Murraya paniculata,0.9486536,0.9072201,0.91938585,0.029267728,0.9954425,-0.088222384
3562,Muscari comosum,0.82528424,0.84364593,0.83841264,-0.0131284,0.9524116,-0.10876566
3563,Muscari neglectum,0.87527746,0.90784794,0.86837715,0.0069003105,0.7926956,0.11515236
3564,Mussaenda pubescens,0.74832773,0.49982888,0.6580358,0.09029192,0.36365792,0.13617095
3565,Myoporum acuminatum,0.8564474,0.20686139,0.7738223,0.08262509,0.6993914,-0.49253005
3566,Myoporum platycarpum,0.99166095,0.99600893,0.96016526,0.03149569,0.9711918,0.02481711
3567,Myosotis alpestris,0.94153345,0.915945,0.9450922,-0.003558755,0.92153543,-0.005590439
3568,Myosotis arvensis,0.59642994,0.41259253,0.54312587,0.053304076,0.50106454,-0.08847201
3569,Myosotis imitata,0.86947966,0.9719636,0.8607177,0.008761942,0.9694431,0.0025205016
3570,Myosotis laxa,0.8768172,0.48750263,0.8565454,0.020271838,0.98956245,-0.5020598
3571,Myosotis nemorosa,0.6946722,-0.15758237,0.3194533,0.37521893,-9.306888,9.149305
3572,Myosotis ramosissima,0.82775694,0.9503209,0.81663954,0.011117399,0.96494585,-0.014624953
3573,Myosotis scorpioides,0.7500143,0.8953862,0.7556209,-0.0056065917,0.8889507,0.0064355135
3574,Myosotis stricta,0.8709545,-0.07543848,0.82811755,0.042836964,0.96357524,-1.0390137
3575,Myosotis sylvatica,0.69713885,0.68730587,0.7167599,-0.019621074,0.8606181,-0.17331225
3576,Myrceugenia miersiana,0.75896144,0.70839596,0.6641391,0.09482235,0.6230528,0.08534318
3577,Myrceugenia myrcioides,0.7993854,0.6635643,0.75383085,0.04555458,0.5645835,0.098980844
3578,Myrcia aethusa,0.7474514,0.4741338,0.74842656,-0.000975132,0.5859706,-0.11183679
3579,Myrcia anacardiifolia,0.91765904,0.90019035,0.7467684,0.17089063,0.2925011,0.60768926
3580,Myrcia catharinensis,0.7667647,0.7299137,0.6689076,0.09785712,0.31035283,0.41956088
3581,Myrcia eugeniopsoides,0.9067038,0.86342907,0.88603354,0.020670295,0.80818313,0.055245936
3582,Myrcia excoriata,0.8278387,0.84179735,0.81712455,0.010714173,0.6849023,0.15689504
3583,Myrcia ferruginosa,0.8904762,0.8430158,0.8680402,0.022436023,0.8837322,-0.04071641
3584,Myrcia glabra,0.8241227,0.7138869,0.8018671,0.0222556,0.67388624,0.040000677
3585,Myrcia guianensis,0.82695204,0.85181665,0.7774433,0.04950875,0.7540967,0.09771997
3586,Myrcia neolucida,0.92427164,0.96024644,0.9167181,0.007553518,0.8862376,0.07400882
3587,Myrcia palustris,0.7498605,0.6946231,0.6267983,0.12306225,0.65062135,0.044001758
3588,Myrcia pubipetala,0.888821,0.82645345,0.8742546,0.0145664215,0.78245777,0.04399568
3589,Myrcia spectabilis,0.8899211,0.8910569,0.8916103,-0.0016891956,0.83890635,0.052150548
3590,Myrcia splendens,0.90827566,0.79711,0.88901097,0.019264698,0.79127944,0.005830586
3591,Myrcia strigosa,0.92483276,0.8708668,0.9100354,0.0147973895,0.88765013,-0.016783357
3592,Myrcia tijucensis,0.86521006,0.84062207,0.8517647,0.013445377,0.71471375,0.12590832
3593,Myrcia undulata,0.85128355,0.78311414,0.67642325,0.1748603,-0.04149519,0.82460934
3594,Myrcianthes gigantea,0.8151117,0.7457695,0.7842565,0.030855179,0.5887462,0.15702331
3595,Myrciaria floribunda,0.7923778,0.64796233,0.824443,-0.032065153,0.6017125,0.046249807
3596,Myrica caroliniensis,0.85098606,0.90501535,0.8430517,0.0079343915,0.8440279,0.060987473
3597,Myrica cerifera,0.75401235,0.5119437,0.72049326,0.03351909,0.5998619,-0.08791822
3598,Myrica gale,0.930092,0.9549626,0.9429118,-0.012819827,0.96621716,-0.011254549
3599,Myrica rubra,0.7508976,0.07675984,0.54395604,0.20694155,-0.67659473,0.75335455
3600,Myriophyllum alterniflorum,0.8028225,-0.18857113,0.81127006,-0.0084475875,0.4267171,-0.61528826
3601,Myriophyllum implicatum,0.20422578,-0.012459624,0.16670536,0.037520424,-15.618268,15.605808
3602,Myriophyllum spicatum,0.8453156,0.58632624,0.8258042,0.019511402,0.9693946,-0.38306838
3603,Myriophyllum verticillatum,0.9145071,0.755289,0.89296776,0.02153933,-0.12495214,0.88024116
3604,Myrocarpus frondosus,0.8534192,0.8508523,0.70078766,0.15263152,0.40293086,0.44792145
3605,Myrsine africana,0.8264296,0.7928526,0.741148,0.08528161,0.39094126,0.40191132
3606,Myrsine coriacea,0.5113163,-0.09274632,0.6146187,-0.10330242,0.20510277,-0.2978491
3607,Myrsine gardneriana,0.75050896,0.72788507,0.6919721,0.058536887,0.74537003,-0.017484963
3608,Myrsine melanophloeos,0.91646385,0.9374823,0.8282721,0.08819175,0.7898241,0.14765817
3609,Myrsine seguinii,0.8854667,0.7687712,0.8726446,0.012822092,0.80821276,-0.039441586
3610,Myrsine umbellata,0.82020855,0.7255557,0.77892363,0.04128492,0.6060533,0.119502425
3611,Myrsine variabilis,0.8910392,0.9782497,0.91124606,-0.020206869,0.9692186,0.009031117
3612,Myrtus communis,0.92896926,0.878857,0.9390876,-0.010118365,0.89262915,-0.01377213
3613,Nabalus altissimus,0.50692093,-0.53922194,0.66402924,-0.1571083,0.5864472,-1.1256691
3614,Nabalus serpentaria,0.4509555,-0.3983972,0.3740173,0.07693821,-0.5926583,0.19426107
3615,Narcissus poeticus,0.9052625,0.9623776,0.8955784,0.009684086,0.9298265,0.03255111
3616,Narcissus pseudonarcissus,0.8732375,0.43900537,0.89281523,-0.019577742,0.86936086,-0.4303555
3617,Nardus stricta,0.84233105,0.8657721,0.84364057,-0.001309514,0.86621445,-0.00044232607
3618,Narthecium ossifragum,0.92311525,0.93100774,0.9265686,-0.003453374,0.925623,0.005384743
3619,Nasturtium officinale,0.7073391,-0.13688987,0.7150607,-0.007721603,0.10349215,-0.24038202
3620,Nauclea orientalis,0.8190217,0.7199649,0.7787974,0.040224314,0.9136456,-0.1936807
3621,Neatostema apulum,0.9230862,0.9482785,0.9007551,0.022331119,0.7241724,0.22410607
3622,Nectandra lanceolata,0.8607865,0.8454388,0.80540514,0.055381358,0.73103577,0.11440301
3623,Nectandra membranacea,0.82501286,0.8833944,0.87012887,-0.045116007,0.8593257,0.024068713
3624,Nectandra oppositifolia,0.94123733,0.9108567,0.9324075,0.008829832,0.89777184,0.013084888
3625,Neillia incisa,0.9027703,0.9248768,0.91146874,-0.008698463,0.8355426,0.08933419
3626,Nekemias arborea,0.94370466,0.9505943,0.9311613,0.01254338,0.9556566,-0.005062282
3627,Neltuma glandulosa,0.90989804,0.81554234,0.8928066,0.017091453,0.7963662,0.019176126
3628,Neltuma velutina,0.9385456,0.9287047,0.9366518,0.0018937588,0.94388527,-0.015180588
3629,Neobartsia laticrenata,0.88005775,0.6926239,0.8135838,0.06647396,0.6280984,0.064525485
3630,Neoboutonia macrocalyx,0.88283336,0.82468957,0.89322674,-0.010393381,0.8141732,0.0105163455
3631,Neofabricia myrtifolia,0.97157735,0.9748794,0.9622313,0.009346068,0.94630057,0.028578818
3632,Neokochia americana,0.8787826,-0.4770033,0.87518305,0.0035995245,-0.3079928,-0.16901052
3633,Neolitsea aciculata,0.7716954,0.92215276,0.79843056,-0.026735187,0.9243763,-0.0022235513
3634,Neolitsea acuminatissima,0.8623585,0.7798506,0.9004133,-0.038054764,0.88253295,-0.10268235
3635,Neolitsea dealbata,0.9775333,0.9660646,0.9811035,-0.003570199,0.9946336,-0.028569043
3636,Neolitsea konishii,0.7786382,0.6656831,0.8194039,-0.040765703,0.78798693,-0.12230384
3637,Neolitsea parvigemma,0.83128136,0.535088,0.8152646,0.016016781,0.7175305,-0.18244249
3638,Neolitsea sericea,0.92067987,0.8917754,0.92708,-0.0064001083,0.93138725,-0.039611816
3639,Neonotonia wightii,0.8266489,0.633127,0.85626316,-0.02961427,0.8706158,-0.2374888
3640,Neoroepera banksii,0.9728323,0.9893719,0.9515161,0.02131623,0.9660226,0.023349285
3641,Neotinea ustulata,0.7804744,-0.8109363,0.7859342,-0.0054597855,-0.29408413,-0.51685214
3642,Neotrinia splendens,0.69300723,0.095689185,0.6948624,-0.0018551946,0.7179105,-0.62222135
3643,Neottia cordata,0.84978205,0.94381905,0.8395923,0.010189772,0.85158175,0.09223729
3644,Neottia nidus-avis,0.8624155,0.8345451,0.8604001,0.0020154119,0.65609264,0.17845243
3645,Neottia ovata,0.8019474,0.7214274,0.7821372,0.0198102,0.5265944,0.19483298
3646,Nepeta multifida,0.94678223,0.9013406,0.8239825,0.122799754,0.77455604,0.12678456
3647,Nepeta nuda,0.9677557,0.5172198,0.958912,0.00884366,0.96070683,-0.44348705
3648,Nephroia carolina,0.8564886,0.74446845,0.8302618,0.026226759,0.82752895,-0.0830605
3649,Nephrolepis biserrata,0.9747089,0.88862926,0.9706054,0.0041035414,0.9223738,-0.033744514
3650,Neptunia dimorphantha,0.93559206,0.70455456,0.8755728,0.060019255,0.8587233,-0.15416873
3651,Neptunia monosperma,0.9428238,0.88770807,0.8924689,0.050354898,0.95952743,-0.071819365
3652,Nerium oleander,0.82235205,-4.7865295,0.92200017,-0.09964812,-0.40795672,-4.378573
3653,Nertera granadensis,0.97835755,0.94482845,0.97985435,-0.0014967918,0.9687181,-0.02388966
3654,Neurada procumbens,0.84299606,0.6947007,0.8163091,0.026686966,0.69341207,0.0012886524
3655,Nidorella welwitschii,0.9209845,0.84090805,0.91636443,0.004620075,0.94295204,-0.10204399
3656,Nitraria sibirica,0.8973064,0.9068348,0.87292236,0.024384022,0.87690604,0.029928744
3657,Nitraria sphaerocarpa,0.9100555,0.91532373,0.5077454,0.40231013,-1.726737,2.6420608
3658,Noccaea alpestris,0.9299705,0.9645141,0.9449146,-0.014944077,0.89155763,0.07295644
3659,Noccaea cepaeifolia,0.80536,0.71270245,0.6714478,0.1339122,0.03886175,0.6738407
3660,Noccaea cochleariformis,0.9090979,0.84137404,0.8438038,0.06529409,0.63746387,0.20391017
3661,Noccaea perfoliata,0.87954414,0.49525237,0.8211768,0.058367312,-0.9075228,1.4027752
3662,Nolina microcarpa,0.8786103,0.89154893,0.86113656,0.017473757,0.88792115,0.003627777
3663,Notelaea longifolia,0.9572617,0.94437104,0.9450673,0.012194395,0.91569585,0.028675199
3664,Notelaea microcarpa,0.80282927,0.97808784,0.7896255,0.01320374,0.9492298,0.028858066
3665,Nuphar lutea,0.86228436,0.83587396,0.8573552,0.004929185,0.98765165,-0.15177768
3666,Nuxia congesta,0.9133508,0.88191676,0.8882745,0.02507633,0.71104527,0.1708715
3667,Nymphaea alba,0.8651504,0.9834458,0.83636576,0.028784633,0.98311305,0.00033277273
3668,Nyssa aquatica,0.94630146,0.97017044,0.93238115,0.013920307,0.9742829,-0.004112482
3669,Nyssa biflora,0.8420498,0.76793146,0.83915114,0.0028986335,0.76354975,0.0043817163
3670,Nyssa sylvatica,0.79237497,0.66774386,0.75724137,0.0351336,0.5921713,0.07557255
3671,Nyssanthes erecta,0.9510837,0.97872055,0.91399014,0.03709358,0.9244629,0.05425763
3672,Ochna insculpta,0.89207757,0.90508866,0.6362673,0.25581026,0.18898894,0.71609974
3673,Ochna pulchra,0.7974334,0.62870544,0.6768616,0.12057179,0.44416112,0.18454432
3674,Ochradenus baccatus,0.62750685,-0.12668972,0.6809152,-0.053408325,0.3994723,-0.526162
3675,Ocimum tenuiflorum,0.78277326,-0.36251017,0.36265996,0.4201133,-1.1093209,0.7468107
3676,Oclemena acuminata,0.9441868,0.982338,0.940845,0.003341794,0.9416666,0.04067141
3677,Ocotea aciphylla,0.94166857,0.9427943,0.9070171,0.03465146,0.8936192,0.049175143
3678,Ocotea catharinensis,0.88634026,0.82766324,0.8382741,0.04806614,0.7437131,0.08395016
3679,Ocotea corymbosa,0.84192246,0.7723809,0.7927442,0.049178243,0.7879208,-0.015539885
3680,Ocotea diospyrifolia,0.8800117,0.83574283,0.73280895,0.14720273,0.6322076,0.20353526
3681,Ocotea elegans,0.90009886,0.90496445,0.8577866,0.042312264,0.77294105,0.1320234
3682,Ocotea glaziovii,0.8527881,0.83191854,0.785769,0.067019105,0.6703377,0.16158086
3683,Ocotea laxa,0.84885055,0.7513241,0.783956,0.06489456,0.61182606,0.13949805
3684,Ocotea nectandrifolia,0.83280736,0.6836867,0.7955923,0.037215054,0.5677188,0.11596787
3685,Ocotea odorifera,0.83699095,0.827731,0.7622549,0.07473606,0.5934868,0.23424423
3686,Ocotea porosa,0.8791508,0.8920712,0.7806327,0.09851813,0.73019934,0.16187185
3687,Ocotea puberula,0.86648685,0.7885816,0.78958565,0.0769012,0.5826871,0.20589453
3688,Ocotea pulchella,0.74227834,0.6394333,0.5991444,0.14313394,0.22472438,0.41470894
3689,Ocotea silvestris,0.79225785,0.55681694,0.8083758,-0.01611793,0.7551608,-0.19834387
3690,Odontarrhena obovata,0.9066504,0.90788025,0.8812619,0.025388539,0.87532955,0.032550693
3691,Odontites luteus,0.9308736,0.86067575,0.92045367,0.010419905,0.8067131,0.053962648
3692,Odontites vulgaris,0.88572276,-4.576332,0.7211591,0.16456366,-4.8661723,0.28984022
3693,Oenanthe aquatica,0.88950056,0.9781222,0.8743053,0.0151952505,0.9929085,-0.014786303
3694,Oenanthe crocata,0.9091885,0.6814716,0.8655563,0.04363221,0.933219,-0.25174743
3695,Oenanthe fistulosa,0.91552705,0.98244375,0.9192077,-0.0036806464,0.9881007,-0.0056569576
3696,Oenanthe lachenalii,0.9104625,0.59389883,0.9007287,0.009733796,0.85951114,-0.2656123
3697,Oenanthe pimpinelloides,0.8737276,0.77570766,0.86994046,0.00378716,0.71361625,0.06209141
3698,Oenanthe silaifolia,0.8748948,0.9718427,0.81637144,0.058523357,0.9947947,-0.02295202
3699,Oenothera filipes,0.88456815,0.94676757,0.84412456,0.0404436,0.886467,0.06030059
3700,Oldeania alpina,0.77345806,0.4871589,0.72878385,0.044674218,0.68249536,-0.19533646
3701,Olea europaea,0.6841516,-0.6988757,0.60726094,0.07689065,0.045532107,-0.74440783
3702,Oleandra distenta,0.97575563,0.9455739,0.94696313,0.0287925,0.8915036,0.054070354
3703,Olneya tesota,0.97312826,0.9590702,0.9636992,0.009429038,0.9655381,-0.006467879
3704,Oloptum miliaceum,0.84931433,0.79987544,0.85691875,-0.00760442,0.57334954,0.2265259
3705,Omalotheca norvegica,0.93360543,0.8715746,0.9306329,0.0029725432,0.2794305,0.5921441
3706,Omalotheca supina,0.94659346,0.9186229,0.9497001,-0.0031066537,0.9355553,-0.016932368
3707,Omalotheca sylvatica,0.7698939,0.5665583,0.7456014,0.024292469,0.58754295,-0.02098465
3708,Omphalodes verna,0.95652145,0.79428685,0.95207316,0.0044482946,0.86864406,-0.07435721
3709,Oncocalyx sulfureus,0.52145535,-1.1388026,0.36066243,0.16079292,-3.9304013,2.7915988
3710,Onobrychis arenaria,0.9590781,0.9364673,0.9457239,0.013354182,0.68423015,0.25223714
3711,Onobrychis montana,0.9614984,0.9871431,0.9644625,-0.002964139,0.9965012,-0.009358108
3712,Onobrychis supina,0.9629582,0.76528543,0.9422978,0.0206604,0.84910184,-0.08381641
3713,Onobrychis viciifolia,0.8567702,0.94133013,0.76981676,0.08695346,-0.0825814,1.0239115
3714,Onoclea sensibilis,0.8851302,0.9448696,0.87520957,0.009920657,0.95308286,-0.008213282
3715,Onoclea struthiopteris,0.9573914,0.57075626,0.92267793,0.034713447,0.22207813,0.3486781
3716,Ononis arvensis,0.83037645,0.42068318,0.7771338,0.053242624,0.21107991,0.20960326
3717,Ononis natrix,0.9100957,0.9679057,0.86792964,0.042166054,0.92876524,0.039140463
3718,Ononis pusilla,0.89722914,0.98158735,0.9000757,-0.002846539,0.2557171,0.72587025
3719,Ononis reclinata,0.8871783,0.11339382,0.8929264,-0.005748093,0.8539475,-0.7405537
3720,Ononis spinosa,0.77665144,0.61951053,0.7709906,0.005660832,0.39973164,0.2197789
3721,Ononis striata,0.9760461,0.9828809,0.96122944,0.014816642,0.99925435,-0.016373456
3722,Onosma simplicissima,0.934517,0.9850946,0.9386741,-0.0041570663,0.958592,0.02650261
3723,Opercularia diphylla,0.86360556,0.9784395,0.8437988,0.019806743,0.9440838,0.0343557
3724,Ophioglossum vulgatum,0.73437274,0.5728065,0.7492204,-0.014847636,0.5748902,-0.0020837188
3725,Ophiopogon japonicus,0.70431066,0.88046646,0.6896839,0.014626741,0.9346824,-0.054215968
3726,Ophiopogon reversus,0.6682385,0.8119492,0.6080998,0.060138702,0.33718538,0.4747638
3727,Ophiorrhiza japonica,0.66975665,0.4011756,0.6541275,0.015629172,0.41455665,-0.013381064
3728,Ophiuros exaltatus,0.9417951,0.8324008,0.7350997,0.20669544,0.911303,-0.078902185
3729,Ophrys insectifera,0.9144593,0.94088566,0.9113043,0.003154993,0.8430145,0.097871184
3730,Oplismenus burmanni,0.6871648,0.9554951,0.796502,-0.10933721,0.97813004,-0.022634923
3731,Oplismenus compositus,0.9765436,0.988763,0.9648195,0.011724114,0.9842229,0.004540086
3732,Oplismenus hirtellus,0.85934615,-1.2298923,0.7320793,0.12726682,-2.6109061,1.3810139
3733,Oplismenus undulatifolius,0.9721284,0.9745599,0.9585087,0.013619721,0.88580674,0.088753164
3734,Opuntia basilaris,0.84584945,-3.279709,0.8535507,-0.007701218,-2.1632879,-1.1164212
3735,Opuntia chlorotica,0.9291843,0.9795546,0.92307544,0.00610888,0.6610977,0.3184569
3736,Opuntia engelmannii,0.93879867,0.69615084,0.940236,-0.0014373064,0.8696847,-0.17353386
3737,Opuntia phaeacantha,0.8647888,0.52663654,0.85718524,0.007603526,0.26918614,0.2574504
3738,Opuntia polyacantha,0.77094907,0.25699925,0.81998396,-0.049034894,0.79639816,-0.5393989
3739,Orchis mascula,0.7941097,0.7551586,0.77250636,0.021603346,0.36151338,0.39364523
3740,Oreochloa disticha,0.9835084,0.9843786,0.98425084,-0.00074243546,0.9896603,-0.0052817464
3741,Oreocnide pedunculata,0.7405023,0.5573144,0.7186929,0.0218094,0.52591085,0.03140354
3742,Oreojuncus monanthos,0.9778814,0.96163195,0.97509396,0.0027874112,0.92144305,0.04018891
3743,Oreojuncus trifidus,0.9473854,0.9630189,0.9556266,-0.008241236,0.962845,0.00017386675
3744,Origanum vulgare,0.784591,0.6927814,0.76776415,0.016826868,0.7883718,-0.09559041
3745,Oritrophium peruvianum,0.7021966,0.48568922,0.6445652,0.057631373,0.38236943,0.103319794
3746,Orlaya grandiflora,0.9414753,0.71767545,0.937102,0.0043732524,0.87171495,-0.1540395
3747,Ormosia arborea,0.8163265,0.7491715,0.80255514,0.013771355,0.6647761,0.08439541
3748,Ornithogalum pyrenaicum,0.7984763,0.7998851,0.78647906,0.011997223,0.9268405,-0.12695539
3749,Ornithogalum umbellatum,0.6495564,0.39625454,0.6783389,-0.028782487,0.5904544,-0.19419986
3750,Ornithopus compressus,0.7302309,-0.30408,0.31753045,0.41270047,-4.692201,4.388121
3751,Ornithopus perpusillus,0.86559933,0.72958714,0.8965399,-0.030940592,0.929285,-0.19969785
3752,Orobanche coerulescens,0.8800782,-0.70877576,0.9216257,-0.041547477,0.9460887,-1.6548644
3753,Orobanche gracilis,0.8688557,0.9450986,0.7940295,0.07482624,0.7748428,0.17025578
3754,Orostachys fimbriata,0.89422506,0.7849888,0.7995861,0.09463894,0.9063321,-0.121343255
3755,Orostachys malacophylla,0.9011903,0.78020114,0.8468702,0.054320097,0.6944946,0.08570653
3756,Orostachys spinosa,0.8776939,0.8982377,0.8797817,-0.0020878315,0.8630984,0.035139322
3757,Orthilia secunda,0.89311254,0.84031576,0.83560926,0.057503283,0.7468502,0.09346557
3758,Orthrosanthus chimboracensis,0.74895835,0.7203406,0.6470238,0.10193455,0.3690519,0.3512887
3759,Oryza australiensis,0.90764964,0.9433067,0.78521526,0.12243438,0.9224313,0.020875394
3760,Oryzopsis asperifolia,0.9874408,0.99399835,0.9752084,0.012232423,0.9804204,0.013577938
3761,Osmanthus heterophyllus,0.72814107,0.5147746,0.76079273,-0.032651663,0.7639947,-0.24922007
3762,Osmanthus lanceolatus,0.7778286,0.55387974,0.8067048,-0.028876245,0.9031341,-0.34925437
3763,Osmorhiza claytonii,0.8762765,0.97501355,0.8717925,0.004483998,0.94875747,0.026256084
3764,Osmorhiza depauperata,0.9585508,0.9839911,0.9519392,0.0066115856,0.70958143,0.27440965
3765,Osmorhiza longistylis,0.9286298,0.7594716,0.93242747,-0.0037976503,0.93536913,-0.17589754
3766,Osmunda claytoniana,0.83711106,0.20164162,0.84605944,-0.008948386,0.51617175,-0.31453013
3767,Osmunda regalis,0.92622495,0.77373904,0.9285673,-0.0023423433,0.8293776,-0.05563855
3768,Osmunda spectabilis,0.8611371,0.83822423,0.8458351,0.015302002,0.92147726,-0.083253026
3769,Osmundastrum cinnamomeum,0.80896306,0.6606563,0.81876457,-0.009801507,0.5751877,0.08546859
3770,Ostrya carpinifolia,0.9330629,0.9525268,0.9277177,0.0053452253,0.95641595,-0.0038891435
3771,Ostrya virginiana,0.8241514,0.8919287,0.7850946,0.039056778,0.7580404,0.13388824
3772,Ostryopsis davidiana,0.6749622,0.39015052,0.59200597,0.082956254,0.25445053,0.13569999
3773,Osyris alba,0.87640727,0.9017686,0.89652604,-0.020118773,0.8715863,0.030182302
3774,Ottochloa gracillima,0.95083195,0.9377486,0.93991405,0.010917902,0.82024395,0.11750466
3775,Ottochloa nodosa,0.9569919,0.9594777,0.91306084,0.043931067,0.30371788,0.6557598
3776,Ouratea parviflora,0.860802,0.7544226,0.87447447,-0.013672471,0.7742768,-0.019854188
3777,Ouret lanata,0.75538087,-2.507583,0.8020497,-0.046668828,-0.015355448,-2.4922276
3778,Owenia acidula,0.46835765,0.20712037,0.51526976,-0.046912104,0.060459234,0.14666113
3779,Oxalis acetosella,0.76932484,0.65317476,0.7453463,0.023978531,0.6395975,0.013577282
3780,Oxalis chnoodes,0.8257716,0.77519,0.730559,0.09521258,0.231265,0.543925
3781,Oxalis dillenii,0.9310578,0.39104015,0.9395492,-0.008491397,0.42429268,-0.033252537
3782,Oxalis montana,0.9687903,0.99520457,0.9718007,-0.0030103922,0.9895876,0.005616963
3783,Oxalis obtusa,0.5805288,0.100103475,0.7073318,-0.12680298,0.47561672,-0.37551326
3784,Oxalis perennans,0.858548,0.7940843,0.85096085,0.007587135,0.8139718,-0.019887507
3785,Oxalis stricta,0.71604913,0.8199921,0.75829715,-0.04224801,-1.3786262,2.1986184
3786,Oxybasis glauca,0.8866002,-7.315279,0.74255794,0.14404225,-6.920806,-0.39447308
3787,Oxybasis rubra,0.8418822,0.511733,0.80482364,0.03705859,0.9195348,-0.4078018
3788,Oxychloris scariosa,0.9602711,0.9301416,0.9395561,0.020714998,0.9761942,-0.046052575
3789,Oxydendrum arboreum,0.86921746,0.77124834,0.8908819,-0.02166444,0.8253735,-0.05412513
3790,Oxygonum alatum,0.83915997,0.82481027,0.7423935,0.09676647,0.23620881,0.58860147
3791,Oxygonum sinuatum,0.7050868,-2.5936773,0.7243198,-0.019232988,-0.9567151,-1.6369622
3792,Oxypolis fendleri,0.9718926,0.9801007,0.96850455,0.0033880472,0.94531584,0.034784853
3793,Oxypolis rigidior,0.8713646,0.9609115,0.8478678,0.023496807,0.98092055,-0.02000904
3794,Oxyria digyna,0.95580953,0.92478853,0.9470551,0.008754432,0.9760715,-0.051282942
3795,Oxytes brachypoda,0.89982784,0.9524779,0.8883148,0.011513054,0.9639376,-0.011459708
3796,Oxytropis aciphylla,0.74804246,0.61754763,0.74596095,0.0020815134,0.5283192,0.08922845
3797,Oxytropis campestris,0.9562347,0.92900664,0.9504225,0.005812168,0.9724531,-0.04344648
3798,Oxytropis deflexa,0.86126983,0.9905762,0.74295104,0.118318796,0.87552226,0.11505395
3799,Oxytropis lanata,0.944291,0.9314317,0.8929509,0.051340103,0.92649555,0.0049361587
3800,Oxytropis myriophylla,0.8449882,0.7688242,0.77544856,0.069539666,0.5253538,0.24347043
3801,Oxytropis oxyphylla,0.91522986,0.9332156,0.900693,0.014536858,0.9891993,-0.055983663
3802,Oxytropis pilosa,0.9695693,0.99578255,0.9511058,0.018463552,0.9633559,0.032426655
3803,Oxytropis pumila,0.8906587,0.89033043,0.87314475,0.01751393,0.81422883,0.0761016
3804,Oxytropis sericea,0.9399794,0.6386784,0.8975886,0.042390764,-2.8290288,3.4677072
3805,Oxytropis turczaninovii,0.9142196,0.9243405,0.91252685,0.0016927719,0.8835145,0.040825963
3806,Packera anonyma,0.6746795,0.32845813,0.62699103,0.047688484,0.8051947,-0.47673655
3807,Packera cana,0.94234633,-2.2305923,0.91862535,0.02372098,0.6206501,-2.8512423
3808,Paederota lutea,0.9653831,0.9400166,0.9677391,-0.0023559928,0.97666776,-0.036651134
3809,Paeonia anomala,0.9608606,0.9736569,0.92841995,0.032440662,0.9785511,-0.004894197
3810,Paeonia lactiflora,0.91040075,0.9557357,0.7885337,0.12186706,0.8961158,0.059619904
3811,Paepalanthus anceps,0.89105666,0.8097749,0.88212293,0.008933723,0.84348285,-0.033707976
3812,Paepalanthus karstenii,0.71,0.4707968,0.72740746,-0.017407477,0.69147515,-0.22067836
3813,Palafoxia integrifolia,0.88532764,0.9364295,0.8433049,0.042022765,0.88723075,0.049198747
3814,Palicourea sessilis,0.93701917,0.89238024,0.8726133,0.06440586,0.75403315,0.13834709
3815,Paliurus spina-christi,0.94238484,0.9174496,0.94727963,-0.004894793,0.8991493,0.018300295
3816,Pallenis hierichuntica,0.83632255,-2.1370208,0.8010961,0.035226464,-2.4461389,0.30911803
3817,Pallenis spinosa,0.8536078,-0.87415504,0.83677745,0.016830325,-0.44940636,-0.4247487
3818,Pancratium maritimum,0.96633834,0.93682724,0.9632901,0.0030482411,0.98271847,-0.045891225
3819,Pandorea pandorana,0.9059052,0.96616304,0.8838535,0.022051692,0.95879346,0.007369578
3820,Panicum atrosanguineum,0.9447459,0.96591556,0.8131555,0.13159043,0.8089243,0.15699124
3821,Panicum decompositum,0.722958,0.7862997,0.68325615,0.03970188,0.6026671,0.18363261
3822,Panicum effusum,0.6732462,0.46917263,0.6362566,0.03698963,0.37490007,0.094272554
3823,Panicum hemitomon,0.80860704,0.56709397,0.778098,0.030509055,0.39276993,0.17432404
3824,Panicum laetum,0.7795386,0.6731874,0.81922036,-0.039681792,0.82046986,-0.14728248
3825,Panicum laevinode,0.8241753,0.8743076,0.75478286,0.06939244,0.42511067,0.4491969
3826,Panicum larcomianum,0.78400236,0.95009524,0.67656416,0.10743821,0.7216193,0.22847593
3827,Panicum simile,0.6617776,-3.2260306,0.65884507,0.0029325485,-2.9660165,-0.26001406
3828,Panicum turgidum,0.8308547,0.744341,0.7994017,0.031453013,0.43613884,0.30820218
3829,Panicum virgatum,0.86868846,0.94649655,0.8625704,0.006118059,0.6731128,0.27338374
3830,Panzerina lanata,0.79737794,0.8960343,0.77994657,0.017431378,0.63240004,0.26363426
3831,Papaver rhoeas,0.8267014,0.4968071,0.8527868,-0.026085377,-0.16551895,0.66232604
3832,Parakeelya eremaea,0.8906975,0.842686,0.8571278,0.033569694,0.77323145,0.06945455
3833,Paramollugo nudicaulis,0.89790475,0.87996525,0.91474813,-0.016843379,0.9836699,-0.10370463
3834,Paranotis mitrasacmoides,0.84975994,0.5859964,0.7937161,0.056043863,0.80718076,-0.22118437
3835,Parapholis incurva,0.8967252,0.8802168,0.89886,-0.0021348,0.8957878,-0.015570998
3836,Parapiptadenia rigida,0.9330443,0.87547344,0.86447513,0.06856918,0.8429149,0.03255856
3837,Parasenecio hastatus,0.9351014,0.94437027,0.860736,0.07436538,0.8727978,0.07157248
3838,Parentucellia latifolia,0.9116934,0.91784656,0.9179605,-0.0062671304,0.95787966,-0.040033102
3839,Parietaria debilis,0.9138422,0.9421738,0.8949019,0.01894033,0.9381402,0.0040335655
3840,Parietaria judaica,0.84748983,0.9068391,0.8155726,0.031917214,0.3823608,0.5244783
3841,Parietaria officinalis,0.8622686,0.9333953,0.85116506,0.01110357,0.99457455,-0.06117922
3842,Parinari nonda,0.92961466,0.8610468,0.9132206,0.016394079,0.8900353,-0.02898848
3843,Paris quadrifolia,0.84488666,0.7504243,0.80994207,0.034944594,0.69662744,0.053796887
3844,Parkinsonia florida,0.9466071,0.9593,0.9431689,0.0034382343,0.91885704,0.040442944
3845,Parkinsonia microphylla,0.9720418,0.97014457,0.956015,0.016026795,0.9400045,0.030140042
3846,Parkinsonia praecox,0.9906569,0.9874696,0.9760584,0.014598489,0.9806546,0.0068150163
3847,Parnassia palustris,0.88088447,0.88183105,0.87745,0.0034344792,0.8842882,-0.0024571419
3848,Paronychia arabica,0.48082238,-0.24369814,0.44983506,0.030987322,-0.8593813,0.6156832
3849,Paronychia chlorothyrsa,0.8995059,0.8289945,0.5229874,0.3765185,-0.86272424,1.6917188
3850,Paronychia kapela,0.9519726,0.97837716,0.9389675,0.013005078,0.99789697,-0.019519806
3851,Paropsia brazzaeana,0.8023314,0.73504084,0.74330354,0.05902785,0.6117405,0.123300314
3852,Parrya nudicaulis,0.97322637,0.91767114,0.9668271,0.006399274,0.62136865,0.2963025
3853,Parsonsia eucalyptophylla,0.8500112,0.8731108,0.836467,0.013544202,0.9768973,-0.10378653
3854,Parsonsia fulva,0.748995,-0.8892498,0.52317065,0.22582436,-1.8036942,0.91444445
3855,Parsonsia lanceolata,0.84598756,0.53268903,0.7843308,0.061656773,-0.15983479,0.69252384
3856,Parsonsia straminea,0.9264251,0.9705546,0.9234765,0.0029485822,0.97874314,-0.008188546
3857,Parsonsia velutina,0.94738525,0.87600565,0.91311854,0.03426671,0.9975912,-0.12158555
3858,Parthenium incanum,0.9719913,0.98143953,0.9671531,0.004838228,0.99797374,-0.01653421
3859,Parthenium integrifolium,0.799691,0.83684796,0.75106364,0.048627377,0.71365887,0.12318909
3860,Parthenocissus quinquefolia,0.7278867,0.5039081,0.6970283,0.030858397,0.4576578,0.046250284
3861,Parthenocissus tricuspidata,0.8490531,0.8546698,0.82601005,0.023043036,0.8725091,-0.017839313
3862,Paspalum bonplandianum,0.6864806,0.29131126,0.7105835,-0.024102926,0.64781463,-0.35650337
3863,Paspalum plicatulum,0.97868276,0.99802554,0.8543555,0.12432724,0.61800134,0.3800242
3864,Paspalum polyphyllum,0.8300628,0.9293554,0.577708,0.2523548,0.28929588,0.6400595
3865,Paspalum scrobiculatum,0.86584526,0.86544806,0.8669845,-0.0011392236,0.71432376,0.1511243
3866,Paspalum setaceum,0.9208429,-0.26850733,0.93302387,-0.012180984,0.88287306,-1.1513804
3867,Passiflora lutea,0.7992632,0.56048226,0.8134561,-0.014192939,0.9321247,-0.3716424
3868,Pastinaca sativa,0.74036527,0.950528,0.77763546,-0.03727019,0.96320367,-0.012675643
3869,Patersonia glabrata,0.9714615,0.9829905,0.9723075,-0.0008460283,0.999201,-0.016210496
3870,Patersonia sericea,0.93935215,0.980764,0.9248831,0.0144690275,0.99358493,-0.012820959
3871,Patrinia rupestris,0.9588305,0.9415449,0.9123615,0.046468973,0.91891134,0.022633553
3872,Patzkea paniculata,0.92348033,0.9757494,0.9143584,0.009121954,0.9767193,-0.0009699464
3873,Paxistima myrsinites,0.9346616,0.8942032,0.93944323,-0.004781604,0.9640834,-0.06988019
3874,Pectiantia pentandra,0.927513,0.6510403,0.9302591,-0.0027461052,-0.11699635,0.76803666
3875,Peddiea fischeri,0.9627696,0.98594904,0.92734784,0.03542179,0.90928125,0.076667786
3876,Pedicularis bracteosa,0.937935,0.91221344,0.9244402,0.01349479,0.91657823,-0.0043647885
3877,Pedicularis canadensis,0.95633703,0.9603482,0.9557212,0.0006158352,0.7978077,0.1625405
3878,Pedicularis capitata,0.94782645,0.8962558,0.90599585,0.0418306,0.9281349,-0.031879127
3879,Pedicularis contorta,0.8822005,0.59626913,0.8781117,0.0040887594,0.8386086,-0.24233949
3880,Pedicularis flammea,0.8758935,0.70917207,0.788499,0.087394476,0.62184525,0.087326825
3881,Pedicularis groenlandica,0.9619845,0.99724114,0.9599997,0.0019848347,0.9909786,0.006262541
3882,Pedicularis kerneri,0.97309124,0.9828936,0.9799773,-0.006886065,0.85241234,0.13048124
3883,Pedicularis labradorica,0.969534,0.9885175,0.9339818,0.035552204,0.9169547,0.07156283
3884,Pedicularis lanata,0.93213713,0.94508517,0.93607116,-0.0039340258,0.88776404,0.05732113
3885,Pedicularis langsdorffii,0.86148757,0.7661661,0.829752,0.03173554,0.6999028,0.06626332
3886,Pedicularis lapponica,0.90538234,0.87093407,0.87466615,0.03071618,0.8882649,-0.017330825
3887,Pedicularis oederi,0.97795814,0.9963344,0.98283726,-0.004879117,0.99314475,0.0031896234
3888,Pedicularis palustris,0.8475708,0.97965854,0.84699667,0.00057411194,0.90336055,0.076298
3889,Pedicularis pyrenaica,0.98059916,0.8992462,0.98487306,-0.0042738914,0.91712403,-0.017877817
3890,Pedicularis rostratocapitata,0.96374685,0.9584567,0.9629374,0.0008094311,0.97491693,-0.01646024
3891,Pedicularis rostratospicata,0.95360255,0.6421468,0.9608675,-0.0072649717,0.51394176,0.12820506
3892,Pedicularis sudetica,0.98384434,0.96243596,0.9713604,0.012483954,0.996552,-0.03411603
3893,Pedicularis sylvatica,0.8808354,0.84369814,0.89666605,-0.015830636,0.93474424,-0.091046095
3894,Pedicularis tuberosa,0.94492996,0.96074134,0.94551325,-0.00058329105,0.9409744,0.019766927
3895,Pedicularis verticillata,0.95564365,0.9804592,0.9517456,0.0038980246,0.99185324,-0.011394024
3896,Peganum nigellastrum,0.7905,0.6346228,0.7329286,0.05757141,0.76110923,-0.12648642
3897,Peltandra virginica,0.80212885,0.66372395,0.7710287,0.031100154,0.50775623,0.15596771
3898,Penstemon linarioides,0.94946617,0.74715984,0.9604204,-0.010954261,0.84688574,-0.0997259
3899,Penstemon procerus,0.9081368,0.87118614,0.895403,0.0127337575,0.88601166,-0.014825523
3900,Pentameris borussica,0.8567585,0.7563148,0.9056268,-0.0488683,0.8583546,-0.102039814
3901,Pentanema britannica,0.8209867,0.8421832,0.7974855,0.023501217,0.92553395,-0.08335078
3902,Pentanema ensifolium,0.8968784,0.8795955,0.88206387,0.014814556,0.9325837,-0.05298817
3903,Pentanema hirtum,0.92585564,0.8632943,0.9209454,0.0049102306,0.93023264,-0.06693834
3904,Pentanema montanum,0.87941617,0.7647957,0.8575878,0.021828353,0.7709294,-0.0061336756
3905,Pentanema salicinum,0.8551511,0.87663215,0.7965041,0.058647037,0.8055181,0.07111406
3906,Pentanema squarrosum,0.8527817,0.92323714,0.83853555,0.014246166,0.7862674,0.13696975
3907,Pentanisia ouranogyne,0.94661605,0.96491075,0.95129055,-0.0046744943,0.9750827,-0.01017195
3908,Pentas lanceolata,0.52536213,-1.6656107,0.6111325,-0.08577037,-0.70987403,-0.95573664
3909,Peperomia abyssinica,0.787048,0.74898136,0.67579275,0.11125523,-0.0060778433,0.7550592
3910,Peponium vogelii,0.8736434,0.81551117,0.8449017,0.028741717,0.70653266,0.10897851
3911,Pera glabrata,0.945256,0.9418506,0.9492219,-0.0039659142,0.95787275,-0.016022146
3912,Pergularia tomentosa,0.74779755,0.5408817,0.7438095,0.0039880276,0.7224963,-0.18161458
3913,Peripleura hispidula,0.8523249,0.83863235,0.80491275,0.047412157,0.82990724,0.008725107
3914,Perotis patens,0.9210929,0.4919641,0.6862788,0.2348141,0.5812608,-0.0892967
3915,Perotis rara,0.80999887,0.47223014,0.69405615,0.11594272,-0.14894135,0.6211715
3916,Persea willdenovii,0.7906538,0.64933497,0.73286337,0.05779046,0.65826553,-0.008930564
3917,Persicaria amphibia,0.93180704,0.9758761,0.9156055,0.016201556,0.9894362,-0.013560116
3918,Persicaria chinensis,0.7380127,0.57770723,0.7741772,-0.036164522,0.6100905,-0.032383263
3919,Persicaria decipiens,0.9259398,0.7678274,0.86666286,0.05927694,0.8312502,-0.0634228
3920,Persicaria hydropiper,0.87324566,0.9850823,0.81861544,0.05463022,0.9737085,0.011373818
3921,Persicaria hydropiperoides,0.9126434,0.9940044,0.91641724,-0.003773868,0.5950812,0.39892322
3922,Persicaria lapathifolia,0.81561583,0.23265257,0.7663444,0.049271405,0.5962965,-0.3636439
3923,Persicaria maculosa,0.7883798,0.56145704,0.7531184,0.035261393,0.8917867,-0.33032966
3924,Persicaria minor,0.8517565,-0.9274864,0.71016234,0.14159417,-2.436013,1.5085266
3925,Persicaria mitis,0.8090906,-6.695236,0.82342005,-0.014329433,-2.6886907,-4.0065455
3926,Persicaria punctata,0.89211226,0.050283562,0.88619554,0.0059167147,0.113083564,-0.062800005
3927,Persicaria setacea,0.7837286,0.9426508,0.7980738,-0.014345229,0.75952554,0.18312526
3928,Persicaria subsessilis,0.5664441,0.5294157,0.6138614,-0.047417283,0.51265216,0.016763568
3929,Persicaria virginiana,0.7871292,0.77760875,0.75552136,0.031607866,0.67385304,0.10375571
3930,Persoonia cuspidifera,0.99262464,0.9994217,0.9923775,0.00024712086,0.9789512,0.0204705
3931,Persoonia falcata,0.87339973,0.84741443,0.85647464,0.016925097,0.81014264,0.037271798
3932,Persoonia linearis,0.98716706,0.9833254,0.9836172,0.0035498738,0.98282707,0.00049835443
3933,Persoonia sericea,0.9403386,0.9709519,0.9164914,0.023847222,0.90790415,0.06304777
3934,Persoonia stradbrokensis,0.98689747,0.96665066,0.9766103,0.010287166,0.98929363,-0.02264297
3935,Persoonia virgata,0.9946202,0.99887073,0.9930226,0.0015975833,0.99965525,-0.00078451633
3936,Petalostigma banksii,0.83542085,0.75053567,0.7395486,0.09587222,0.5862541,0.16428155
3937,Petalostigma pubescens,0.80324006,0.69897276,0.7948401,0.008399963,0.70986605,-0.010893285
3938,Petalostigma quadriloculare,0.9727454,0.97947794,0.8521961,0.12054932,0.993441,-0.013963044
3939,Petasites albus,0.87892187,0.8521726,0.87602353,0.0028983355,0.8859827,-0.03381008
3940,Petasites frigidus,0.9216056,0.8602648,0.8781506,0.043455005,0.9516839,-0.0914191
3941,Petasites hybridus,0.82466453,0.84144366,0.82042986,0.0042346716,0.80899304,0.032450616
3942,Petasites paradoxus,0.91719496,0.69320136,0.90830564,0.0088893175,0.8374303,-0.14422894
3943,Petrocallis pyrenaica,0.9766164,0.94884264,0.97478884,0.001827538,0.75980014,0.18904251
3944,Petrorhagia prolifera,0.8707427,0.83136064,0.86485493,0.005887747,0.902324,-0.07096338
3945,Petrorhagia saxifraga,0.9078299,0.94716144,0.89793503,0.009894848,0.9152353,0.031926155
3946,Petrosedum ochroleucum,0.8703562,0.72168267,0.8664359,0.0039203167,0.73990935,-0.018226683
3947,Petrosedum rupestre,0.7544924,0.6815868,0.759268,-0.0047755837,0.7780549,-0.09646809
3948,Petrosedum sediforme,0.9065302,0.8523723,0.90816104,-0.0016308427,0.81898963,0.033382654
3949,Peucedanum cervaria,0.85354483,0.9093903,0.8393444,0.014200449,0.9449509,-0.035560608
3950,Peucedanum morisonii,0.9131388,0.9314984,0.91207486,0.0010639429,0.97926456,-0.04776615
3951,Peucedanum oreoselinum,0.8688832,0.9037602,0.8776353,-0.008752108,0.87482524,0.028934956
3952,Peucedanum ostruthium,0.9207912,0.9238024,0.90728045,0.013510764,0.94219536,-0.01839298
3953,Pfaffia tuberosa,0.96597856,0.8816408,0.8006116,0.16536695,0.79769224,0.08394855
3954,Phacelia hastata,0.8929864,0.45249242,0.80524415,0.08774227,-1.0435442,1.4960365
3955,Phagnalon graecum,0.9603618,0.97760284,0.9578327,0.0025290847,0.989911,-0.01230818
3956,Phagnalon saxatile,0.9251693,-0.5211506,0.9177574,0.007411897,0.35436735,-0.87551796
3957,Phalaris arundinacea,0.8746935,0.9775574,0.84192246,0.03277105,0.97644657,0.0011108518
3958,Phanera championii,0.78332233,0.5269353,0.79071504,-0.0073927045,0.71940315,-0.19246787
3959,Phaseolaster elliptica,0.93107945,0.99623185,0.917114,0.013965428,0.9977514,-0.0015195608
3960,Phedimus aizoon,0.9411479,0.90682876,0.87722474,0.06392318,0.7822864,0.124542356
3961,Phegopteris connectilis,0.822243,0.5081309,0.80101335,0.021229625,0.80179423,-0.29366332
3962,Phegopteris hexagonoptera,0.80937946,0.78153557,0.8152184,-0.0058389306,0.6326947,0.14884084
3963,Philadelphus lewisii,0.9792528,0.97033715,0.9652539,0.013998926,0.9586594,0.011677742
3964,Philenoptera nelsii,0.825262,0.8623222,0.8195257,0.0057362914,0.79775095,0.06457126
3965,Phillyrea angustifolia,0.91620195,0.8656372,0.92838204,-0.01218009,0.89271206,-0.027074873
3966,Phillyrea latifolia,0.8690155,0.80002683,0.89468735,-0.02567184,0.8374194,-0.037392557
3967,Phleum alpinum,0.9168854,0.8531835,0.9204578,-0.0035724044,0.84622353,0.0069599748
3968,Phleum arenarium,0.95241773,0.8696595,0.95874643,-0.006328702,0.94208634,-0.072426856
3969,Phleum bertolonii,0.6742929,0.95466465,0.6808255,-0.00653255,0.9754619,-0.020797253
3970,Phleum hirsutum,0.95041245,0.98046345,0.9554657,-0.005053222,0.98947555,-0.009012103
3971,Phleum phleoides,0.8946725,0.8689357,0.8329256,0.061746895,0.8250502,0.04388553
3972,Phleum pratense,0.687639,0.08579848,0.59271705,0.09492195,-0.03803547,0.123833954
3973,Phleum rhaeticum,0.9177661,0.8993367,0.920443,-0.0026769042,0.91452587,-0.015189171
3974,Phlojodicarpus sibiricus,0.8822394,0.9354529,0.8164245,0.06581491,0.9275168,0.00793606
3975,Phlomis fruticosa,0.9216466,0.9590189,0.9296389,-0.007992327,0.9394883,0.019530594
3976,Phlomoides tuberosa,0.93973356,0.8939981,0.92926896,0.010464609,0.9078903,-0.013892233
3977,Phlox carolina,0.8331372,0.91303265,0.81455344,0.018583775,0.83830357,0.074729085
3978,Phlox hoodii,0.87247074,0.8172276,0.8797298,-0.007259071,0.51479155,0.30243605
3979,Phlox longifolia,0.7225478,0.04180178,0.6677335,0.05481434,-6.1513805,6.1931825
3980,Phoebe formosana,0.80455124,0.7102973,0.8549358,-0.05038458,0.82336116,-0.11306387
3981,Phonus lanatus,0.9101351,-0.6725869,0.8983885,0.011746585,-0.41887143,-0.2537155
3982,Phragmites australis,0.8877493,0.91837186,0.84841764,0.039331675,0.9520429,-0.03367102
3983,Phryma leptostachya,0.756572,0.07237571,0.72306025,0.033511758,0.7997308,-0.72735506
3984,Phyla nodiflora,0.9088153,-1.9592576,0.91554946,-0.0067341328,-0.10403336,-1.8552243
3985,Phyllanthus boehmii,0.9261211,0.9490422,0.9059994,0.020121694,0.9415585,0.007483721
3986,Phyllanthus carpentariae,0.29225183,-1.3910315,0.2874265,0.004825324,-2.1123745,0.72134304
3987,Phyllanthus collinus,0.71752787,0.728091,0.7276596,-0.010131717,-3.295714,4.0238047
3988,Phyllanthus ferdinandi,0.9691589,0.94557285,0.97211534,-0.00295645,0.98081017,-0.035237312
3989,Phyllanthus fischeri,0.7425005,0.64899075,0.63897634,0.10352415,0.21164154,0.4373492
3990,Phyllanthus fuernrohrii,0.7744118,-0.19701411,0.65274894,0.121662855,-0.14985463,-0.047159478
3991,Phyllanthus hirtellus,0.9521834,0.98728275,0.93232036,0.019863069,0.97014785,0.017134905
3992,Phyllanthus lobocarpus,0.94767636,0.9732459,0.9357449,0.011931479,0.7538072,0.21943873
3993,Phyllanthus maderaspatensis,0.83844924,-0.20303454,0.7734372,0.06501204,-0.13538721,-0.06764732
3994,Phyllanthus meghalayensis,0.8354411,0.76697725,0.8489312,-0.013490081,0.65335464,0.113622606
3995,Phyllanthus mendesii,0.78046167,0.68708354,0.6600465,0.12041515,-0.13150714,0.8185907
3996,Phyllanthus pentandrus,0.7023904,0.800764,0.5380609,0.16432947,0.41337207,0.38739195
3997,Phyllanthus similis,0.8275589,0.97838503,0.7997914,0.02776748,0.63045007,0.34793496
3998,Phyllanthus trachyspermus,0.81396145,0.55789423,0.62691,0.18705148,-1.7707696,2.3286638
3999,Phyllanthus virgatus,0.6419595,0.14158185,0.65983284,-0.017873347,0.16333048,-0.021748632
4000,Phyllodoce caerulea,0.98026633,0.92345464,0.98164356,-0.0013772249,0.9544446,-0.030989945
4001,Phyllodoce empetriformis,0.97959566,0.98492074,0.97567815,0.0039175153,0.9976733,-0.012752533
4002,Physalis virginiana,0.70550835,-0.20706502,0.68489015,0.0206182,-4.843432,4.636367
4003,Physalis walteri,0.7756742,0.20879784,0.7397909,0.035883307,-0.30985752,0.51865536
4004,Physocarpus malvaceus,0.9588487,0.93265796,0.9422684,0.016580343,0.88780695,0.044851005
4005,Physospermum cornubiense,0.89662075,0.57281965,0.8568176,0.039803147,0.9305595,-0.35773987
4006,Phyteuma betonicifolium,0.9161757,0.89630485,0.9214108,-0.005235076,0.9087785,-0.012473643
4007,Phyteuma globulariifolium,0.9895154,0.9845389,0.9920002,-0.0024847984,0.9693328,0.015206099
4008,Phyteuma hemisphaericum,0.9660861,0.9531614,0.9692367,-0.0031505823,0.9837478,-0.030586362
4009,Phyteuma nigrum,0.8939429,0.92643416,0.8869004,0.0070424676,0.7425861,0.18384808
4010,Phyteuma orbiculare,0.8921134,0.9413584,0.89769983,-0.0055864453,0.9242018,0.017156601
4011,Phyteuma ovatum,0.8959172,0.898892,0.88989353,0.0060236454,0.84484994,0.05404204
4012,Phyteuma scheuchzeri,0.96542096,0.96592224,0.9491457,0.016275287,0.9959647,-0.03004247
4013,Phyteuma spicatum,0.8734723,0.88523,0.86563796,0.007834315,0.73892707,0.14630294
4014,Phytolacca americana,0.90914905,0.85296756,0.9162549,-0.0071058273,0.9621094,-0.10914183
4015,Phytolacca dioica,0.8516917,0.73909533,0.81830364,0.03338808,0.61962205,0.11947328
4016,Picea abies,0.76307803,0.5934604,0.7450687,0.018009305,0.5231616,0.07029879
4017,Picea engelmannii,0.9410357,0.94971335,0.9283643,0.012671411,0.94743264,0.0022807121
4018,Picea mariana,0.90356845,0.89081925,0.880166,0.023402452,0.857467,0.033352256
4019,Picea obovata,0.9716001,0.96491605,0.8961098,0.075490296,0.828239,0.13667703
4020,Picea pungens,0.9359263,0.93605626,0.90261406,0.03331226,0.9379924,-0.0019361377
4021,Picea rubens,0.9708875,0.9824075,0.9701731,0.00071436167,0.9670273,0.015380204
4022,Picrasma crenata,0.8292453,0.8070248,0.73280925,0.09643608,0.6785258,0.12849897
4023,Picris angustifolia,0.70633113,0.9040327,0.80487025,-0.098539114,0.9364075,-0.0323748
4024,Picris hieracioides,0.79566747,0.83120465,0.7510239,0.04464358,0.85903704,-0.027832389
4025,Picris hispanica,0.8808031,0.014270462,0.7569366,0.1238665,-1.5414269,1.5556973
4026,Pigea monopetala,0.8455665,0.9933647,0.8527893,-0.0072227716,0.9917658,0.0015988946
4027,Pilea brevicornuta,0.7085114,0.5142046,0.7539305,-0.045419097,0.7197047,-0.20550007
4028,Pilea funkikensis,0.7764094,0.45020768,0.71086484,0.065544546,0.35080203,0.09940565
4029,Pilea plataniflora,0.73227906,0.5373009,0.724689,0.0075900555,0.59374213,-0.056441247
4030,Pilea pumila,0.84416837,0.7628681,0.8091657,0.03500265,0.78389835,-0.021030247
4031,Pilea usambarensis,0.8732922,0.8956213,0.68421054,0.18908167,0.27044618,0.6251751
4032,Piliostigma reticulatum,0.612548,0.29661766,0.6457106,-0.033162594,0.31638536,-0.019767702
4033,Pilocarpus pennatifolius,0.91061217,0.89580077,0.8633438,0.04726839,0.67353857,0.2222622
4034,Pilosella aurantiaca,0.86676604,-0.60254985,0.85169625,0.015069783,-2.171536,1.5689862
4035,Pilosella cymosa,0.7124295,0.9029695,0.587211,0.12521851,0.92236954,-0.01940006
4036,Pilosella echioides,0.9294268,0.8755317,0.876677,0.052749813,0.7824285,0.09310317
4037,Pilosella glacialis,0.95463824,0.9607346,0.9647271,-0.010088861,0.9251518,0.03558278
4038,Pilosella hoppeana,0.81494987,0.2853899,0.73213494,0.08281493,-0.7368826,1.0222726
4039,Pilosella lactucella,0.77664983,0.8235909,0.76008725,0.016562581,0.45223445,0.37135643
4040,Pilosella officinarum,0.6832839,0.5121088,0.67654574,0.006738186,0.5781377,-0.06602889
4041,Pilosella piloselloides,0.82083833,0.79799396,0.80056864,0.020269692,0.80898875,-0.010994792
4042,Pimelea cornucopiae,0.88210034,0.68551767,0.88832605,-0.006225705,0.9099064,-0.22438872
4043,Pimelea curviflora,0.97149265,0.9216028,0.97339535,-0.0019026995,0.920593,0.0010097623
4044,Pimelea linifolia,0.88228863,0.52413034,0.857435,0.024853647,0.43799624,0.086134106
4045,Pimelea microcephala,0.8086508,0.9976429,0.77481425,0.033836544,0.5401823,0.45746058
4046,Pimelea trichostachya,0.69689506,-2.4939797,0.805357,-0.10846192,-1.010307,-1.4836727
4047,Pimenta pseudocaryophyllus,0.90678686,0.901373,0.8160653,0.09072155,0.8950836,0.0062894225
4048,Pimpinella major,0.781148,0.8322295,0.74023473,0.040913284,0.80605346,0.026176035
4049,Pimpinella saxifraga,0.7444458,0.75889915,0.721837,0.022608817,0.72103304,0.037866116
4050,Pimpinella tragium,0.8680611,0.69708437,0.81809556,0.04996556,0.9574052,-0.26032084
4051,Pinguicula alpina,0.92078793,0.80476874,0.9310357,-0.010247767,0.7309692,0.07379955
4052,Pinguicula balcanica,0.966109,0.99487984,0.9740547,-0.007945716,0.9929426,0.0019372702
4053,Pinguicula grandiflora,0.9496121,0.7508189,0.93758166,0.012030423,0.7440346,0.00678432
4054,Pinguicula vulgaris,0.8974639,0.93209404,0.8918164,0.00564754,0.90954363,0.022550404
4055,Pinus albicaulis,0.92623264,0.93703365,0.93402743,-0.0077947974,0.926597,0.010436654
4056,Pinus brutia,0.91924876,0.9598131,0.84980184,0.06944692,0.736178,0.22363514
4057,Pinus cembra,0.938238,0.9533552,0.93160146,0.00663656,0.9353177,0.018037498
4058,Pinus contorta,0.9272141,0.90252894,0.9323749,-0.0051608086,0.9488984,-0.046369433
4059,Pinus densiflora,0.7540913,0.55605537,0.6612116,0.09287971,0.4569474,0.09910798
4060,Pinus edulis,0.898268,0.8853617,0.87564015,0.02262783,0.8422395,0.043122172
4061,Pinus elliottii,0.8699482,0.74104965,0.8373875,0.032560706,0.7082191,0.032830536
4062,Pinus flexilis,0.93091375,0.9223225,0.90542966,0.025484085,0.86742526,0.05489725
4063,Pinus halepensis,0.9110678,0.85075176,0.8981198,0.012947977,0.67974854,0.17100322
4064,Pinus monophylla,0.8774888,0.9598238,0.86884034,0.008648455,0.9617097,-0.001885891
4065,Pinus monticola,0.94615567,0.9121834,0.92322874,0.022926927,0.9709504,-0.05876702
4066,Pinus mugo,0.90991014,0.94906646,0.90914005,0.000770092,0.9158925,0.03317398
4067,Pinus nigra,0.8291287,0.8998265,0.83320135,-0.004072666,0.85193765,0.047888875
4068,Pinus palustris,0.90222365,0.84916586,0.89736795,0.0048556924,0.8502618,-0.0010959506
4069,Pinus pinaster,0.90999335,0.9215233,0.8503136,0.059679747,0.8584614,0.06306189
4070,Pinus ponderosa,0.9803048,0.990125,0.9781735,0.0021312833,0.98099583,0.009129167
4071,Pinus pungens,0.88996977,0.89831245,0.923252,-0.03328222,0.97535866,-0.077046216
4072,Pinus resinosa,0.72501963,0.50237954,0.73052716,-0.005507529,0.6024511,-0.10007155
4073,Pinus rigida,0.8645028,0.852802,0.87573,-0.0112271905,0.8522987,0.0005033016
4074,Pinus serotina,0.89806557,0.91034544,0.88399017,0.014075398,0.91792023,-0.0075747967
4075,Pinus strobus,0.9345679,0.8995952,0.920102,0.014465928,0.826903,0.072692215
4076,Pinus sylvestris,0.78077674,0.84703934,0.7282138,0.052562952,0.78756166,0.059477687
4077,Pinus taeda,0.7908311,0.6273721,0.77643317,0.014397919,0.55526525,0.07210684
4078,Pinus taiwanensis,0.87852,0.9313654,0.85472,0.023800015,0.8836886,0.047676742
4079,Pinus uncinata,0.9556298,0.97339034,0.9487488,0.0068809986,0.99596137,-0.022571027
4080,Pinus virginiana,0.8612429,0.8118775,0.8824756,-0.021232724,0.85595375,-0.044076264
4081,Piper aduncum,0.73920614,0.5360849,0.81614333,-0.0769372,0.70533335,-0.16924846
4082,Piper arboreum,0.94785655,0.9192386,0.9514144,-0.0035578609,0.94301444,-0.023775816
4083,Piper capense,0.9233944,0.9312136,0.9033699,0.020024478,0.9474075,-0.016193867
4084,Piper cernuum,0.93095237,0.94394624,0.95142853,-0.020476162,0.95778835,-0.013842106
4085,Piper gaudichaudianum,0.63817394,-0.06191162,0.72593474,-0.087760806,0.5701818,-0.6320934
4086,Piper kadsura,0.81935036,0.69855285,0.77219903,0.047151327,0.57462263,0.123930216
4087,Piper sintenense,0.87417006,0.77937573,0.82479936,0.049370706,0.7959831,-0.016607344
4088,Piptadenia gonoacantha,0.9191287,0.92764515,0.8796832,0.03944552,0.9163037,0.011341453
4089,Piptatherum coerulescens,0.9295355,0.56627744,0.9327944,-0.003258884,0.21057299,0.35570446
4090,Piptocarpha angustifolia,0.7843834,0.7117249,0.7244919,0.059891522,0.5154205,0.19630438
4091,Piptocarpha axillaris,0.8517623,0.7697854,0.7960274,0.055734873,0.6301799,0.13960552
4092,Piptocarpha regnellii,0.8856894,0.7584194,0.85747534,0.028214037,0.78227836,-0.023858964
4093,Piptochaetium avenaceum,0.74368286,0.78848064,0.77650267,-0.032819808,0.8412435,-0.052762866
4094,Piptochaetium montevidense,0.92080474,0.8603499,0.60402346,0.31678128,0.15094742,0.70940244
4095,Pisonia ambigua,0.8484455,0.72312385,0.76306266,0.08538282,0.7020739,0.021049976
4096,Pistacia lentiscus,0.90542233,0.8309808,0.91772497,-0.012302637,0.79162115,0.03935963
4097,Pistacia terebinthus,0.9313227,0.9295275,0.91141117,0.019911528,0.76532733,0.16420019
4098,Pittosporum angustifolium,0.88337576,0.9566101,0.8127604,0.07061535,0.9165046,0.040105462
4099,Pittosporum illicioides,0.8273052,0.7372292,0.81682944,0.010475755,0.7500547,-0.012825489
4100,Pittosporum multiflorum,0.97810084,0.9822306,0.97661763,0.001483202,0.95743823,0.024792373
4101,Pittosporum revolutum,0.43035498,0.4906803,0.3999674,0.03038758,0.4939833,-0.0033029914
4102,Pittosporum spinescens,0.9291954,0.99867547,0.9323461,-0.0031507015,0.9985866,8.8870525e-05
4103,Pityopsis aspera,0.8525898,0.5842507,0.871508,-0.018918216,0.74723285,-0.16298217
4104,Pityopsis graminifolia,0.8013853,0.64530206,0.7909641,0.010421157,0.59860957,0.04669249
4105,Plagiogyria euphlebia,0.8490866,0.788538,0.86793786,-0.01885128,0.8190512,-0.030513227
4106,Plagiogyria stenoptera,0.8139416,0.87917006,0.83700734,-0.023065746,0.7253832,0.15378684
4107,Planchonella pohlmaniana,0.9179597,0.83355683,0.90487707,0.0130826235,0.8831351,-0.04957825
4108,Planchonia careya,0.8367175,0.8102911,0.84322613,-0.0065086484,0.8105759,-0.000284791
4109,Planera aquatica,0.94299245,0.9250318,0.9424099,0.0005825758,0.9652615,-0.040229738
4110,Plantago afra,0.8021059,-3.3701086,0.7282996,0.073806286,-1.1511296,-2.218979
4111,Plantago albicans,0.9160647,-1.9537386,0.8748976,0.04116708,-1.1743579,-0.7793807
4112,Plantago alpina,0.9561838,0.9518445,0.96459734,-0.008413553,0.9594177,-0.0075731874
4113,Plantago amplexicaulis,0.9206859,-0.55946296,0.907178,0.013507903,0.8051297,-1.3645927
4114,Plantago atrata,0.95212865,0.99648535,0.9535115,-0.0013828278,0.9876334,0.008851945
4115,Plantago bellardii,0.9275227,0.9823847,0.91897917,0.008543551,0.941285,0.041099668
4116,Plantago cornuti,0.97335476,0.9707076,0.96056783,0.012786925,0.928462,0.042245567
4117,Plantago coronopus,0.8904245,0.39044517,0.89488775,-0.0044632554,0.5695188,-0.17907363
4118,Plantago cunninghamii,0.94312406,0.933153,0.9315649,0.011559129,0.93267703,0.0004759431
4119,Plantago debilis,0.91133904,0.9287539,0.9020902,0.009248853,0.87299126,0.05576265
4120,Plantago depressa,0.8876175,0.823484,0.808401,0.07921654,0.26664814,0.5568359
4121,Plantago lagopus,0.89431757,0.33165517,0.88815,0.0061675906,0.3587997,-0.027144521
4122,Plantago lanceolata,0.6878998,0.52503425,0.6752399,0.012659907,0.49787483,0.027159423
4123,Plantago major,0.655094,0.63786215,0.61880016,0.036293864,0.64205426,-0.004192114
4124,Plantago maritima,0.92845005,0.92257255,0.91356874,0.014881313,0.96054536,-0.037972808
4125,Plantago maxima,0.93828666,0.87957454,0.8545891,0.08369756,0.3425228,0.53705174
4126,Plantago media,0.7682659,0.7984211,0.7645221,0.0037438273,0.7685511,0.029869974
4127,Plantago ovata,0.884008,0.222724,0.7923866,0.0916214,0.9761956,-0.75347155
4128,Plantago palmata,0.8132572,0.94980633,0.73620206,0.077055156,0.44372773,0.5060786
4129,Plantago patagonica,0.82065725,0.084891,0.7882989,0.03235835,0.6481753,-0.5632843
4130,Plantago salsa,0.9453737,0.983412,0.9233627,0.022011042,0.9698354,0.013576627
4131,Plantago turrifera,0.92211884,0.26007017,0.90368426,0.018434584,0.3855243,-0.12545413
4132,Plantago urvillei,0.9701748,0.88297755,0.9626071,0.0075677037,0.9728135,-0.08983594
4133,Platanthera bifolia,0.7699259,0.8237462,0.73525876,0.034667134,0.6520026,0.17174363
4134,Platanthera chlorantha,0.7638535,0.95514286,0.7506016,0.013251901,0.87686217,0.07828069
4135,Platanthera dilatata,0.90607786,0.68654025,0.9224077,-0.016329825,0.6743411,0.012199163
4136,Platanus occidentalis,0.839554,0.2223002,0.84032184,-0.00076782703,0.7661372,-0.54383695
4137,Platanus orientalis,0.95146835,0.93172383,0.9337511,0.017717242,0.96562237,-0.033898532
4138,Platycerium bifurcatum,0.9580849,0.9817961,0.95856524,-0.00048035383,0.9712146,0.010581493
4139,Platymiscium floribundum,0.88946885,0.89821285,0.8797619,0.009706974,0.8256373,0.07257557
4140,Platysace ericoides,0.9670053,0.9849204,0.9559159,0.011089385,0.99622285,-0.011302471
4141,Platysace valida,0.9465527,0.99566275,0.91523004,0.031322658,0.970052,0.025610745
4142,Pleiogynium timoriense,0.86248535,0.98607343,0.78358597,0.07889938,0.83904517,0.14702827
4143,Pleopeltis macrocarpa,0.9389611,0.97209036,0.80864847,0.13031262,0.8857806,0.08630979
4144,Pleurolobus gangeticus,0.9488826,0.95531344,0.9172511,0.03163147,0.98683226,-0.031518817
4145,Pleurospermum uralense,0.9132076,0.7747013,0.87576634,0.037441254,0.78515184,-0.010450542
4146,Pluchea baccharis,0.8673611,0.95236677,0.8544643,0.012896836,0.9465649,0.0058018565
4147,Pluchea camphorata,0.8282566,0.8412562,0.79724693,0.031009674,0.9188132,-0.07755703
4148,Poa alpigena,0.8914373,-0.3605663,0.90829456,-0.016857266,0.5840886,-0.94465494
4149,Poa angustifolia,0.4148493,-1.9775767,0.46449304,-0.049643725,-2.0056982,0.028121471
4150,Poa annua,0.6894969,0.8364299,0.6693033,0.020193577,0.8300577,0.0063722134
4151,Poa arctica,0.9833006,0.9597155,0.97069645,0.012604177,0.9568138,0.0029016733
4152,Poa autumnalis,0.84278953,0.909159,0.7839504,0.058839142,0.85199714,0.057161868
4153,Poa bulbosa,0.86831945,0.8389988,0.86486167,0.0034577847,0.8771156,-0.038116813
4154,Poa cenisia,0.9700133,0.84009796,0.96397185,0.006041467,0.98099154,-0.14089358
4155,Poa chaixii,0.9054301,0.942902,0.8871984,0.01823169,0.83152294,0.11137909
4156,Poa compressa,0.7724918,0.605451,0.7637225,0.008769333,0.87415844,-0.26870745
4157,Poa cuspidata,0.79102296,0.9023787,0.75733674,0.03368622,0.38647893,0.5158998
4158,Poa fendleriana,0.79635936,0.70426905,0.82698965,-0.03063029,0.83373135,-0.1294623
4159,Poa glauca,0.97032046,0.9302787,0.9434979,0.026822567,0.8993302,0.03094852
4160,Poa laxa,0.971308,0.9268687,0.97731745,-0.0060094595,0.9408218,-0.013953149
4161,Poa leptoclada,0.8544407,0.9008706,0.9101513,-0.055710614,0.9449098,-0.04403919
4162,Poa nemoralis,0.7576078,0.76175183,0.7376487,0.019959092,0.8256825,-0.06393069
4163,Poa pratensis,0.72525865,0.7036569,0.69558287,0.029675782,0.6988572,0.0047997236
4164,Poa secunda,0.87821996,0.86051226,0.88328713,-0.0050671697,0.90870094,-0.048188686
4165,Poa sibirica,0.9266407,0.7795098,0.9704394,-0.043798685,0.981681,-0.2021712
4166,Poa sieberiana,0.9408715,0.947708,0.93399185,0.0068796277,0.91577584,0.031932175
4167,Poa supina,0.87458646,0.9369351,0.8567262,0.017860234,0.616686,0.32024914
4168,Poa trivialis,0.7681809,0.90045565,0.7520173,0.016163588,0.904975,-0.0045193434
4169,Poa urssulensis,0.73357725,0.8448056,0.7046174,0.02895987,0.67637783,0.16842777
4170,Podocarpus lambertii,0.82140994,0.91206926,0.77860737,0.042802572,0.8979445,0.014124751
4171,Podocarpus sellowii,0.9083595,0.9175869,0.8919741,0.016385436,0.9546935,-0.037106574
4172,Podophyllum peltatum,0.7789091,0.795811,0.73156023,0.047348857,0.63316244,0.16264856
4173,Pogonarthria squarrosa,0.9051334,0.77244246,0.7954319,0.109701514,0.6779139,0.094528556
4174,Pogonospermum ciliatum,0.71453273,0.83823216,0.5758486,0.13868415,0.5758397,0.26239246
4175,Polemonium caeruleum,0.9438554,0.45423552,0.8677795,0.07607591,0.27069926,0.18353626
4176,Polemonium pulcherrimum,0.92473006,0.7393852,0.92063725,0.0040928125,0.70176953,0.037615657
4177,Pollia miranda,0.7332353,0.5207213,0.73411775,-0.00088244677,0.313467,0.20725432
4178,Polycarpaea corymbosa,0.8382346,0.6803195,0.796326,0.04190862,0.74703306,-0.06671357
4179,Polycarpaea repens,0.8487794,0.4203919,0.8333333,0.015446067,0.5878464,-0.16745451
4180,Polycarpaea spirostylis,0.86195743,0.5556418,0.8139513,0.048006117,-0.09795234,0.65359414
4181,Polycarpon tetraphyllum,0.7584624,-0.23494455,0.6892338,0.06922865,-1.3279895,1.0930449
4182,Polygala alpestris,0.869424,0.7906494,0.8193567,0.050067306,-0.39807242,1.1887219
4183,Polygala amara,0.9089719,0.9843296,0.903438,0.0055339336,0.83883744,0.14549214
4184,Polygala amarella,0.87069565,0.98469484,0.83636343,0.034332216,0.9308873,0.053807557
4185,Polygala comosa,0.8057219,0.8017226,0.7692313,0.03649056,0.6404303,0.16129231
4186,Polygala erioptera,0.7061919,-4.885033,0.6963799,0.009811997,-1.8388265,-3.0462065
4187,Polygala longifolia,0.7468478,0.56586874,0.65165085,0.09519696,0.07493694,0.4909318
4188,Polygala major,0.8539538,-0.28628403,0.7771722,0.07678157,-0.08240928,-0.20387475
4189,Polygala nicaeensis,0.89206386,0.9197183,0.9028099,-0.010746062,0.75760305,0.16211528
4190,Polygala sibirica,0.9105557,0.9388194,0.87927383,0.03128189,0.9317096,0.007109821
4191,Polygala sphenoptera,0.756459,0.3236853,0.7562517,0.00020730495,0.78010046,-0.45641518
4192,Polygala tenuifolia,0.9410742,0.9130772,0.910189,0.03088522,0.887483,0.025594175
4193,Polygala vulgaris,0.64940476,0.7437648,0.6432936,0.006111145,0.7199224,0.023842394
4194,Polygonatum biflorum,0.9434469,0.98780626,0.93128645,0.01216042,0.91546845,0.072337806
4195,Polygonatum multiflorum,0.8136092,0.77743345,0.80574393,0.00786525,0.76812124,0.0093122125
4196,Polygonatum odoratum,0.87252724,0.9134256,0.8392137,0.033313513,0.95593876,-0.042513132
4197,Polygonatum pubescens,0.8428818,0.74094534,0.8662798,-0.023397982,0.8213227,-0.08037734
4198,Polygonatum verticillatum,0.8944718,0.90515614,0.88992345,0.004548371,0.8809925,0.024163663
4199,Polygonum afromontanum,0.8500077,0.51542693,0.8980268,-0.04801911,0.91552246,-0.40009552
4200,Polygonum aviculare,0.8331014,0.916407,0.80581045,0.02729094,0.97958714,-0.06318015
4201,Polygonum paronychioides,0.754568,0.5904107,0.56,0.19456798,-1.0558774,1.6462882
4202,Polygonum patulum,0.8690803,0.7053936,0.81365085,0.05542946,0.36686,0.3385336
4203,Polygonum tenerum,0.92978024,0.9729162,0.63606846,0.29371178,-2.4807587,3.4536748
4204,Polymeria ambigua,0.89274335,0.56590724,0.7941428,0.09860057,0.14711064,0.4187966
4205,Polymeria calycina,0.80023074,0.95694596,0.7682384,0.031992316,0.94385403,0.013091922
4206,Polymeria longifolia,0.9407125,0.974249,0.89244974,0.048262775,0.938615,0.03563398
4207,Polymeria marginata,0.955909,0.91525775,0.8852512,0.07065779,0.9087758,0.0064819455
4208,Polymeria pusilla,0.61415696,0.8730224,0.53031176,0.0838452,0.75384164,0.11918074
4209,Polypodium appalachianum,0.8953515,0.9084196,0.9049629,-0.009611368,0.8618457,0.046573937
4210,Polypodium cambricum,0.9261119,0.741494,0.93921804,-0.013106167,0.9953244,-0.25383037
4211,Polypodium virginianum,0.6324618,0.8109173,0.6926097,-0.06014794,0.90179616,-0.090878844
4212,Polypodium vulgare,0.65215385,0.6855293,0.64124525,0.010908604,0.6506295,0.03489977
4213,Polypogon monspeliensis,0.9223081,0.8981304,0.9028675,0.019440591,0.9248838,-0.026753366
4214,Polypogon viridis,0.7731692,0.36613545,0.75859636,0.014572859,0.45537797,-0.08924252
4215,Polyscias elegans,0.91112727,0.7463792,0.90215343,0.008973837,0.82516944,-0.07879025
4216,Polyscias murrayi,0.12519476,-6.4007864,0.13099806,-0.005803302,-7.3630977,0.96231127
4217,Polyscias sambucifolia,0.98451054,0.95000094,0.97982794,0.0046826005,0.9944159,-0.044414937
4218,Polyspora axillaris,0.6695299,0.43166053,0.75147325,-0.08194333,0.6168715,-0.18521094
4219,Polystichum acrostichoides,0.83262116,0.7277733,0.8231994,0.009421766,0.72453713,0.0032361746
4220,Polystichum aculeatum,0.8562981,0.790603,0.8207627,0.035535395,0.79095316,-0.0003501773
4221,Polystichum fuscopaleaceum,0.60856193,-0.110689014,0.7840643,-0.17550236,0.74456906,-0.8552581
4222,Polystichum hancockii,0.7382543,0.5149056,0.8328711,-0.09461677,0.74519825,-0.23029268
4223,Polystichum lonchitis,0.9214598,0.8647417,0.90744436,0.014015436,0.82658386,0.03815782
4224,Polystichum munitum,0.93916225,0.989571,0.92664003,0.012522221,0.99619573,-0.0066247582
4225,Polystichum parvipinnulum,0.71623516,0.4654957,0.71585065,0.00038450956,0.4214938,0.044001907
4226,Polystichum setiferum,0.80657136,0.8042396,0.78546906,0.02110231,0.879159,-0.0749194
4227,Pomax umbellata,0.94168687,0.9805633,0.93061244,0.011074424,0.9690213,0.011541963
4228,Pongamia pinnata,0.9461484,0.89254576,0.87550604,0.07064235,0.7263203,0.16622543
4229,Populus alba,0.90882444,0.9467511,0.9072317,0.0015927553,0.82966393,0.117087185
4230,Populus angustifolia,0.918033,0.96886575,0.88668674,0.03134626,0.97539467,-0.006528914
4231,Populus balsamifera,0.9400075,0.9794527,0.89335,0.046657503,0.97376585,0.005686879
4232,Populus deltoides,0.941595,0.99891704,0.94488233,-0.0032873154,0.99951375,-0.0005967021
4233,Populus fremontii,0.8390538,0.9162624,0.79795724,0.041096568,0.6440657,0.2721967
4234,Populus nigra,0.8299128,0.96144015,0.8006544,0.02925837,0.82754296,0.13389719
4235,Populus tremula,0.7534559,0.6050656,0.632899,0.12055689,0.5299834,0.07508218
4236,Populus tremuloides,0.91987014,0.9232608,0.9188585,0.00101161,0.939429,-0.016168177
4237,Poranthera microphylla,0.8135923,0.9321917,0.7997219,0.013870418,0.9279635,0.0042282343
4238,Portulaca australis,0.77661365,0.10432989,0.47619224,0.30042142,-1.9469187,2.0512486
4239,Portulaca bicolor,0.4059898,0.377003,0.41846249,-0.012472689,-0.049971674,0.42697468
4240,Portulaca filifolia,0.8758425,0.7709052,0.8098076,0.06603491,0.83771527,-0.06681007
4241,Portulaca oleracea,0.72277826,0.10434039,0.61955523,0.103223026,0.35347518,-0.2491348
4242,Portulaca quadrifida,0.78894484,-5.974005,0.7777592,0.011185646,-3.2249396,-2.7490656
4243,Posoqueria latifolia,0.920673,0.8705513,0.90388584,0.016787171,0.7619694,0.1085819
4244,Potamogeton crispus,0.8107477,-0.88072115,0.8147111,-0.003963411,-1.4711877,0.59046656
4245,Potamogeton gramineus,0.65279937,-1.3223239,0.7337471,-0.08094776,-0.7614597,-0.5608642
4246,Potamogeton lucens,0.9058112,0.7534504,0.8776528,0.028158367,0.9503891,-0.1969387
4247,Potamogeton natans,0.8291404,0.7082765,0.7998159,0.029324532,0.3837517,0.32452482
4248,Potamogeton nodosus,0.8576248,-2.4582434,0.88583267,-0.028207839,-0.33739492,-2.1208484
4249,Potamogeton perfoliatus,0.84521914,0.48526904,0.799293,0.045926154,0.8693498,-0.38408074
4250,Potamogeton polygonifolius,0.9301075,0.88121235,0.9305193,-0.0004118085,0.9786158,-0.09740347
4251,Potamogeton pusillus,0.8647097,-0.27993917,0.85935473,0.005354941,0.3532018,-0.633141
4252,Potamogeton trichoides,0.9055314,0.03476377,0.89214337,0.013388038,0.94127744,-0.9065137
4253,Potentilla acaulis,0.91786575,0.9073891,0.88598615,0.031879604,0.90017927,0.0072098374
4254,Potentilla alba,0.9310648,0.79868877,0.8960581,0.035006702,0.74783486,0.050853908
4255,Potentilla argentea,0.8819318,0.7164521,0.8710463,0.010885477,0.76815283,-0.05170071
4256,Potentilla aurea,0.93713665,0.95165855,0.9425822,-0.00544554,0.9529913,-0.0013327599
4257,Potentilla brauneana,0.9387636,0.10727563,0.94530237,-0.0065387487,0.881016,-0.7737404
4258,Potentilla canadensis,0.7116974,0.51721597,0.68137234,0.030325055,0.28820917,0.2290068
4259,Potentilla caulescens,0.86656964,0.9182876,0.83728546,0.02928418,0.6741174,0.24417019
4260,Potentilla chrysantha,0.9495559,0.9781397,0.92868805,0.020867825,0.96383905,0.014300644
4261,Potentilla cinerea,0.8576851,0.92687833,0.8181663,0.039518774,0.58694845,0.33992988
4262,Potentilla clusiana,0.9659745,0.98353845,0.9698175,-0.0038430095,0.95281273,0.030725718
4263,Potentilla conferta,0.82097805,0.5244038,0.7707629,0.050215125,0.14082035,0.38358346
4264,Potentilla crantzii,0.92003405,0.9090134,0.9191842,0.000849843,0.9059367,0.0030766726
4265,Potentilla erecta,0.7863433,0.7391168,0.7908298,-0.004486501,0.779835,-0.040718198
4266,Potentilla flagellaris,0.9536224,0.81384814,0.78669024,0.16693217,0.95933783,-0.1454897
4267,Potentilla fragarioides,0.94405615,0.99506044,0.88690025,0.057155907,0.9898129,0.0052475333
4268,Potentilla heptaphylla,0.86564267,0.98643994,0.8267142,0.03892845,0.8934965,0.09294343
4269,Potentilla hippiana,0.91687167,0.27302244,0.8762112,0.04066044,0.8852451,-0.6122227
4270,Potentilla humifusa,0.92277783,0.9399213,0.91352147,0.009256363,0.9572645,-0.017343163
4271,Potentilla hyparctica,0.9742662,0.9034197,0.9425636,0.031702578,0.5622878,0.34113187
4272,Potentilla longifolia,0.9045569,0.6773464,0.83150977,0.0730471,0.75662076,-0.07927436
4273,Potentilla micrantha,0.8956496,0.98126614,0.8757012,0.019948423,0.94221556,0.03905058
4274,Potentilla multifida,0.97213936,0.9596009,0.9738444,-0.0017050505,0.9979868,-0.038385868
4275,Potentilla nivea,0.97828364,0.6382325,0.9452916,0.032992065,-1.9283941,2.5666265
4276,Potentilla pedata,0.9225254,0.08894112,0.8854179,0.037107527,0.026142763,0.06279836
4277,Potentilla pensylvanica,0.95861465,0.9800356,0.94690907,0.011705577,0.94364935,0.03638625
4278,Potentilla recta,0.7843205,0.8730445,0.8099183,-0.02559781,0.86224276,0.010801733
4279,Potentilla reptans,0.6596378,0.60399663,0.48919946,0.17043835,-0.39629284,1.0002894
4280,Potentilla sericea,0.88514614,0.89543647,0.8827257,0.0024204254,0.8921848,0.0032516718
4281,Potentilla simplex,0.6747738,0.6469104,0.7062968,-0.03152299,0.7939399,-0.14702946
4282,Potentilla sterilis,0.80299056,0.76764554,0.7721107,0.030879855,0.8449396,-0.07729405
4283,Potentilla tanacetifolia,0.95882267,0.9279849,0.86690867,0.091914,0.81536305,0.112621844
4284,Potentilla verticillaris,0.88236785,0.7444629,0.7418083,0.14055955,0.1294046,0.6150583
4285,Pothos chinensis,0.86818874,0.7815753,0.87555176,-0.0073630214,0.7876832,-0.0061078668
4286,Pourthiaea lucida,0.6435899,0.74828327,0.5421934,0.1013965,0.6271526,0.121130645
4287,Prasium majus,0.93627894,0.84143615,0.94373846,-0.0074595213,0.863618,-0.022181869
4288,Prenanthes purpurea,0.8750247,0.8163924,0.864516,0.0105086565,0.7904793,0.02591312
4289,Primula auricula,0.9375191,0.924613,0.9451691,-0.0076500177,0.95600575,-0.031392753
4290,Primula clusiana,0.9610047,0.92840195,0.9641768,-0.0031720996,0.9628328,-0.03443086
4291,Primula elatior,0.8712436,0.87700266,0.86701953,0.004224062,0.88114476,-0.0041421056
4292,Primula farinosa,0.94031644,0.9519466,0.9356142,0.0047022104,0.9508182,0.0011284351
4293,Primula glutinosa,0.9868688,0.99112326,0.9885163,-0.0016474724,0.9862438,0.0048794746
4294,Primula integrifolia,0.9834349,0.84961194,0.9867561,-0.0033211708,0.9624857,-0.11287373
4295,Primula matthioli,0.9784212,0.9998119,0.9825132,-0.004091978,0.99941516,0.00039672852
4296,Primula veris,0.81594926,0.8126508,0.82156897,-0.0056197047,0.8487768,-0.036126018
4297,Primula vulgaris,0.84761775,0.827717,0.8390596,0.008558154,0.89261436,-0.06489736
4298,Prosartes hookeri,0.8726009,0.924369,0.8874983,-0.014897406,0.8845309,0.039838076
4299,Prosartes lanuginosa,0.9117099,0.88200617,0.9173405,-0.0056306124,0.8450563,0.036949873
4300,Prosartes trachycarpa,0.91450936,0.90647286,0.8834461,0.031063259,0.791069,0.11540389
4301,Proserpinaca pectinata,0.8558734,0.9387068,0.84198946,0.013883948,0.48254156,0.45616525
4302,Prospero autumnale,0.8152684,0.758556,0.7912586,0.024009824,0.8982713,-0.13971531
4303,Protium kleinii,0.91865546,0.86117166,0.92004204,-0.0013865829,0.9038831,-0.042711437
4304,Prunella grandiflora,0.81776786,0.83077615,0.7946176,0.023150265,0.8375468,-0.0067706704
4305,Prunella hyssopifolia,0.9214398,0.680899,0.89368105,0.027758777,0.978527,-0.297628
4306,Prunella laciniata,0.8177226,0.85037047,0.8284308,-0.010708153,0.85501486,-0.004644394
4307,Prunella vulgaris,0.7714321,0.66678405,0.7483003,0.023131788,0.7561683,-0.08938426
4308,Prunus africana,0.8104629,0.70683044,0.79277915,0.017683744,0.489747,0.21708345
4309,Prunus avium,0.7276666,0.7445483,0.6813352,0.046331406,0.78535616,-0.040807843
4310,Prunus campanulata,0.5595505,-0.004294004,0.696722,-0.13717145,0.38846835,-0.39276236
4311,Prunus caroliniana,0.840364,0.750467,0.85067856,-0.010314584,0.8885608,-0.13809377
4312,Prunus emarginata,0.9389625,0.7796255,0.9577127,-0.01875019,0.7369116,0.04271388
4313,Prunus fasciculata,0.9253119,0.8130495,0.9300379,-0.0047259927,0.9830343,-0.16998482
4314,Prunus fruticosa,0.9626185,0.90108955,0.9436134,0.01900512,0.9389405,-0.037850976
4315,Prunus mahaleb,0.89896953,0.94833875,0.8734245,0.02554506,0.9594658,-0.011127055
4316,Prunus myrtifolia,0.8265218,0.71965545,0.70281315,0.123708665,0.3780511,0.34160435
4317,Prunus padus,0.83577734,0.84128153,0.69197345,0.1438039,0.87273777,-0.031456232
4318,Prunus pensylvanica,0.93725795,0.92268395,0.9162866,0.020971358,0.92626363,-0.0035796762
4319,Prunus phaeosticta,0.7236912,0.46228418,0.756264,-0.032572746,0.53524935,-0.072965175
4320,Prunus sargentii,0.69807476,0.5152921,0.67475015,0.023324609,0.41840804,0.09688407
4321,Prunus serotina,0.9002781,0.91730326,0.8816232,0.018654883,0.85749865,0.05980462
4322,Prunus spinosa,0.72946477,0.58623827,0.7429833,-0.013518512,0.6361087,-0.04987043
4323,Prunus virginiana,0.9255798,0.9687119,0.91083276,0.014747024,0.9331395,0.03557241
4324,Psammophiliella muralis,0.9062273,-2.2737963,0.8375313,0.06869596,-0.19696705,-2.0768292
4325,Psathyrostachys juncea,0.8851855,0.8866767,0.8561713,0.02901417,0.9322907,-0.045613945
4326,Psephellus sibiricus,0.92591166,0.8867061,0.9296956,-0.0037839413,0.93622094,-0.04951483
4327,Pseudalbizzia edwallii,0.84510607,0.81572324,0.7770814,0.068024695,0.608026,0.20769721
4328,Pseuderanthemum variabile,0.84134895,0.9291884,0.8179968,0.023352146,0.907854,0.02133435
4329,Pseudobombax majus,0.8783076,0.8344388,0.817623,0.06068456,0.6371376,0.19730121
4330,Pseudodictamnus acetabulosus,0.83475566,0.6799127,0.8191097,0.01564598,0.6806845,-0.00077182055
4331,Pseudognaphalium luteoalbum,0.85816777,0.9980573,0.86589116,-0.007723391,0.97508055,0.022976756
4332,Pseudognaphalium obtusifolium,0.7014262,0.29287735,0.7407982,-0.039371967,0.675715,-0.38283768
4333,Pseudolachnostylis maprouneifolia,0.63856447,0.3946692,0.45724586,0.18131861,-0.26181686,0.65648603
4334,Pseudoraphis spinescens,0.8612381,0.9202117,0.7193812,0.14185691,0.951185,-0.030973315
4335,Pseudorchis albida,0.92186743,0.8189379,0.8941918,0.027675629,0.93431294,-0.11537504
4336,Pseudoroegneria spicata,0.8646437,0.80429685,0.8479738,0.01666987,0.78348285,0.020814002
4337,Pseudotsuga menziesii,0.93706024,0.9174598,0.9218807,0.015179515,0.8805756,0.03688419
4338,Pseudoturritis turrita,0.90057254,0.93066174,0.8462047,0.05436784,0.84147966,0.08918208
4339,Psiadia punctulata,0.70981526,-2.065169,0.7244848,-0.014669538,-0.672008,-1.393161
4340,Psilostrophe cooperi,0.93083787,0.15685613,0.9330748,-0.0022369027,0.534577,-0.3777209
4341,Psorothamnus polydenius,0.96537936,0.9316605,0.9353736,0.030005753,0.89238214,0.03927833
4342,Psychotria carthagenensis,0.9195884,0.86629844,0.9353087,-0.015720308,0.9658992,-0.09960079
4343,Psychotria daphnoides,0.951947,0.98648065,0.9580782,-0.006131232,0.99699813,-0.010517478
4344,Psychotria loniceroides,0.93798804,0.36487845,0.91817284,0.019815207,0.0634936,0.30138484
4345,Psychotria nuda,0.9206923,0.90737754,0.9146627,0.006029606,0.90873903,-0.0013614893
4346,Psychotria orophila,0.87605697,0.83352065,0.69165516,0.18440181,0.11431108,0.71920955
4347,Psychotria serpens,0.8895943,0.86182076,0.8780718,0.0115225315,0.86310846,-0.0012876987
4348,Psychotria suterella,0.895627,0.82446307,0.8855901,0.010036945,0.8123367,0.012126386
4349,Pteridium aquilinum,0.79949206,0.9012079,0.7983608,0.0011312366,0.8964473,0.004760623
4350,Pteridium esculentum,0.9562856,0.96313787,0.9418324,0.014453173,0.9410493,0.022088587
4351,Pteridium latiusculum,0.9657045,0.9901726,0.96373576,0.0019687414,0.9727441,0.017428517
4352,Pteridium pseudocaudatum,0.719015,0.54080874,0.7309665,-0.011951506,0.40285113,0.1379576
4353,Pteris catoptera,0.88569003,0.92336464,0.8682685,0.017421544,0.8926696,0.030695021
4354,Pteris cretica,0.9582883,0.710118,0.94692343,0.011364877,0.8548972,-0.1447792
4355,Pteris dentata,0.90089726,0.90565354,0.837684,0.06321329,0.65806854,0.247585
4356,Pteris semipinnata,0.8860847,0.8913264,0.8801184,0.005966246,0.948128,-0.056801558
4357,Pteris setulosocostulata,0.5519347,0.37734032,0.6015456,-0.049610853,0.5805796,-0.20323926
4358,Pteris tremula,0.34038544,-1.600621,0.50623953,-0.1658541,-0.3515977,-1.2490233
4359,Pterocarpus angolensis,0.9230649,0.9180107,0.8273252,0.09573966,0.71586734,0.20214337
4360,Pterocaulon pycnostachyum,0.9440747,0.94587046,0.9189174,0.025157273,0.9330934,0.0127770305
4361,Pterocaulon redolens,0.71942,0.5781924,0.73058796,-0.0111679435,0.6620681,-0.083875716
4362,Pterocaulon serrulatum,0.8824415,0.92061555,0.74585646,0.13658506,0.9096103,0.011005282
4363,Pterocaulon sphacelatum,0.61106366,0.6956373,0.5650431,0.046020567,0.4775255,0.21811178
4364,Ptilotrichum canescens,0.8366095,0.81688476,0.8196289,0.016980588,0.6781622,0.13872254
4365,Ptilotus fusiformis,0.90856284,0.78915083,0.8514497,0.05711311,0.68069595,0.10845488
4366,Ptilotus obovatus,0.9438157,0.9880396,0.87928015,0.06453556,0.98112285,0.0069167614
4367,Ptilotus polystachyus,0.92788774,0.7455424,0.80233324,0.1255545,-0.40461338,1.1501558
4368,Ptilotus spicatus,0.9617039,0.8947835,0.9490952,0.012608707,0.65260965,0.24217385
4369,Ptychosperma elegans,0.95102066,0.9982553,0.95153093,-0.00051027536,0.9765838,0.021671534
4370,Puccinellia maritima,0.8955073,0.95496213,0.89727217,-0.0017648935,0.8832227,0.071739435
4371,Puccinellia tenuiflora,0.95720595,0.99519277,0.9210324,0.036173522,0.8146202,0.18057257
4372,Puccinellia tenuissima,0.9322773,0.9329993,0.87507206,0.05720526,0.905053,0.027946293
4373,Pueraria montana,0.7791589,0.70646966,0.77113146,0.008027434,0.45050246,0.2559672
4374,Pulicaria dysenterica,0.85697997,0.94894725,0.866053,-0.009073019,0.91637295,0.032574296
4375,Pulicaria odora,0.9265232,0.89189243,0.9318595,-0.0053362846,0.88102055,0.010871887
4376,Pulicaria undulata,0.8110307,0.5391651,0.8127039,-0.0016732216,0.73116237,-0.19199729
4377,Pullenia gunnii,0.9142406,0.8156703,0.8788755,0.035365105,0.8534131,-0.037742794
4378,Pulmonaria affinis,0.9198508,0.9725037,0.9133635,0.00648731,0.99493194,-0.022428215
4379,Pulmonaria angustifolia,0.7610525,0.40698448,0.7075871,0.053465366,0.87411135,-0.46712688
4380,Pulmonaria longifolia,0.92183995,0.973655,0.91962796,0.002211988,0.9580288,0.015626192
4381,Pulmonaria mollis,0.95934695,0.943601,0.9079314,0.051415563,0.96702456,-0.023423553
4382,Pulmonaria obscura,0.90598965,0.9783839,0.90381706,0.0021725893,0.9730106,0.005373299
4383,Pulmonaria officinalis,0.8050513,0.8188266,0.80198276,0.0030685663,0.7320759,0.086750686
4384,Pulsatilla alpina,0.9130569,0.88885254,0.90915823,0.0038986802,0.83780676,0.051045775
4385,Pulsatilla halleri,0.96694785,0.98161286,0.96990806,-0.002960205,0.9813015,0.00031137466
4386,Pulsatilla occidentalis,0.9664719,0.9966666,0.94928163,0.017190278,0.8552436,0.14142299
4387,Pulsatilla patens,0.94665617,0.9545673,0.9335914,0.013064742,0.96340823,-0.008840919
4388,Pulsatilla turczaninovii,0.94348174,0.8988497,0.8939656,0.04951614,0.8670806,0.031769097
4389,Pulsatilla vernalis,0.95731115,0.93560773,0.96478593,-0.00747478,0.9186386,0.016969144
4390,Pultenaea cinerascens,0.9679223,0.9778741,0.9610057,0.0069165826,0.96603936,0.011834741
4391,Pultenaea dentata,0.76572704,-1.0320987,0.68021476,0.08551228,-0.10454007,-0.9275586
4392,Pultenaea villosa,0.96651214,0.99695677,0.9680788,-0.0015666485,0.9969731,-1.6331673e-05
4393,Pupalia lappacea,0.66567504,-1.5696963,0.63806355,0.027611494,-0.39429542,-1.1754009
4394,Purshia stansburyana,0.8476629,0.9474664,0.81623554,0.031427383,0.9372503,0.010216057
4395,Purshia tridentata,0.9076038,0.97311443,0.89530385,0.012299955,0.966882,0.0062324405
4396,Pycnanthemum montanum,0.8855801,0.949397,0.91933835,-0.033758223,0.94471973,0.0046772957
4397,Pycnospora lutescens,0.91151893,0.77956325,0.8903127,0.02120626,0.55035573,0.22920752
4398,Pyracantha coccinea,0.82469094,-2.2378905,0.85861,-0.033919036,-1.195336,-1.0425545
4399,Pyrola asarifolia,0.914393,0.654911,0.920743,-0.006349981,0.8996623,-0.24475133
4400,Pyrola chlorantha,0.9181528,0.76545304,0.88489914,0.03325367,0.66937554,0.0960775
4401,Pyrola grandiflora,0.80072826,0.5503863,0.73125947,0.069468796,0.5032129,0.04717338
4402,Pyrola japonica,0.93834335,0.93014574,0.9328524,0.0054909587,0.85438406,0.075761676
4403,Pyrola minor,0.88611996,0.87957525,0.8187675,0.067352474,0.78334117,0.09623408
4404,Pyrola picta,0.96529454,0.97911865,0.9654577,-0.00016313791,0.9986954,-0.019576728
4405,Pyrola rotundifolia,0.8861059,0.6299229,0.7940881,0.09201777,0.6532642,-0.023341298
4406,Pyrrosia confluens,0.7472106,0.89146096,0.69917965,0.048030972,0.87726897,0.014191985
4407,Pyrrosia lingua,0.694412,0.41901675,0.7222604,-0.027848423,0.47751227,-0.05849552
4408,Pyrrosia rupestris,0.96410656,0.9803496,0.95830345,0.005803108,0.9980618,-0.017712176
4409,Pyrrosia sheareri,0.8289836,0.77014107,0.8509792,-0.021995604,0.68737507,0.082766
4410,Pyrularia pubera,0.88574445,0.73798394,0.89608306,-0.010338604,0.87755543,-0.13957149
4411,Pyrus communis,0.65228325,0.71814495,0.6890797,-0.03679645,0.7513217,-0.03317672
4412,Quercus alba,0.80412173,0.6521001,0.8164258,-0.012304068,0.6753974,-0.02329731
4413,Quercus arizonica,0.9744747,0.9802822,0.9772519,-0.0027771592,0.99584067,-0.015558481
4414,Quercus chapmanii,0.9609809,0.9714703,0.95798606,0.0029948354,0.95355946,0.017910838
4415,Quercus coccifera,0.9234329,0.8859855,0.9146747,0.008758187,0.86632544,0.019660056
4416,Quercus coccinea,0.8333228,0.7349913,0.8142997,0.01902312,0.6332436,0.10174769
4417,Quercus emoryi,0.9588631,0.9705746,0.9506178,0.008245289,0.9086409,0.061933696
4418,Quercus falcata,0.7673286,0.65151536,0.75729233,0.01003629,0.61618465,0.035330713
4419,Quercus frainetto,0.8562069,0.95800567,0.8387745,0.017432392,0.9300326,0.027973056
4420,Quercus gambelii,0.9331315,0.9270468,0.9231465,0.00998503,0.9249166,0.0021301508
4421,Quercus geminata,0.9434578,0.9521251,0.93050086,0.012956917,0.9297691,0.022355974
4422,Quercus glauca,0.68386453,0.69477737,0.72480214,-0.040937603,0.7491682,-0.054390848
4423,Quercus grisea,0.9371959,0.96773076,0.9365446,0.00065129995,0.9322256,0.035505176
4424,Quercus hemisphaerica,0.83757603,0.79370546,0.8666631,-0.029087067,0.8854019,-0.09169644
4425,Quercus ilex,0.9263165,0.932196,0.92781574,-0.0014992356,0.9508804,-0.018684387
4426,Quercus incana,0.9066408,0.9057048,0.9057674,0.00087344646,0.9008883,0.0048164725
4427,Quercus laevis,0.92007846,0.9139143,0.9000504,0.020028055,0.8785844,0.035329938
4428,Quercus laurifolia,0.8947221,0.9127764,0.88018435,0.014537752,0.8934982,0.019278228
4429,Quercus longinux,0.675635,0.4154384,0.7209832,-0.045348227,0.52021396,-0.10477555
4430,Quercus lyrata,0.92504245,0.95473325,0.90485865,0.020183802,0.9246675,0.030065775
4431,Quercus margaretta,0.9148239,0.95357054,0.8880506,0.026773274,0.92675453,0.02681601
4432,Quercus marilandica,0.8189344,0.8375172,0.7930179,0.025916457,0.78813004,0.049387157
4433,Quercus minima,0.9628031,0.97196573,0.95635676,0.0064463615,0.971657,0.00030875206
4434,Quercus mongolica,0.97683144,0.96310276,0.9632676,0.013563812,0.98080385,-0.01770109
4435,Quercus montana,0.86983943,0.7862683,0.89194155,-0.022102118,0.8478801,-0.06161183
4436,Quercus morii,0.87276757,0.82122093,0.915464,-0.042696416,0.94505256,-0.12383163
4437,Quercus myrtifolia,0.946791,0.9820703,0.9266279,0.020163119,0.9522817,0.029788613
4438,Quercus nigra,0.7833839,0.63491243,0.77289456,0.010489345,0.61172724,0.023185194
4439,Quercus pagoda,0.8982225,0.91713166,0.87728214,0.020940363,0.8617348,0.055396855
4440,Quercus petraea,0.8196964,0.83867556,0.80749816,0.012198269,0.83900756,-0.00033199787
4441,Quercus phellos,0.88561106,0.917413,0.8564631,0.029147983,0.87232137,0.04509163
4442,Quercus pubescens,0.88809484,0.87734807,0.883567,0.004527867,0.8607271,0.016620994
4443,Quercus robur,0.82510763,0.9294112,0.82060754,0.004500091,0.93215007,-0.002738893
4444,Quercus rotundifolia,0.9420404,0.5972434,0.95004433,-0.00800395,0.2871456,0.3100978
4445,Quercus rubra,0.82756126,0.6772446,0.8270641,0.00049716234,0.6862858,-0.00904119
4446,Quercus serrata,0.94884086,0.9127713,0.9519584,-0.0031175613,0.9493514,-0.036580086
4447,Quercus sessilifolia,0.8133166,0.75426877,0.8301112,-0.016794622,0.8502812,-0.09601241
4448,Quercus stellata,0.7708991,0.7304105,0.7399345,0.030964613,0.56939185,0.16101867
4449,Quercus stenophylloides,0.7984839,0.73214674,0.82565534,-0.027171433,0.74423486,-0.01208812
4450,Quercus suber,0.9026644,0.8926252,0.9034324,-0.00076800585,0.7908347,0.10179049
4451,Quercus turbinella,0.96745336,0.95691496,0.9675102,-5.686283e-05,0.9855189,-0.028603911
4452,Quercus variabilis,0.9297786,0.9399921,0.91696876,0.012809813,0.9127724,0.027219653
4453,Quercus velutina,0.76143724,0.613974,0.7537452,0.007692039,0.590465,0.023508966
4454,Quercus virginiana,0.9013813,0.9088122,0.881875,0.019506335,0.9161927,-0.0073804855
4455,Rabelera holostea,0.7998628,0.76773065,0.75172526,0.048137546,0.7869646,-0.019233942
4456,Ranunculus abortivus,0.93898267,0.43793273,0.95151925,-0.012536585,0.8784774,-0.44054466
4457,Ranunculus aconitifolius,0.8907053,0.84571546,0.8919586,-0.0012533069,0.88888735,-0.043171883
4458,Ranunculus acris,0.69939864,0.5540103,0.6674411,0.031957507,0.5875225,-0.033512235
4459,Ranunculus aduncus,0.96661425,0.9991016,0.9636595,0.0029547215,0.9840822,0.015019357
4460,Ranunculus alpestris,0.96698195,0.9908394,0.96652186,0.00046008825,0.9853287,0.0055107474
4461,Ranunculus aquatilis,0.75702065,-4.1059237,0.7706461,-0.013625443,-12.256649,8.150725
4462,Ranunculus bulbosus,0.73745286,0.74662197,0.7273996,0.010053277,0.78236306,-0.03574109
4463,Ranunculus carinthiacus,0.94466263,0.9939024,0.9407313,0.0039313436,0.9470764,0.046826005
4464,Ranunculus circinatus,0.9254578,0.9740561,0.9155655,0.009892285,0.907868,0.0661881
4465,Ranunculus ficaria,0.63962567,0.6633319,0.67086494,-0.031239271,0.82857203,-0.16524011
4466,Ranunculus flammula,0.88464403,0.9512655,0.87910926,0.005534768,0.9560811,-0.0048155785
4467,Ranunculus glacialis,0.9804128,0.96322423,0.9816757,-0.0012629032,0.9712817,-0.008057475
4468,Ranunculus hybridus,0.95789707,0.94486517,0.95250356,0.005393505,0.97025996,-0.025394797
4469,Ranunculus lanuginosus,0.78245926,0.7713977,0.78634834,-0.0038890839,0.7716437,-0.00024598837
4470,Ranunculus lappaceus,0.9456686,0.96191955,0.9268031,0.018865466,0.9545693,0.007350266
4471,Ranunculus lingua,0.88404346,0.97804224,0.89102995,-0.006986499,0.9719357,0.0061065555
4472,Ranunculus monophyllus,0.89821315,0.99620646,0.90274805,-0.0045349,0.9857422,0.010464251
4473,Ranunculus montanus,0.8641122,0.9007031,0.8825375,-0.018425286,0.8736372,0.027065873
4474,Ranunculus neapolitanus,0.72395635,-0.89950466,0.7179791,0.005977273,-0.42743623,-0.47206843
4475,Ranunculus paludosus,0.85778236,0.6511447,0.86850786,-0.010725498,0.6712143,-0.0200696
4476,Ranunculus penicillatus,0.9637157,0.928876,0.91087425,0.052841425,0.76117015,0.16770583
4477,Ranunculus platanifolius,0.90797275,0.9056056,0.90644926,0.0015234947,0.8912895,0.014316142
4478,Ranunculus polyanthemos,0.8809277,0.7536569,0.8623224,0.018605292,0.7225533,0.031103611
4479,Ranunculus pseudomontanus,0.9766946,0.96770304,0.9782152,-0.0015206337,0.978432,-0.010728955
4480,Ranunculus pyrenaeus,0.95033586,0.9766652,0.9497279,0.0006079674,0.9802331,-0.0035678744
4481,Ranunculus recurvatus,0.7563694,-0.19420645,0.7170737,0.039295733,0.36757776,-0.5617842
4482,Ranunculus repens,0.7561905,0.82301635,0.73442876,0.021761715,0.8310121,-0.007995784
4483,Ranunculus sardous,0.8218023,0.91034526,0.8101196,0.011682689,0.84015286,0.0701924
4484,Ranunculus sceleratus,0.94973326,0.9992117,0.9435837,0.0061495304,0.9726493,0.026562452
4485,Ranunculus sessiliflorus,0.91727173,0.6364871,0.90052176,0.016749978,0.8435059,-0.2070188
4486,Ranunculus uncinatus,0.9105407,0.74532145,0.87860566,0.031935036,-2.1469057,2.8922272
4487,Reaumuria songarica,0.8900205,0.80982643,0.759807,0.1302135,0.4455728,0.36425364
4488,Reichardia picroides,0.89541006,0.9374806,0.8933469,0.0020631552,0.9364564,0.0010242462
4489,Reseda lutea,0.8992166,0.7986383,0.85955304,0.039663553,0.45209587,0.34654242
4490,Retama raetam,0.5563941,-2.5552957,0.42154858,0.13484553,0.37880114,-2.9340968
4491,Rhamnus alaternus,0.88552755,0.8880458,0.90400344,-0.01847589,0.8798139,0.008231878
4492,Rhamnus prinoides,0.81934136,0.7489077,0.79954195,0.019799411,0.55357933,0.19532835
4493,Rhamnus saxatilis,0.8610217,-0.6211802,0.8317863,0.029235423,0.27857196,-0.89975214
4494,Rhaponticum coniferum,0.931001,0.8899593,0.91970897,0.01129204,0.8394968,0.050462484
4495,Rhaponticum uniflorum,0.9098487,0.8156664,0.8257685,0.08408022,0.79467386,0.020992517
4496,Rhazya stricta,0.65777403,0.21250162,0.67881054,-0.021036506,0.38282236,-0.17032075
4497,Rhexia alifanus,0.91313136,0.9007781,0.90657604,0.006555319,0.87691736,0.023860753
4498,Rhexia mariana,0.85470724,0.8912523,0.85567474,-0.0009675026,0.66074526,0.23050702
4499,Rhexia nashii,0.9020503,0.7370789,0.8819153,0.020135045,0.7747346,-0.03765571
4500,Rhexia petiolata,0.8592494,0.731804,0.86300576,-0.0037563443,0.6738819,0.057922125
4501,Rhinanthus alectorolophus,0.822248,0.9789508,0.82312715,-0.0008791685,0.9294498,0.049501
4502,Rhinanthus glacialis,0.89945847,0.97211057,0.87948465,0.019973814,0.88290507,0.0892055
4503,Rhinanthus minor,0.7090105,0.8215897,0.6989864,0.010024071,0.8486807,-0.027090967
4504,Rhinanthus rumelicus,0.92255425,0.9702156,0.8902478,0.032306433,0.8147338,0.15548182
4505,Rhodanthe floribunda,0.80188525,0.8395464,0.7977501,0.004135132,0.9532871,-0.11374074
4506,Rhodiola rhodantha,0.97442335,0.9992293,0.9693344,0.0050889254,0.98550946,0.013719857
4507,Rhodiola rosea,0.9478109,0.89569855,0.9495673,-0.0017564297,0.905398,-0.009699464
4508,Rhododendron albiflorum,0.92786306,0.93340313,0.9224782,0.0053848624,0.92350495,0.009898186
4509,Rhododendron atlanticum,0.90154433,0.8896366,0.87877536,0.022768974,0.8281914,0.061445177
4510,Rhododendron calendulaceum,0.8852196,0.8587723,0.89764655,-0.012426972,0.8612179,-0.0024456382
4511,Rhododendron canescens,0.8574278,0.83588713,0.83891696,0.018510818,0.9177483,-0.08186114
4512,Rhododendron catawbiense,0.94503546,0.98421794,0.947104,-0.0020685196,0.9575773,0.026640654
4513,Rhododendron ferrugineum,0.93225455,0.91356605,0.93450004,-0.0022454858,0.91877043,-0.0052043796
4514,Rhododendron formosanum,0.7298464,0.67169076,0.83237606,-0.102529645,0.80244315,-0.13075238
4515,Rhododendron hirsutum,0.9527508,0.94313705,0.952443,0.0003077984,0.9202161,0.022920966
4516,Rhododendron lapponicum,0.9496235,0.87757444,0.91326714,0.03635639,0.7768195,0.10075492
4517,Rhododendron maximum,0.9196503,0.87391806,0.92427826,-0.004627943,0.89832604,-0.024407983
4518,Rhododendron menziesii,0.90886277,0.86803067,0.9106968,-0.0018340349,0.87558717,-0.007556498
4519,Rhododendron mucronulatum,0.8108572,0.68062824,0.7288571,0.08200008,0.52442074,0.1562075
4520,Rhododendron neoglandulosum,0.97917473,0.9384442,0.9797183,-0.00054359436,0.9852147,-0.046770513
4521,Rhododendron periclymenoides,0.8841298,0.9589831,0.8715787,0.012551129,0.7591135,0.19986963
4522,Rhododendron pseudochrysanthum,0.8639163,0.8106724,0.8924466,-0.0285303,0.9525039,-0.14183152
4523,Rhododendron rubropilosum,0.90650666,0.91483134,0.9067769,-0.00027024746,0.9089268,0.0059045553
4524,Rhododendron schlippenbachii,0.8625,0.72060883,0.83993053,0.022569478,0.6978774,0.022731423
4525,Rhododendron tomentosum,0.95188236,0.87620914,0.8963006,0.05558175,0.8304447,0.045764446
4526,Rhododendron viscosum,0.7894761,0.79147524,0.72452575,0.06495035,0.9134009,-0.12192565
4527,Rhodothamnus chamaecistus,0.9294901,0.86289465,0.93542266,-0.0059325695,0.8683801,-0.005485475
4528,Rhus copallinum,0.55738145,-0.046935473,0.43199253,0.12538892,-0.41774404,0.37080857
4529,Rhynchosia minima,0.7644445,0.60457957,0.74343604,0.021008432,0.50219935,0.102380216
4530,Rhynchosia reniformis,0.93128586,0.9372306,0.9184215,0.012864351,0.93263847,0.0045921206
4531,Rhynchospora alba,0.90923727,0.9740585,0.883098,0.02613926,0.9799895,-0.00593102
4532,Rhynchospora fascicularis,0.91868895,0.9556318,0.90071726,0.017971694,0.9515634,0.0040683746
4533,Rhynchospora filifolia,0.89378583,0.6276641,0.8452296,0.04855621,0.37623867,0.25142542
4534,Rhynchospora fusca,0.94569135,0.9418329,0.9392154,0.0064759254,0.9996638,-0.05783087
4535,Rhynchospora grayi,0.9318389,0.9208828,0.9207369,0.011102021,0.86693996,0.05394286
4536,Rhynchospora heterochaeta,0.83016586,0.5454192,0.8030892,0.027076662,0.6516063,-0.106187105
4537,Rhynchospora inundata,0.7578601,0.08449107,0.760582,-0.002721846,0.18502855,-0.10053749
4538,Rhynchospora macrochaeta,0.5492857,0.12321002,0.602619,-0.053333282,0.40788284,-0.28467283
4539,Rhynchospora megalocarpa,0.92864925,0.9809478,0.915414,0.013235271,0.9019276,0.0790202
4540,Rhynchospora plumosa,0.8737634,0.8578932,0.85519713,0.01856625,0.65821123,0.199682
4541,Rhynchospora pterochaeta,0.84306955,0.9221264,0.75102204,0.09204751,0.6732241,0.24890232
4542,Ribes alpinum,0.87434906,0.95715594,0.82799804,0.046351016,0.95158106,0.005574882
4543,Ribes cereum,0.8201742,0.8143032,0.8495292,-0.02935499,0.0045726034,0.8097306
4544,Ribes cynosbati,0.872244,0.8919962,0.8384989,0.03374511,0.8261114,0.06588483
4545,Ribes inerme,0.9203434,0.9466895,0.90455055,0.015792847,0.90964943,0.037040055
4546,Ribes lacustre,0.9272943,0.89163256,0.9262246,0.0010697246,0.91584647,-0.02421391
4547,Ribes montigenum,0.8586837,0.9330349,0.87096614,-0.012282431,0.9923233,-0.059288383
4548,Ribes nigrum,0.8674768,0.9057312,0.7706372,0.09683961,0.94574124,-0.040010035
4549,Ribes petraeum,0.91752577,0.87423515,0.91197205,0.0055537224,0.91304433,-0.03880918
4550,Ribes rubrum,0.85122937,0.9462813,0.8356535,0.015575886,0.9624086,-0.016127288
4551,Ribes spicatum,0.86320174,-2.0031497,0.67527425,0.18792748,-2.5097451,0.5065954
4552,Ribes uva-crispa,0.83595157,0.9547334,0.8424549,-0.0065033436,0.92645395,0.028279424
4553,Ripogonum fawcettianum,0.9937798,0.99700946,0.99377537,4.4107437e-06,0.9618254,0.035184085
4554,Ritchiea albersii,0.8001541,0.5357436,0.849711,-0.04955691,0.69325954,-0.15751594
4555,Robinia neomexicana,0.9669925,0.99811167,0.9661062,0.00088632107,0.9145062,0.08360547
4556,Robinia pseudoacacia,0.8578506,0.79224426,0.8065592,0.051291406,0.63023514,0.16200912
4557,Roepera apiculata,0.9177872,0.8909631,0.84975886,0.06802833,0.9463246,-0.05536151
4558,Rorippa amphibia,0.92995095,0.98817855,0.9199529,0.0099980235,0.98526084,0.002917707
4559,Rorippa eustylis,0.5716142,-0.2853903,0.5636858,0.007928431,-2.6672935,2.3819032
4560,Rorippa laciniata,0.9871483,0.9983792,0.9805656,0.0065826774,0.82446706,0.17391211
4561,Rorippa palustris,0.86301243,0.45153588,0.741076,0.12193644,0.99638873,-0.54485285
4562,Rorippa sylvestris,0.82975817,0.91895014,0.83527935,-0.0055211782,0.93251854,-0.013568401
4563,Rosa acicularis,0.9288101,0.96733826,0.81575197,0.11305815,0.8212432,0.14609504
4564,Rosa agrestis,0.8962457,0.6417809,0.89710283,-0.0008571148,0.45154357,0.19023734
4565,Rosa arvensis,0.80602354,0.85305023,0.7896089,0.016414642,0.8653919,-0.012341678
4566,Rosa canina,0.6913309,0.6051763,0.70326245,-0.011931539,0.6794427,-0.074266374
4567,Rosa carolina,0.85380983,0.73092955,0.8281261,0.02568376,0.8646421,-0.13371253
4568,Rosa davurica,0.95433974,0.96440864,0.6733804,0.28095937,0.8446975,0.11971116
4569,Rosa gymnocarpa,0.8405445,0.86527157,0.8084569,0.032087624,0.82720166,0.038069904
4570,Rosa micrantha,0.8930343,-0.6092393,0.89659566,-0.0035613775,0.5101613,-1.1194005
4571,Rosa palustris,0.82950735,0.9314633,0.81403285,0.015474498,0.9667471,-0.035283804
4572,Rosa pendulina,0.864835,0.8846936,0.8486791,0.016155899,0.80499464,0.07969898
4573,Rosa rubiginosa,0.8501909,0.86284643,0.8978179,-0.04762703,0.966536,-0.10368955
4574,Rosa sempervirens,0.85472083,0.634846,0.8670159,-0.012295067,0.7654832,-0.13063723
4575,Rosa woodsii,0.84411526,0.8406304,0.80842596,0.035689294,0.71959364,0.12103677
4576,Rostellularia adscendens,0.6907581,0.49404883,0.67183167,0.018926442,0.35260746,0.14144138
4577,Rostraria cristata,0.8347234,0.6075078,0.8334514,0.0012720227,0.41538227,0.19212556
4578,Rottboellia rottboellioides,0.8180755,0.73897964,0.81519866,0.0028768182,0.66186064,0.07711899
4579,Roupala montana,0.8124902,0.70089364,0.78803325,0.024456978,0.6229059,0.07798773
4580,Rubia cordifolia,0.88317996,0.80553716,0.79284644,0.09033352,0.91668314,-0.11114597
4581,Rubia peregrina,0.85452193,0.8264138,0.8752301,-0.020708144,0.8034189,0.022994936
4582,Rubia tatarica,0.9714316,0.8060003,0.897209,0.074222624,0.94235426,-0.13635397
4583,Rubus allegheniensis,0.8937613,0.8757195,0.8828424,0.010918856,0.8571616,0.018557906
4584,Rubus arcticus,0.93951154,0.52747774,0.86496,0.07455152,0.28262222,0.24485552
4585,Rubus argutus,0.5995249,0.4560539,0.57048,0.029044926,0.15134607,0.30470783
4586,Rubus caesius,0.75062084,0.91551,0.76566744,-0.0150465965,0.94208527,-0.026575267
4587,Rubus chamaemorus,0.9179526,0.77118194,0.90396243,0.013990164,0.7728315,-0.0016495585
4588,Rubus crataegifolius,0.8984385,0.885045,0.88494116,0.013497353,0.749979,0.13506597
4589,Rubus cuneifolius,0.9130435,0.89727783,0.90166074,0.011382759,0.9499946,-0.05271679
4590,Rubus formosensis,0.6007115,0.28893018,0.6030378,-0.00232625,0.1828263,0.10610388
4591,Rubus fruticosus,0.5309253,-4.874373,0.559757,-0.02883172,-4.2039638,-0.6704092
4592,Rubus humulifolius,0.9677402,0.86864775,0.93641895,0.031321228,0.83374745,0.034900308
4593,Rubus idaeus,0.8327663,0.8067115,0.793865,0.03890127,0.7956514,0.011060119
4594,Rubus kawakamii,0.76356465,0.8339219,0.7843169,-0.020752251,0.56703955,0.26688236
4595,Rubus keniensis,0.61785245,-0.0669875,0.5678946,0.04995787,-1.0562092,0.9892217
4596,Rubus parviflorus,0.9592499,0.98024535,0.96302205,-0.0037721395,0.9706989,0.009546459
4597,Rubus parvifolius,0.9121064,0.9423571,0.9077782,0.0043281913,0.97185344,-0.029496312
4598,Rubus pectinellus,0.71700245,0.36482912,0.7374589,-0.020456433,0.52026516,-0.15543604
4599,Rubus pubescens,0.99012506,0.99020463,0.9925958,-0.0024707317,0.9971721,-0.006967485
4600,Rubus saxatilis,0.8547793,0.63576424,0.80068445,0.05409485,0.45225736,0.18350688
4601,Rubus steudneri,0.66138995,0.0823841,0.75039095,-0.089001,0.27193397,-0.18954986
4602,Rubus swinhoei,0.65879184,0.5813528,0.7036982,-0.044906378,0.6613054,-0.07995266
4603,Rubus trivialis,0.72990346,0.57091445,0.73406297,-0.00415951,0.6571846,-0.08627015
4604,Rubus volkensii,0.78908455,0.3230442,0.6282525,0.16083205,-1.7721051,2.0951493
4605,Rudbeckia laciniata,0.8807744,0.70223665,0.8724513,0.008323073,0.7447068,-0.042470157
4606,Rudgea jasminoides,0.91905653,0.89091086,0.87424535,0.04481119,0.7724367,0.118474185
4607,Rudgea recurva,0.85515463,0.83387226,0.8377148,0.017439842,0.7647151,0.06915718
4608,Ruellia caroliniensis,0.7219246,0.595491,0.7235327,-0.0016080737,0.52405095,0.07144004
4609,Ruellia patula,0.7709818,-0.87752527,0.8212763,-0.05029452,-0.37209484,-0.50543046
4610,Rumex acetosa,0.73239326,0.6941765,0.71154785,0.020845413,0.71150637,-0.017329872
4611,Rumex acetosella,0.68338203,0.83936125,0.6550194,0.028362632,0.8412973,-0.0019360781
4612,Rumex alpinus,0.9024941,0.81280625,0.90581864,-0.0033245683,0.92497915,-0.1121729
4613,Rumex aquaticus,0.73067665,-16.528883,0.42409253,0.30658412,-38.954178,22.425295
4614,Rumex bucephalophorus,0.9356303,0.99142915,0.92895913,0.0066711903,0.9424669,0.048962235
4615,Rumex confertus,0.8935886,0.93374807,0.89359987,-1.1265278e-05,0.92366916,0.010078907
4616,Rumex conglomeratus,0.81806386,0.801718,0.8128018,0.005262077,0.79408115,0.007636845
4617,Rumex crispus,0.7662264,0.886091,0.76591563,0.00031077862,0.89476943,-0.008678436
4618,Rumex hydrolapathum,0.90466934,0.9742832,0.90028995,0.0043793917,0.9498629,0.024420321
4619,Rumex maritimus,0.9118958,-0.6020747,0.9020134,0.0098823905,0.85566777,-1.4577425
4620,Rumex obtusifolius,0.7625935,0.71198004,0.7507092,0.011884332,0.8133386,-0.10135853
4621,Rumex pseudonatronatus,0.9093704,0.6487337,0.8607134,0.048657,0.5303549,0.11837876
4622,Rumex pulcher,0.83561856,-10.255227,0.80236536,0.033253193,-1.4087695,-8.8464575
4623,Rumex sanguineus,0.7611129,0.7428124,0.7625557,-0.00144279,0.8914879,-0.1486755
4624,Rumex scutatus,0.89991367,0.91813004,0.87506294,0.024850726,0.93743813,-0.01930809
4625,Rumex spinosus,0.95374024,0.91535205,0.92652917,0.02721107,0.7437035,0.17164856
4626,Rumex tenax,0.8916918,0.8130397,0.89740026,-0.005708456,0.80708927,0.005950451
4627,Rumex thyrsiflorus,0.8697358,0.88036174,0.81834185,0.051393926,0.94126624,-0.060904503
4628,Rumex vesicarius,0.76719326,-0.06953113,0.630129,0.13706428,0.38810787,-0.45763898
4629,Ruppia maritima,0.37762988,0.6330243,0.58230656,-0.20467669,0.9225666,-0.28954232
4630,Ruprechtia laxiflora,0.76866513,0.4297388,0.63618654,0.1324786,0.30158612,0.12815267
4631,Ruschia viridifolia,0.56069714,-0.032435764,0.65625,-0.09555286,0.30752948,-0.33996525
4632,Ruscus aculeatus,0.8450004,0.832491,0.8648216,-0.019821227,0.86268115,-0.03019017
4633,Ruta angustifolia,0.89867747,0.8722621,0.91080856,-0.012131095,0.3411605,0.5311016
4634,Rytidosperma bipartitum,0.92050517,0.97559804,0.9148185,0.0056866407,0.97725075,-0.0016527176
4635,Rytidosperma fulvum,0.8284197,0.812958,0.81142545,0.016994238,0.79600686,0.016951144
4636,Rytidosperma longifolium,0.95664,0.97914135,0.9451793,0.0114607215,0.82844216,0.1506992
4637,Rytidosperma monticola,0.85166454,0.917308,0.8274143,0.024250269,0.82775295,0.089555025
4638,Rytidosperma pallidum,0.97811186,0.99842626,0.97433704,0.0037748218,0.9989482,-0.0005219579
4639,Rytidosperma setaceum,0.94519955,0.8996875,0.9420547,0.0031448603,0.926822,-0.027134478
4640,Sabal minor,0.86237407,0.816314,0.8461971,0.016176939,0.82962674,-0.013312757
4641,Sabal palmetto,0.96376574,0.9554021,0.9672418,-0.0034760833,0.9483915,0.007010579
4642,Sabulina rubella,0.9738648,-0.058901522,0.94759417,0.026270628,-0.049418017,-0.009483505
4643,Sabulina verna,0.91348374,0.9825435,0.9065078,0.006975949,0.9653348,0.017208755
4644,Sacciolepis indica,0.89738846,0.7203268,0.86275816,0.0346303,-0.8774116,1.5977384
4645,Sageretia thea,0.7002263,-1.0037899,0.7682073,-0.067981005,-0.45705536,-0.5467346
4646,Sagina apetala,0.7229159,-1.4996939,0.7933168,-0.07040089,0.54566574,-2.0453596
4647,Sagina nodosa,0.88589877,0.8829875,0.836257,0.049641788,0.43843257,0.44455492
4648,Sagina procumbens,0.8306871,0.65211254,0.8319639,-0.0012767911,0.990207,-0.33809447
4649,Sagina saginoides,0.90990067,0.9667497,0.919933,-0.010032356,0.9674437,-0.0006939769
4650,Sagittaria sagittifolia,0.9144667,0.9472447,0.9122452,0.002221465,0.9816119,-0.034367204
4651,Salicornia europaea,0.9413458,0.99270695,0.92863727,0.012708545,0.93103963,0.061667323
4652,Salicornia fruticosa,0.9629727,0.9552852,0.9646411,-0.0016683936,0.96134925,-0.0060640574
4653,Salix alaxensis,0.92612135,0.9216779,0.8317942,0.09432715,0.70236456,0.21931332
4654,Salix alpina,0.94787776,0.97197586,0.95405984,-0.0061820745,0.9870353,-0.0150594115
4655,Salix appendiculata,0.89166546,0.69489926,0.85829544,0.033370018,0.66220355,0.03269571
4656,Salix arctica,0.92666304,0.41299227,0.92430496,0.002358079,0.7351529,-0.32216063
4657,Salix arctophila,0.8383541,0.6917128,0.76304346,0.07531065,0.8253191,-0.13360631
4658,Salix atrocinerea,0.86676943,0.8640532,0.85603094,0.010738492,0.84033924,0.023713946
4659,Salix bebbiana,0.878412,-0.08073525,0.870734,0.007678032,-0.038446613,-0.04228864
4660,Salix brachycarpa,0.966916,0.94400054,0.94873834,0.018177688,0.8113272,0.13267332
4661,Salix caprea,0.67023796,0.5618731,0.6545541,0.01568383,0.5457137,0.016159356
4662,Salix cinerea,0.82640314,0.9442246,0.8077743,0.018628836,0.9275121,0.016712487
4663,Salix drummondiana,0.88768464,0.82483745,0.874719,0.01296562,0.8933175,-0.068480074
4664,Salix exigua,0.80632496,0.926819,0.8079437,-0.001618743,0.9531142,-0.026295185
4665,Salix geyeriana,0.92130655,0.7416654,0.90156865,0.0197379,0.52326286,0.21840256
4666,Salix glabra,0.91502273,0.80202806,0.8882271,0.026795626,0.7223736,0.079654455
4667,Salix glauca,0.9288161,0.8310768,0.9200141,0.008801997,0.84861386,-0.017537057
4668,Salix gooddingii,0.87804866,0.5859862,0.88090456,-0.002855897,0.5643737,0.021612525
4669,Salix hastata,0.92538,0.86494046,0.9272949,-0.0019149184,0.77170676,0.093233705
4670,Salix herbacea,0.943138,0.9388178,0.9429639,0.00017410517,0.9498322,-0.011014402
4671,Salix lanata,0.7701902,0.78887457,0.78593,-0.015739799,0.8931358,-0.10426122
4672,Salix lapponum,0.94094235,0.93646145,0.93978274,0.0011596084,0.9538746,-0.01741314
4673,Salix ligulifolia,0.8728604,-0.41227925,0.80117595,0.07168442,-2.384594,1.9723147
4674,Salix monticola,0.93106055,0.8761307,0.9110221,0.020038426,0.60319215,0.27293855
4675,Salix myrsinifolia,0.76281786,0.32917014,0.6851197,0.07769817,-1.2205603,1.5497304
4676,Salix myrsinites,0.8619881,0.75371313,0.87150353,-0.009515405,0.8700953,-0.11638218
4677,Salix nigra,0.7879059,0.28160557,0.77400774,0.013898134,0.12254974,0.15905583
4678,Salix phylicifolia,0.9586451,0.72139055,0.95468974,0.003955364,0.63302547,0.08836508
4679,Salix planifolia,0.98039263,0.9961673,0.98004186,0.00035077333,0.9974985,-0.0013312101
4680,Salix polaris,0.9572909,0.9716014,0.89420205,0.063088834,0.9244338,0.0471676
4681,Salix pulchra,0.8386693,0.77575177,0.80435914,0.034310162,0.7197224,0.05602938
4682,Salix purpurea,0.7372359,0.7746486,0.72646505,0.010770857,0.68542767,0.08922094
4683,Salix repens,0.86905134,0.96405894,0.86278516,0.0062661767,0.93817055,0.025888383
4684,Salix reticulata,0.9578693,0.9507771,0.9526378,0.0052314997,0.96129596,-0.010518849
4685,Salix retusa,0.95211965,0.9714158,0.95397246,-0.0018528104,0.94059736,0.030818462
4686,Salix rosmarinifolia,0.9014695,0.91018516,0.8872898,0.014179707,0.86360484,0.046580315
4687,Salix rotundifolia,0.96578175,0.9692527,0.93079644,0.034985304,0.76616496,0.20308775
4688,Salix serpillifolia,0.95644045,0.97809476,0.96179557,-0.0053551197,0.9681123,0.009982467
4689,Salix triandra,0.7848697,0.8872508,0.8046757,-0.019806027,0.9087668,-0.021516025
4690,Salix viminalis,0.7117601,-6.824776,0.6490235,0.06273663,-4.145838,-2.6789384
4691,Salix waldsteiniana,0.8959521,0.62077725,0.8874803,0.008471787,0.6306334,-0.009856164
4692,Salix wolfii,0.96317154,0.9827004,0.9498195,0.0133520365,0.8848784,0.09782201
4693,Salsola australis,0.7838242,0.9232562,0.7005651,0.083259106,0.62074643,0.30250978
4694,Salsola collina,0.78556776,0.104392976,0.77049565,0.015072107,0.5788503,-0.47445735
4695,Salsola paulsenii,0.7797309,0.16150042,0.8571283,-0.077397406,0.02141648,0.14008394
4696,Salsola tragus,0.87166786,0.73866653,0.8632642,0.008403659,0.73426086,0.0044056773
4697,Salvia aegyptiaca,0.50827414,-0.3552621,0.49055398,0.017720163,-0.13528518,-0.21997692
4698,Salvia glutinosa,0.91708416,0.9042434,0.9167872,0.00029695034,0.87330604,0.030937374
4699,Salvia nemorosa,0.96811604,0.9887818,0.9501077,0.018008351,0.9880474,0.0007343888
4700,Salvia officinalis,0.85617167,0.45281512,0.8908646,-0.034692943,0.7913154,-0.33850026
4701,Salvia pratensis,0.8711174,0.90435076,0.877563,-0.0064455867,0.8783368,0.02601397
4702,Salvia rosmarinus,0.9360639,0.80718356,0.9127106,0.023353279,0.72524744,0.08193612
4703,Salvia verbenaca,0.80129004,0.6465239,0.7506013,0.050688744,0.6730358,-0.026511908
4704,Salvia verticillata,0.93193203,0.9938967,0.90605384,0.025878191,0.98569983,0.00819689
4705,Sambucus africana,0.8058823,0.6760987,0.74725056,0.05863172,0.58481777,0.09128094
4706,Sambucus canadensis,0.90018046,0.904589,0.91388714,-0.013706684,0.9620064,-0.057417393
4707,Sambucus ebulus,0.83594453,0.75022584,0.83849835,-0.0025538206,0.9616869,-0.21146107
4708,Sambucus nigra,0.70525646,0.71668357,0.6735955,0.031660974,0.74674463,-0.030061066
4709,Sambucus racemosa,0.86526424,0.7912256,0.87190145,-0.0066372156,0.89449555,-0.103269935
4710,Sambucus sibirica,0.9404682,0.84489477,0.6946859,0.24578232,0.016529365,0.8283654
4711,Samolus valerandi,0.89307886,0.26204294,0.891714,0.0013648868,0.5564082,-0.2943653
4712,Sanguinaria canadensis,0.7741109,0.78375965,0.782769,-0.008658111,0.81078243,-0.027022779
4713,Sanguisorba minor,0.7894914,0.891829,0.7728482,0.016643226,0.8136426,0.07818639
4714,Sanguisorba officinalis,0.8812371,0.8734563,0.7997432,0.081493914,0.80835366,0.06510264
4715,Sanicula canadensis,0.757738,0.7789669,0.7552575,0.002480507,0.74280506,0.03616184
4716,Sanicula elata,0.7866251,0.6066676,0.73747766,0.049147427,0.4227607,0.18390688
4717,Sanicula epipactis,0.92577547,0.7493484,0.9207893,0.004986167,0.82057554,-0.07122713
4718,Sanicula europaea,0.7675637,0.6357016,0.7635666,0.0039970875,0.6796889,-0.043987274
4719,Santalum acuminatum,0.98884195,0.99975157,0.96667093,0.02217102,0.89446855,0.10528302
4720,Sapium glandulosum,0.7867186,0.6499233,0.7101705,0.0765481,0.29547796,0.35444537
4721,Saponaria ocymoides,0.9039383,0.90152633,0.87534493,0.028593361,0.3623383,0.539188
4722,Saponaria officinalis,0.78923595,-0.2191992,0.7747073,0.014528632,-0.244078,0.0248788
4723,Saposhnikovia divaricata,0.8882247,0.7470682,0.780866,0.107358694,0.56495863,0.1821096
4724,Sarcandra glabra,0.83640087,0.7342699,0.82040095,0.015999913,0.7367999,-0.0025299788
4725,Sarcobatus baileyi,0.92666626,0.8835369,0.89535266,0.0313136,0.88523364,-0.0016967654
4726,Sarcobatus vermiculatus,0.9249958,0.93603545,0.913859,0.01113677,0.90554917,0.030486286
4727,Sarcopoterium spinosum,0.94858277,0.77859235,0.9569363,-0.008353531,0.94954383,-0.17095149
4728,Sarcopyramis bodinieri,0.6121772,0.32319218,0.6844454,-0.07226819,0.44212297,-0.11893079
4729,Sarga leioclada,0.9852629,0.99953234,0.98111707,0.004145801,0.89713246,0.102399886
4730,Sassafras albidum,0.7343352,0.5834892,0.7256302,0.00870496,0.529286,0.054203153
4731,Satureja montana,0.9237594,0.9183928,0.928762,-0.005002618,0.93753904,-0.019146264
4732,Satureja thymbra,0.82771236,0.34846902,0.856013,-0.028300643,0.6987071,-0.35023808
4733,Saururus cernuus,0.85780275,0.87433964,0.8512471,0.0065556765,0.86067295,0.013666689
4734,Saussurea alpina,0.9597689,0.9399254,0.957263,0.0025058985,0.98191905,-0.041993678
4735,Saussurea amara,0.9067351,0.9602017,0.86000407,0.046731055,0.5142295,0.4459722
4736,Saussurea angustifolia,0.71294403,0.40092155,0.6967213,0.016222715,0.4114337,-0.010512143
4737,Saussurea pricei,0.8986465,0.9786522,0.8863358,0.012310684,0.95025957,0.028392613
4738,Saussurea salicifolia,0.9292152,0.89283985,0.86449975,0.064715445,0.88123715,0.0116027
4739,Saussurea salsa,0.903728,0.82740176,0.85559195,0.048136055,0.5513183,0.27608347
4740,Saxifraga aizoides,0.9140258,0.94261265,0.920817,-0.006791234,0.9522901,-0.00967747
4741,Saxifraga androsacea,0.9688709,0.93570906,0.97049075,-0.0016198754,0.9693856,-0.033676565
4742,Saxifraga bronchialis,0.9045807,0.83721584,0.81404775,0.09053296,0.9729482,-0.13573235
4743,Saxifraga bryoides,0.9743483,0.974922,0.9785165,-0.0041682124,0.9857241,-0.01080209
4744,Saxifraga cernua,0.98548055,0.9988666,0.96384746,0.021633089,0.99124384,0.0076227784
4745,Saxifraga crustata,0.95941406,0.91246927,0.96314394,-0.0037298799,0.97582877,-0.0633595
4746,Saxifraga cuneifolia,0.9510007,0.96919125,0.93522424,0.015776455,0.9634614,0.005729854
4747,Saxifraga exarata,0.9804016,0.80471736,0.9826825,-0.0022809505,0.920986,-0.116268635
4748,Saxifraga granulata,0.89644855,0.7176887,0.8666409,0.029807627,0.37165764,0.34603104
4749,Saxifraga hirculus,0.9774049,0.98813033,0.93797725,0.039427638,0.9880555,7.480383e-05
4750,Saxifraga hirsuta,0.9511238,0.8647126,0.94657236,0.0045514107,0.92809916,-0.06338656
4751,Saxifraga hypnoides,0.94391716,0.7083225,0.954514,-0.010596871,0.5602383,0.14808422
4752,Saxifraga moschata,0.962789,0.97205895,0.96987873,-0.007089734,0.97918284,-0.0071238875
4753,Saxifraga oppositifolia,0.94683003,0.94378906,0.940665,0.0061650276,0.9648687,-0.02107966
4754,Saxifraga paniculata,0.91036004,0.9342326,0.92222065,-0.011860609,0.91963506,0.014597535
4755,Saxifraga rotundifolia,0.9069774,0.88944566,0.89432317,0.012654245,0.834339,0.05510664
4756,Saxifraga squarrosa,0.97661513,0.95515007,0.98613,-0.009514868,0.9950749,-0.03992486
4757,Saxifraga tricuspidata,0.69034475,0.3824071,0.53208196,0.15826279,0.24820955,0.13419755
4758,Saxifraga tridactylites,0.7949081,0.95938283,0.8336221,-0.03871399,0.9225951,0.03678775
4759,Scabiosa atropurpurea,0.8251914,0.8746118,0.8364489,-0.011257529,0.10363119,0.7709806
4760,Scabiosa columbaria,0.80848163,0.9435271,0.79941404,0.009067595,0.9437238,-0.00019669533
4761,Scabiosa lucida,0.9055815,0.90875816,0.8953497,0.010231793,0.91485286,-0.006094694
4762,Scabiosa ochroleuca,0.89990544,0.94074804,0.85024303,0.04966241,0.94471776,-0.003969729
4763,Scabiosa triandra,0.88146615,0.7905416,0.89033675,-0.008870602,0.58080393,0.20973766
4764,Scabiosa triniifolia,0.83144546,0.92288846,0.81437135,0.017074108,0.91767323,0.0052152276
4765,Scaevola spinescens,0.3225115,0.8446973,0.2983872,0.024124295,0.78615105,0.058546245
4766,Scaligeria napiformis,0.9386554,0.8438995,0.9338112,0.0048441887,0.9573109,-0.11341143
4767,Schelhammera multiflora,0.9707462,0.98644024,0.9660601,0.004686117,0.9691101,0.01733017
4768,Scheuchzeria palustris,0.93544555,0.9910641,0.92111874,0.014326811,0.9905848,0.00047928095
4769,Schima superba,0.73295385,0.36498556,0.7947628,-0.061808944,0.758345,-0.39335945
4770,Schinziophyton rautanenii,0.85719764,0.7759828,0.77703285,0.08016479,0.5504581,0.22552472
4771,Schisandra arisanensis,0.6560087,0.82453316,0.64400345,0.0120052695,0.34268692,0.48184624
4772,Schismus barbatus,0.9190559,0.5742911,0.85856986,0.06048602,0.7685899,-0.1942988
4773,Schizachne purpurascens,0.90754265,0.9993141,0.9343398,-0.026797175,0.9798278,0.019486308
4774,Schizachyrium exile,0.89138657,0.91582906,0.8416529,0.04973364,0.92188126,-0.006052196
4775,Schizachyrium pachyarthron,0.8725106,0.7894372,0.83091843,0.04159218,0.3435119,0.44592527
4776,Schizachyrium pseudeulalia,0.77824426,0.8377399,0.6874622,0.09078205,0.42465475,0.41308513
4777,Schizachyrium scoparium,0.8240926,0.8929831,0.734202,0.0898906,0.8636187,0.029364407
4778,Schizaea bifida,0.9576129,0.81870085,0.9632687,-0.005655825,0.87295675,-0.054255903
4779,Schizomeria ovata,0.9909732,0.99719375,0.98878074,0.0021924376,0.95711553,0.040078223
4780,Schmidtia kalahariensis,0.9649944,0.9854901,0.90476197,0.0602324,0.98408973,0.0014003515
4781,Schmidtia pappophoroides,0.9701112,0.95463234,0.90469563,0.06541556,0.6161213,0.33851105
4782,Schoenefeldia gracilis,0.87942356,0.7568164,0.890641,-0.011217415,0.87598896,-0.11917257
4783,Schoenoplectus lacustris,0.8252307,0.8756037,0.7954413,0.029789388,0.93746185,-0.061858177
4784,Schoenoplectus pungens,0.8964401,0.88629055,0.86209416,0.034345925,0.9672974,-0.081006825
4785,Schoenoplectus tabernaemontani,0.8359344,0.96194565,0.758803,0.07713139,0.58500725,0.3769384
4786,Schoenus apogon,0.92221785,0.9259411,0.90407604,0.018141806,0.97121334,-0.04527223
4787,Schoenus ericetorum,0.9761638,0.8726947,0.9717547,0.004409075,0.4092187,0.46347597
4788,Schoenus ferrugineus,0.7021724,0.822549,0.4810137,0.22115871,-10.742955,11.565504
4789,Schoenus kennyi,0.9382038,-1.324969,0.89767295,0.04053086,-2.3611698,1.0362008
4790,Schoenus lepidosperma,0.6254571,0.577253,0.73570585,-0.110248744,0.24868482,0.32856816
4791,Schoenus nigricans,0.42063865,-0.9830544,0.6951751,-0.27453646,0.93035614,-1.9134105
4792,Schoenus sparteus,0.91909564,0.9309311,0.8900995,0.02899611,0.84465986,0.08627123
4793,Scilla bifolia,0.90226215,0.9510075,0.8900218,0.01224035,0.69857806,0.25242943
4794,Scilla lilio-hyacinthus,0.9412056,0.91138655,0.9328692,0.008336425,0.99612445,-0.0847379
4795,Scilla verna,0.93460256,0.7717377,0.9267767,0.007825851,0.92071617,-0.14897847
4796,Scirpoides holoschoenus,0.90484595,0.8950917,0.8848642,0.019981742,0.9022804,-0.007188678
4797,Scirpus sylvaticus,0.80575633,0.6992369,0.7938637,0.011892617,0.7630365,-0.06379956
4798,Scleranthus annuus,0.6913904,-1.9968239,0.71707237,-0.025681973,0.22726797,-2.2240918
4799,Scleranthus perennis,0.8629104,0.87723875,0.82635987,0.03655052,0.6927005,0.18453825
4800,Scleria brownii,0.75346595,0.6731703,0.7090917,0.044374228,0.59047455,0.08269578
4801,Scleria ciliata,0.9133837,0.7875996,0.90964895,0.0037347674,0.9452889,-0.15768927
4802,Scleria mackaviensis,0.8172388,0.9001585,0.7867573,0.030481517,0.89632523,0.003833294
4803,Scleria muehlenbergii,0.8868401,0.83882916,0.8505041,0.036336005,0.9497107,-0.11088157
4804,Scleria novae-hollandiae,0.9004914,0.99715894,0.8526693,0.047822118,0.8825661,0.11459285
4805,Scleria oligantha,0.8070227,0.6110217,0.7546426,0.052380085,0.7512106,-0.14018887
4806,Scleria pauciflora,0.8105406,0.7800278,0.7197275,0.0908131,0.68031716,0.09971064
4807,Scleria rugosa,0.8531796,0.9831642,0.79483247,0.058347106,0.5191817,0.46398246
4808,Scleria sphacelata,0.8532185,0.8696545,0.79700536,0.05621314,0.8108152,0.05883926
4809,Scleria tricuspidata,0.7834206,0.74141,0.75459826,0.028822362,0.8489514,-0.10754138
4810,Scleria triglomerata,0.7497056,0.91667944,0.7566565,-0.006950915,0.9778118,-0.06113237
4811,Sclerolaena bicornis,0.8822841,0.7554336,0.86999726,0.012286842,0.7428755,0.012558103
4812,Sclerolaena birchii,0.9256935,0.9389682,0.9013079,0.024385631,0.9125099,0.026458263
4813,Sclerolaena calcarata,0.92737174,0.5035088,0.9248295,0.0025422573,0.87337995,-0.36987114
4814,Sclerolaena convexula,0.9305215,0.7337965,0.892354,0.038167477,0.99077064,-0.25697416
4815,Sclerolaena diacantha,0.860163,-0.0053626066,0.82091343,0.03924954,-0.67300653,0.6676439
4816,Sclerolaena divaricata,0.93467295,0.96664304,0.9055511,0.029121876,0.90570617,0.06093687
4817,Sclerolaena glabra,0.39732298,0.7888135,0.46097535,-0.06365237,0.82863206,-0.039818585
4818,Sclerolaena lanicuspis,0.9317328,0.917856,0.89528376,0.036449015,0.95542973,-0.037573755
4819,Sclerolaena muricata,0.9429594,0.9964104,0.9266171,0.016342342,0.963573,0.03283745
4820,Sclerolaena obliquicuspis,0.9549161,0.76999027,0.9281041,0.026812017,0.5342511,0.23573917
4821,Sclerolaena parviflora,0.9859461,0.86325246,0.9768039,0.00914222,0.999408,-0.13615555
4822,Sclerolaena stelligera,0.9438738,0.952696,0.9418132,0.0020606518,0.91805637,0.034639657
4823,Sclerolaena tricuspis,0.93892735,0.97963244,0.9232974,0.015629947,0.93873656,0.04089588
4824,Scleromitrion galioides,0.75138354,0.84470147,0.6368913,0.11449224,0.3271462,0.51755524
4825,Scleropogon brevifolius,0.9521549,0.95478624,0.93536645,0.016788423,0.9920544,-0.03726816
4826,Scolymus hispanicus,0.89460987,0.7175469,0.88220054,0.012409329,0.45251283,0.26503405
4827,Scorpiurus muricatus,0.8610932,0.7235241,0.8548031,0.006290138,0.97492844,-0.25140435
4828,Scorzonera cana,0.93094593,0.37008947,0.9270479,0.0038980246,0.88251144,-0.51242197
4829,Scorzonera parviflora,0.96989566,0.9796651,0.9487795,0.021116138,0.5535019,0.4261632
4830,Scorzonera purpurea,0.95007926,0.87306553,0.91079855,0.039280713,-0.16945422,1.0425198
4831,Scorzonera radiata,0.90362525,0.9848985,0.8947406,0.008884668,0.86608374,0.11881477
4832,Scorzoneroides autumnalis,0.71680665,0.6681237,0.71072984,0.0060768127,0.7602761,-0.09215236
4833,Scorzoneroides helvetica,0.9647313,0.97481245,0.96735615,-0.0026248693,0.9893512,-0.014538765
4834,Scorzoneroides pyrenaica,0.94456995,0.9613634,0.9256881,0.018881857,0.9422354,0.019127965
4835,Scrophularia alpestris,0.94731784,0.9795261,0.9406028,0.0067150593,0.99846905,-0.018942952
4836,Scrophularia auriculata,0.8543146,0.4645778,0.81058574,0.043728888,0.52780205,-0.063224256
4837,Scrophularia canina,0.79256636,0.8534854,0.7771425,0.015423834,0.93418986,-0.08070445
4838,Scrophularia nodosa,0.73397875,0.5409972,0.72164357,0.012335181,0.6048473,-0.063850105
4839,Scrophularia scopolii,0.28500068,-12.4574,0.3656107,-0.08061001,-7.399942,-5.0574584
4840,Scutellaria alpina,0.9747255,0.8865383,0.9730847,0.0016407967,0.9621073,-0.075568974
4841,Scutellaria baicalensis,0.920073,0.83375794,0.80881935,0.11125362,0.47752148,0.35623646
4842,Scutellaria columnae,0.92996705,0.9583397,0.935369,-0.005401969,0.97533166,-0.016991973
4843,Scutellaria elliptica,0.79351723,-0.11374168,0.7677754,0.025741816,0.62107205,-0.73481375
4844,Scutellaria galericulata,0.8672755,0.9238255,0.8267844,0.040491104,0.8854836,0.03834188
4845,Scutellaria humilis,0.97223186,0.83771276,0.97544605,-0.0032141805,0.9992188,-0.16150606
4846,Scutellaria mexicana,0.949273,0.9504564,0.95544106,-0.0061680675,0.9709405,-0.02048409
4847,Scutellaria minor,0.9119041,0.75494933,0.933454,-0.02154988,0.8300407,-0.07509136
4848,Scutellaria scordiifolia,0.90546197,0.90884036,0.8177599,0.087702096,0.48468012,0.42416024
4849,Scutia myrtina,0.7919066,0.5266796,0.8246224,-0.032715797,0.7517804,-0.22510082
4850,Searsia tenuinervis,0.9566545,0.9717439,0.88619244,0.07046205,0.99440354,-0.02265966
4851,Secamone elliptica,0.9088577,0.9574546,0.8604716,0.048386097,0.8589746,0.098480046
4852,Secamone punctulata,0.7544227,0.6470771,0.6770834,0.07733935,-0.8504091,1.4974861
4853,Sedum acre,0.80429095,0.9036422,0.81892735,-0.014636397,0.93058634,-0.02694416
4854,Sedum album,0.8088546,0.9373365,0.7855712,0.023283362,0.88340914,0.053927362
4855,Sedum alpestre,0.9669361,0.8363195,0.972412,-0.0054758787,0.9622942,-0.12597471
4856,Sedum anglicum,0.9015519,0.74181426,0.8979495,0.0036023855,0.93932176,-0.1975075
4857,Sedum atratum,0.94478935,0.88883066,0.9522099,-0.00742054,0.88119435,0.0076363087
4858,Sedum dasyphyllum,0.8327979,-0.2108931,0.8362336,-0.003435731,0.70037663,-0.9112697
4859,Sedum lanceolatum,0.9327008,0.8623599,0.8938014,0.03889942,0.9134965,-0.051136613
4860,Sedum rubens,0.624319,-6.527885,0.34333396,0.28098506,-15.039336,8.511452
4861,Sedum sexangulare,0.8097207,0.95237195,0.8155545,-0.0058338046,0.9170789,0.035293043
4862,Sedum stenopetalum,0.6430524,0.7205518,0.6066641,0.036388278,0.2572945,0.46325728
4863,Seguieria langsdorffii,0.8834709,0.9268818,0.81278646,0.07068443,0.68741673,0.23946506
4864,Selaginella delicatula,0.81781924,0.730356,0.8314544,-0.013635159,0.77337635,-0.043020368
4865,Selaginella densa,0.9255647,0.97540283,0.9250703,0.0004944205,0.8381991,0.13720375
4866,Selaginella denticulata,0.9468263,0.85277236,0.95109224,-0.004265964,0.955456,-0.10268366
4867,Selaginella doederleinii,0.79513,0.7206852,0.7968528,-0.0017228127,0.6861521,0.034533083
4868,Selaginella involvens,0.6984902,0.3876069,0.7536065,-0.055116296,0.53849065,-0.15088376
4869,Selaginella kraussiana,0.8668951,0.80608785,0.87873214,-0.011837065,0.86032945,-0.054241598
4870,Selaginella moellendorffii,0.61753434,0.3391252,0.64006543,-0.022531092,0.2580936,0.08103159
4871,Selaginella selaginoides,0.92766285,0.89773977,0.9282574,-0.00059455633,0.92476034,-0.027020574
4872,Selago thomsonii,0.70877194,0.51162094,0.8908772,-0.18210524,0.9324328,-0.42081183
4873,Selinum carvifolia,0.9053144,0.66671276,0.8934825,0.01183188,0.79465526,-0.1279425
4874,Selliguea lehmannii,0.7623042,0.7573961,0.7972895,-0.034985304,0.76625484,-0.00885874
4875,Sempervivum arachnoideum,0.95830214,0.9299725,0.9682795,-0.009977341,0.9458084,-0.015835881
4876,Sempervivum globiferum,0.9645623,0.98868346,0.95936096,0.0052013397,0.9935622,-0.0048787594
4877,Sempervivum montanum,0.92414516,0.8418405,0.93875283,-0.014607668,0.94268113,-0.10084063
4878,Sempervivum tectorum,0.9127777,0.9539362,0.9047689,0.008008838,0.90706044,0.046875775
4879,Senecio cacaliaster,0.9810422,0.91792625,0.9648896,0.01615262,0.95697254,-0.039046288
4880,Senecio chionogeton,0.79634297,0.91511524,0.72173184,0.07461113,0.65780115,0.2573141
4881,Senecio doronicum,0.9510178,0.98002625,0.9527076,-0.0016897917,0.9443486,0.03567767
4882,Senecio flaccidus,0.7905097,-5.594652,0.70096236,0.089547336,-4.60056,-0.994092
4883,Senecio formosus,0.71247905,0.59800464,0.58072007,0.13175899,0.08831107,0.50969356
4884,Senecio glaucus,0.7415443,-0.42666775,0.710888,0.030656278,0.43287104,-0.8595388
4885,Senecio glossanthus,0.96437275,0.9632024,0.9512079,0.013164878,0.8268082,0.1363942
4886,Senecio hercynicus,0.9527608,0.9941467,0.95809394,-0.0053331256,0.7694628,0.22468388
4887,Senecio integerrimus,0.8021091,-1.3140243,0.7215508,0.0805583,-3.30054,1.9865156
4888,Senecio lugens,0.96796364,0.9596436,0.94023067,0.027732968,0.90148115,0.05816245
4889,Senecio nemorensis,0.78645456,0.818098,0.7984858,-0.012031257,0.45316592,0.3649321
4890,Senecio pinnatifolius,0.86154616,0.94903433,0.78445417,0.07709199,0.9452474,0.0037869215
4891,Senecio prenanthoides,0.9467727,0.7807218,0.94151396,0.005258739,0.993946,-0.21322423
4892,Senecio quadridentatus,0.9096175,0.9118664,0.90927804,0.00033944845,0.9355828,-0.02371639
4893,Senecio schweinfurthii,0.83893347,0.60448134,0.91569275,-0.07675928,0.84654814,-0.2420668
4894,Senecio serra,0.88192916,0.6870001,0.85287243,0.029056728,0.31137702,0.37562308
4895,Senecio sylvaticus,0.83459616,0.85698766,0.86269504,-0.028098881,0.98315847,-0.12617081
4896,Senecio syringifolius,0.72620344,0.4729294,0.6865828,0.039620638,0.28227007,0.19065931
4897,Senecio triangularis,0.95627487,0.9501391,0.9559552,0.0003196597,0.9577627,-0.007623613
4898,Senecio vulgaris,0.77196527,0.9388616,0.7920803,-0.020115018,0.8330057,0.10585588
4899,Senega pulchella,0.84612614,0.8898247,0.6267567,0.21936941,0.44471163,0.44511306
4900,Senegalia ataxacantha,0.6704317,-0.78171295,0.6036213,0.06681037,-1.7620003,0.9802874
4901,Senegalia brevispica,0.91595745,0.95099396,0.9218676,-0.005910158,0.9390626,0.01193136
4902,Senegalia greggii,0.9249394,0.86006755,0.93175095,-0.006811559,0.8109227,0.049144864
4903,Senegalia mellifera,0.6819451,-1.965275,0.70993173,-0.027986646,-0.7806629,-1.1846122
4904,Senna artemisioides,0.7853696,0.89479244,0.69606173,0.089307845,0.749648,0.14514446
4905,Senna barclayana,0.851192,0.3446404,0.8281173,0.023074687,0.8668449,-0.5222045
4906,Senna holosericea,0.9409367,0.8939846,0.84896994,0.09196675,0.6347199,0.2592647
4907,Senna italica,0.90368783,0.8695008,0.78920054,0.11448729,-0.120347895,0.98984873
4908,Senna notabilis,0.66181207,0.8941688,0.5351691,0.12664294,0.90006167,-0.005892873
4909,Senna planitiicola,0.92448956,0.6609241,0.7881387,0.13635087,0.59033847,0.07058561
4910,Serapias lingua,0.8890376,0.9026439,0.86858886,0.020448744,0.83467966,0.067964256
4911,Serenoa repens,0.9275782,0.87992954,0.9273326,0.00024563074,0.8996424,-0.019712865
4912,Sericocarpus asteroides,0.7520841,0.4768369,0.7106555,0.041428566,0.7224071,-0.24557021
4913,Sericocarpus linifolius,0.7784931,0.5555497,0.7753308,0.0031623244,0.69264597,-0.13709629
4914,Sericocarpus tortifolius,0.89546514,0.80723137,0.8999053,-0.0044401884,0.8683332,-0.061101854
4915,Seringia collina,0.52812016,-0.20391382,0.4799245,0.04819566,-0.24189535,0.037981525
4916,Serratula coronata,0.5417977,-1.3053526,0.5246001,0.017197609,-1.4997767,0.19442415
4917,Serratula tinctoria,0.74289274,0.76176274,0.7247875,0.018105268,0.7929795,-0.03121674
4918,Sersalisia sericea,0.8616029,0.74598455,0.8301717,0.031431198,0.43452594,0.31145862
4919,Sesamum sesamoides,0.79968536,0.72233766,0.75941074,0.04027462,0.81997544,-0.09763777
4920,Sesbania cannabina,0.85866666,0.8216929,0.8086924,0.049974263,0.835617,-0.013924122
4921,Seseli cantabricum,0.77685004,0.5651902,0.7179391,0.058910966,0.57926226,-0.014072061
4922,Seseli ledebourii,0.91238517,0.87880176,0.88978386,0.022601306,0.9427491,-0.06394732
4923,Seseli montanum,0.8954118,0.94098145,0.8903828,0.005028963,0.97128683,-0.030305386
4924,Seseli osseum,0.9083545,0.9714351,0.90749097,0.0008635521,0.93906504,0.03237009
4925,Sesleria albicans,0.83930814,0.84777004,0.8143784,0.024929762,0.749804,0.097966015
4926,Sesleria argentea,0.9569288,0.9973842,0.937096,0.01983279,0.99597734,0.0014068484
4927,Sesleria autumnalis,0.88281655,0.85858357,0.85032696,0.032489598,0.85815704,0.00042653084
4928,Sesleria caerulea,0.7814234,0.5621644,0.69940525,0.08201814,0.22432108,0.33784336
4929,Sesleria comosa,0.968034,0.9789829,0.9609759,0.0070581436,0.9785487,0.00043421984
4930,Sesleria tatrae,0.9634446,0.9921454,0.9742333,-0.010788739,0.99406,-0.0019145608
4931,Sesleriella sphaerocephala,0.98531723,0.9942644,0.982404,0.0029132366,0.9975335,-0.0032690763
4932,Setaria brigalow,0.9071172,0.7760172,0.8606878,0.046429396,0.82734746,-0.05133027
4933,Setaria brownii,0.8150821,0.8418132,0.7881269,0.026955187,0.84790707,-0.0060938597
4934,Setaria constricta,0.8334352,0.81003565,0.79473495,0.038700223,0.7236687,0.08636695
4935,Setaria criniformis,0.8700132,-0.9298066,0.84368765,0.026325524,-1.0092272,0.07942057
4936,Setaria distans,0.70590216,0.500355,0.6400869,0.06581527,0.41298753,0.087367475
4937,Setaria gausa,0.94212306,0.96683013,0.9152877,0.026835382,0.94584846,0.02098167
4938,Setaria jubiflora,0.7220286,-1.3376136,0.6640892,0.05793941,-3.7634747,2.4258611
4939,Setaria palmifolia,0.9536471,0.8802917,0.95804363,-0.004396558,0.7830803,0.09721142
4940,Setaria parviflora,0.9336565,0.46415907,0.9216458,0.012010694,0.8737996,-0.40964055
4941,Setaria pumila,0.84181833,0.63675183,0.71163833,0.13018,0.5098115,0.12694031
4942,Setaria rara,0.8875817,0.8553851,0.8274834,0.06009829,0.79837626,0.057008862
4943,Setaria verticillata,0.8837754,-1.078022,0.8064082,0.07736719,-0.7064539,-0.37156808
4944,Setaria viridis,0.84761584,0.51625943,0.7287559,0.11885995,0.38980997,0.12644947
4945,Seymeria cassioides,0.86983794,0.7627309,0.8603441,0.009493828,0.7602813,0.002449572
4946,Shepherdia canadensis,0.94971555,0.95723414,0.9361161,0.013599455,0.94770443,0.00952971
4947,Sherardia arvensis,0.8619152,0.9094887,0.8687928,-0.006877601,0.9619241,-0.052435398
4948,Sibbaldia procumbens,0.9617176,0.9600758,0.9644116,-0.0026940107,0.97689193,-0.01681614
4949,Sibbaldianthe adpressa,0.8231162,0.8869785,0.7372041,0.08591211,0.13309538,0.7538831
4950,Sibbaldianthe bifurca,0.86498016,0.6913902,0.86885846,-0.0038782954,0.84350586,-0.15211564
4951,Sibthorpia europaea,0.8836372,0.6541881,0.90321314,-0.019575953,0.71908635,-0.06489825
4952,Sibthorpia repens,0.59318185,0.3663224,0.6454545,-0.052272677,0.49664706,-0.13032466
4953,Sida alba,0.8920213,0.9856406,0.90751326,-0.015491962,0.91582644,0.069814146
4954,Sida atherophora,0.94875133,0.8946052,0.92468154,0.024069786,0.90078175,-0.0061765313
4955,Sida cordifolia,0.84240216,0.76202404,0.7996571,0.042745054,0.8209822,-0.058958173
4956,Sida corrugata,0.5844308,-29.879076,0.55973107,0.024699748,-29.708862,-0.1702137
4957,Sida cunninghamii,0.941342,0.89982176,0.92439026,0.01695174,0.9084981,-0.00867635
4958,Sida fibulifera,0.84622,0.85092497,0.77992,0.066300035,0.67500156,0.1759234
4959,Sida hackettiana,0.8240044,0.53853196,0.8148169,0.00918752,0.2265962,0.31193575
4960,Sida intricata,0.97618824,0.9992667,0.9762734,-8.517504e-05,0.97853136,0.020735323
4961,Sida ovata,0.47974223,-1.5529064,0.38396186,0.09578037,-2.4947522,0.9418458
4962,Sida rohlenae,0.8550979,0.7217462,0.8102769,0.044820964,0.7291766,-0.0074303746
4963,Sida trichopoda,0.84353656,0.88192576,0.8185041,0.02503246,0.8680465,0.01387924
4964,Sideritis montana,0.9532744,0.92488277,0.90699214,0.04628229,0.98302853,-0.05814576
4965,Sideritis romana,0.8702288,0.87015843,0.85743546,0.012793362,0.64415795,0.22600049
4966,Sideroxylon lanuginosum,0.97074854,0.8979914,0.98895025,-0.018201709,0.9996748,-0.10168338
4967,Sigesbeckia orientalis,0.86803937,0.26769862,0.83069265,0.03734672,-1.4066172,1.6743158
4968,Silaum silaus,0.86228067,0.33290443,0.8208639,0.041416764,0.59216,-0.25925556
4969,Silene acaulis,0.9635674,0.9306109,0.96018744,0.003379941,0.93989587,-0.009284973
4970,Silene aprica,0.841019,0.637872,0.80079,0.040228963,0.66763365,-0.029761672
4971,Silene baccifera,0.8899125,0.19940716,0.8924149,-0.0025024414,-1.6764127,1.8758199
4972,Silene chlorantha,0.9311571,0.8959602,0.91822386,0.012933254,0.81025547,0.085704744
4973,Silene colorata,0.83909327,0.58700985,0.49802852,0.34106475,-2.999342,3.5863519
4974,Silene conica,0.91391104,0.76708657,0.9193235,-0.0054124594,0.9267245,-0.15963793
4975,Silene dioica,0.7519276,0.7720673,0.7671782,-0.015250564,0.7122381,0.059829235
4976,Silene flos-cuculi,0.77016115,0.7713084,0.7683133,0.0018478632,0.8032975,-0.031989098
4977,Silene gallica,0.91091996,0.6504469,0.9253503,-0.014430344,0.92191106,-0.27146417
4978,Silene italica,0.89053464,0.8092562,0.87464404,0.015890598,0.731168,0.078088224
4979,Silene jeniseensis,0.8938726,0.77060145,0.84053296,0.05333966,0.7141177,0.056483746
4980,Silene kenyana,0.8410429,0.6483164,0.9003759,-0.059333026,0.9058362,-0.25751984
4981,Silene latifolia,0.6880872,0.308418,0.6651991,0.022888124,0.1833165,0.1251015
4982,Silene multiflora,0.9468853,0.8509287,0.9056587,0.041226566,0.21203902,0.6388897
4983,Silene nutans,0.79483104,0.8925583,0.7750778,0.019753218,0.8397334,0.052824855
4984,Silene otites,0.9003621,0.9768979,0.87996715,0.020394921,0.8838856,0.09301227
4985,Silene repens,0.87102216,0.6624413,0.9040347,-0.03301251,0.9626514,-0.30021006
4986,Silene saxifraga,0.8734006,-1.1754282,0.8346734,0.038727224,-0.853539,-0.32188916
4987,Silene stellata,0.82322925,0.73973984,0.8616999,-0.038470626,0.93011534,-0.1903755
4988,Silene succulenta,0.9024846,0.8593964,0.8476231,0.054861486,0.58352906,0.27586734
4989,Silene virginica,0.8147036,0.61986816,0.83276165,-0.018058062,0.8495486,-0.22968042
4990,Silene viscosa,0.9305824,0.6349084,0.87722695,0.053355455,0.63225514,0.0026532412
4991,Silene vulgaris,0.7253435,0.79207027,0.7383856,-0.013042092,0.7778699,0.014200389
4992,Siler montanum,0.9124211,0.97374,0.8890257,0.02339542,0.9314773,0.042262673
4993,Silphium compositum,0.7726793,0.8192719,0.7146508,0.05802852,0.6850898,0.1341821
4994,Simmondsia chinensis,0.9805091,0.9778006,0.97952205,0.0009870529,0.9695353,0.0082653165
4995,Sisymbrium officinale,0.79412913,0.89658815,0.7725146,0.021614552,0.6644399,0.23214823
4996,Sisymbrium polymorphum,0.8974373,0.88170296,0.8470065,0.050430775,0.96083355,-0.07913059
4997,Sisyrinchium angustifolium,0.7673265,0.78390485,0.84108245,-0.07375598,0.90863353,-0.12472868
4998,Sisyrinchium jamesonii,0.66637665,0.59953713,0.646223,0.020153642,0.57510406,0.024433076
4999,Sium latifolium,0.9237994,0.16276173,0.91165125,0.012148142,0.9567137,-0.7939519
5000,Skimmia reevesiana,0.8198377,0.7972641,0.80226386,0.017573833,0.6343907,0.16287339
5001,Sloanea guianensis,0.9611473,0.9618672,0.9637689,-0.002621591,0.9391979,0.022669315
5002,Sloanea hirsuta,0.8362515,0.80540055,0.71191555,0.124335945,0.44218925,0.3632113
5003,Smilax arisanensis,0.73398507,0.62299514,0.73727924,-0.00329417,0.30378768,0.31920746
5004,Smilax aspera,0.8869406,0.7966535,0.90927136,-0.022330761,0.82214755,-0.025494039
5005,Smilax auriculata,0.92052746,0.7976956,0.92036235,0.00016510487,0.80060536,-0.0029097795
5006,Smilax australis,0.9355308,0.96957964,0.9385475,-0.0030167103,0.97045946,-0.00087982416
5007,Smilax biltmoreana,0.8666072,0.9728571,0.87550133,-0.0088941455,0.9579326,0.014924526
5008,Smilax bona-nox,0.77954704,0.6249442,0.757403,0.02214402,0.5490893,0.0758549
5009,Smilax bracteata,0.65889287,0.2789616,0.6751072,-0.016214311,0.560762,-0.2818004
5010,Smilax china,0.67452013,0.50252616,0.6360267,0.038493454,0.39172882,0.110797346
5011,Smilax glabra,0.5593182,-0.5343198,0.47803032,0.08128786,-2.2555234,1.7212036
5012,Smilax glauca,0.7062962,0.45594844,0.7108339,-0.0045377016,0.4599907,-0.004042268
5013,Smilax glyciphylla,0.9548506,0.98762995,0.9424112,0.01243943,0.9419161,0.045713842
5014,Smilax herbacea,0.70962423,-0.05670251,0.6983708,0.011253417,0.41033748,-0.46704
5015,Smilax lanceifolia,0.6895399,0.4530798,0.6483265,0.041213393,0.31329668,0.13978311
5016,Smilax laurifolia,0.8768056,0.9040222,0.87950915,-0.0027035475,0.8985003,0.0055218935
5017,Smilax nipponica,0.9339167,0.82661045,0.9299276,0.0039891005,0.9027753,-0.07616484
5018,Smilax pumila,0.8033718,0.7459213,0.811353,-0.007981241,0.7293171,0.016604185
5019,Smilax riparia,0.5905085,0.28349498,0.64967245,-0.059163928,0.16221964,0.121275336
5020,Smilax rotundifolia,0.7152041,0.45529196,0.65038085,0.06482327,0.33277938,0.12251258
5021,Smilax sieboldii,0.757943,0.8689975,0.70280313,0.05513984,0.7466982,0.12229931
5022,Smilax tamnoides,0.90572447,0.81832886,0.9160178,-0.010293305,0.9535234,-0.13519454
5023,Smilax walteri,0.8223234,0.8490113,0.80731565,0.015007734,0.8237725,0.025238812
5024,Solanum aculeastrum,0.96283454,0.98543936,0.9558394,0.0069951415,0.9894083,-0.003968954
5025,Solanum bullatum,0.641876,0.6365959,0.5307104,0.11116558,0.11938521,0.5172107
5026,Solanum cinereum,0.95640016,0.56621885,0.9482725,0.00812763,0.6076801,-0.04146123
5027,Solanum cleistogamum,0.86144817,0.9327484,0.7927459,0.06870228,-0.11188659,1.0446349
5028,Solanum dulcamara,0.7920908,0.8608787,0.80351526,-0.011424482,0.9122919,-0.05141318
5029,Solanum elaeagnifolium,0.92670345,0.28459892,0.86685145,0.059852004,0.7865833,-0.50198436
5030,Solanum ellipticum,0.82267725,0.9036715,0.7825045,0.040172756,0.83238506,0.07128644
5031,Solanum esuriale,0.88553995,0.9562212,0.8677785,0.017761469,0.88354456,0.07267666
5032,Solanum ferocissimum,0.9618062,0.9676582,0.9409512,0.02085495,0.9435167,0.02414155
5033,Solanum incanum,0.6985081,-0.38289627,0.6990365,-0.0005283952,-0.46260887,0.0797126
5034,Solanum mauritianum,0.6119853,0.29878774,0.49688238,0.11510295,-0.03363232,0.33242005
5035,Solanum nemophilum,0.7714286,0.9792202,0.81652814,-0.045099556,0.99455416,-0.0153339505
5036,Solanum nigrum,0.8143911,-0.9464304,0.70013744,0.11425364,-0.8142787,-0.13215166
5037,Solanum parvifolium,0.84133023,-2.9551525,0.8055625,0.035767734,-2.4223123,-0.53284025
5038,Solanum prinophyllum,0.9843343,0.9315756,0.9855528,-0.0012184978,0.9979041,-0.066328526
5039,Solanum pseudoquina,0.7255275,0.4836219,0.69560707,0.029920459,0.41611835,0.06750354
5040,Solanum quadriloculatum,0.97065425,0.9771021,0.91422814,0.056426108,0.97896963,-0.0018675327
5041,Solanum sanctae-catharinae,0.7389269,0.57839304,0.7188725,0.0200544,0.6050418,-0.02664876
5042,Solanum stelligerum,0.9326962,0.98913187,0.919269,0.013427198,0.99690104,-0.0077691674
5043,Solanum terminale,0.84112465,0.2792008,0.857807,-0.016682327,0.8535003,-0.5742995
5044,Soldanella alpina,0.9234339,0.9115767,0.92398113,-0.00054723024,0.89198464,0.019592047
5045,Soldanella carpatica,0.95429784,0.9423596,0.94241583,0.011882007,0.86687356,0.075486064
5046,Soldanella minima,0.93764293,0.99037874,0.9365113,0.0011316538,0.94820005,0.04217869
5047,Soldanella pusilla,0.95966494,0.9798251,0.9643989,-0.0047339797,0.9968436,-0.017018497
5048,Solenogyne bellioides,0.93836284,0.9765257,0.92234445,0.01601839,0.96995854,0.00656718
5049,Solidago caesia,0.5657983,-0.0055227885,0.55523115,0.010567129,0.74633056,-0.75185335
5050,Solidago canadensis,0.82322574,0.71368027,0.8080346,0.015191138,0.9421204,-0.2284401
5051,Solidago curtisii,0.87044835,0.7513024,0.91713464,-0.04668629,0.869716,-0.11841357
5052,Solidago missouriensis,0.935354,0.6373994,0.8726593,0.06269467,0.8425239,-0.2051245
5053,Solidago multiradiata,0.95298886,0.9407426,0.9178103,0.035178542,-0.19657408,1.1373167
5054,Solidago odora,0.74200875,0.16901009,0.80323637,-0.06122762,0.49025187,-0.3212418
5055,Solidago rugosa,0.69656,0.7356288,0.70275027,-0.0061902404,0.8170031,-0.08137429
5056,Solidago stricta,0.76529026,0.5299874,0.7569652,0.00832504,0.18073356,0.34925383
5057,Solidago virgaurea,0.6886747,0.4732779,0.6603626,0.028312087,0.44527593,0.028001964
5058,Soliva mexicana,0.67563653,0.63731295,0.6556713,0.019965231,0.2542619,0.38305104
5059,Sonchus arvensis,0.8361085,0.8929878,0.73995084,0.09615767,0.86830795,0.02467984
5060,Sonchus asper,0.75824994,0.7985748,0.7706103,-0.012360334,0.81192577,-0.013350964
5061,Sonchus bulbosus,0.9275917,0.821672,0.9099719,0.017619789,0.95224845,-0.13057643
5062,Sonchus maritimus,0.9611449,0.9174877,0.95169246,0.009452462,0.98393875,-0.06645107
5063,Sonchus oleraceus,0.7996389,0.79344237,0.76820755,0.031431377,0.6210821,0.17236024
5064,Sorbus americana,0.9609006,0.9922376,0.9574002,0.003500402,0.98518735,0.007050276
5065,Sorbus aucuparia,0.75979376,0.66749245,0.7519715,0.007822275,0.62151676,0.045975685
5066,Sorbus scopulina,0.969027,0.92993855,0.9543903,0.014636695,0.8575215,0.07241708
5067,Sorbus sitchensis,0.91490054,0.95981044,0.9100423,0.0048582554,0.9635137,-0.0037032366
5068,Sorghastrum nutans,0.88304394,0.7830945,0.8583601,0.024683833,0.76044095,0.02265358
5069,Sorghastrum secundum,0.93755966,0.92144835,0.9271361,0.010423541,0.927431,-0.0059826374
5070,Sorocea bonplandii,0.8631543,0.7708238,0.8143239,0.04883039,0.69672257,0.07410121
5071,Sparganium emersum,0.82183784,0.44224834,0.81447417,0.007363677,0.9522003,-0.50995195
5072,Sparganium erectum,0.86070377,0.9726183,0.83385503,0.026848733,0.97267586,-5.7578087e-05
5073,Spartium junceum,0.8989321,0.8761313,0.89480656,0.0041255355,0.7949789,0.08115238
5074,Spergula morisonii,0.93176246,0.37058908,0.89326286,0.038499594,0.52054316,-0.14995408
5075,Spergularia marina,0.9370825,0.88099545,0.91405946,0.023023069,0.5864871,0.29450834
5076,Spergularia media,0.92707556,0.5160453,0.9142462,0.012829363,0.8535956,-0.33755034
5077,Spermacoce brachystema,0.8265044,0.7970791,0.79148436,0.035020053,0.52590126,0.27117783
5078,Spermacoce chaetocephala,0.88149935,0.7846784,0.8949457,-0.013446331,0.83812624,-0.053447843
5079,Spermacoce latimarginata,0.9667949,0.94868267,0.9170452,0.049749732,0.92803836,0.020644307
5080,Spermacoce multicaulis,0.87275124,0.839244,0.85475105,0.018000185,0.80746895,0.031775057
5081,Spermacoce stachydea,0.9032435,0.87103087,0.7638812,0.13936228,0.834564,0.036466897
5082,Sphaeralcea coccinea,0.7833962,-0.91251063,0.80492926,-0.021533072,-0.9688023,0.05629164
5083,Sphaeromorphaea australis,0.7670218,0.5641708,0.6757608,0.09126097,0.34223416,0.22193661
5084,Sphaeropteris cooperi,0.17215724,-0.3607923,0.1639455,0.008211747,0.2198294,-0.5806217
5085,Sphaeropteris lepifera,0.85709596,0.8108403,0.85165924,0.0054367185,0.7710869,0.039753437
5086,Spigelia marilandica,0.91297543,0.5873812,0.8147457,0.09822971,0.6889663,-0.10158509
5087,Spiraea crenata,0.9474734,0.94634104,0.96780735,-0.020333946,0.92150795,0.024833083
5088,Spiraea hypericifolia,0.9223807,0.79207134,0.8910259,0.031354785,0.97494495,-0.1828736
5089,Spiraea media,0.90515995,0.66359615,0.87476426,0.030395687,0.7934669,-0.12987077
5090,Spiraea salicifolia,0.9574622,0.64490104,0.769739,0.18772322,-3.6644478,4.309349
5091,Spirodela polyrhiza,0.9486953,0.9907556,0.9301788,0.01851648,0.98815334,0.0026022792
5092,Spodiopogon sibiricus,0.9573295,0.98338974,0.9237373,0.033592224,0.9351556,0.048234165
5093,Sporobolus actinocladus,0.92227983,0.93672085,0.87659174,0.045688093,0.814954,0.121766865
5094,Sporobolus airoides,0.90518165,0.96193016,0.8662782,0.038903475,0.7036659,0.25826424
5095,Sporobolus australasicus,0.8867258,0.7373222,0.8310339,0.055691898,0.8075884,-0.07026619
5096,Sporobolus caroli,0.6143557,-1.6228809,0.5902605,0.024095178,-1.8646786,0.24179769
5097,Sporobolus creber,0.6657691,-8.04262,0.60178626,0.063982844,-9.58704,1.5444202
5098,Sporobolus cryptandrus,0.8662463,0.9634379,0.7872207,0.07902557,0.7511407,0.2122972
5099,Sporobolus curtissii,0.9312885,0.97186154,0.89876026,0.03252822,0.91340494,0.0584566
5100,Sporobolus elongatus,0.8673533,0.92734283,0.83689594,0.030457377,0.95573175,-0.028388917
5101,Sporobolus floridanus,0.94331425,0.8882224,0.9319242,0.01139003,0.9372853,-0.049062908
5102,Sporobolus junceus,0.9791757,0.9956955,0.9762914,0.0028842688,0.99029964,0.0053958297
5103,Sporobolus megalospermus,0.7187071,0.6424091,0.724156,-0.0054489374,0.6997483,-0.05733919
5104,Sporobolus mitchellii,0.91800463,0.9328625,0.8945815,0.023423135,0.954446,-0.021583498
5105,Sporobolus pellucidus,0.9914906,0.9988455,0.9836659,0.007824719,0.99724233,0.0016031861
5106,Sporobolus pungens,0.97206426,0.99707955,0.9697042,0.002360046,0.9849381,0.012141466
5107,Sporobolus pyramidatus,0.9871346,0.99993426,0.9871887,-5.4121017e-05,0.8935755,0.10635877
5108,Sporobolus scabridus,0.8994409,0.9222109,0.9169512,-0.017510295,0.90470296,0.01750791
5109,Sporobolus virginicus,0.8474321,0.91696495,0.89077556,-0.043343484,0.8860539,0.030911028
5110,Stachys alpina,0.86482996,0.8604658,0.85415435,0.010675609,0.6728038,0.187662
5111,Stachys latidens,0.88203275,0.667878,0.8780362,0.003996551,0.7093444,-0.041466415
5112,Stachys palustris,0.83551043,0.83182377,0.7714238,0.064086616,0.84297913,-0.011155367
5113,Stachys recta,0.8243553,0.88916206,0.8286705,-0.0043151975,0.8942465,-0.005084455
5114,Stachys sylvatica,0.74132466,0.5628982,0.7200961,0.021228552,0.71100956,-0.14811134
5115,Stackhousia intermedia,0.8510621,0.7183247,0.8117454,0.039316714,0.12169715,0.5966276
5116,Stackhousia muricata,0.9326097,0.75770205,0.9135784,0.019031286,0.77935255,-0.021650493
5117,Stackhousia spathulata,0.7896937,-0.5000527,0.69844365,0.09125006,-0.62132686,0.12127417
5118,Stackhousia viminea,0.73183024,0.9225745,0.71200573,0.019824505,0.94945645,-0.026881933
5119,Staehelina dubia,0.9523691,0.9410499,0.9437664,0.008602679,0.92849493,0.012554944
5120,Staphylea formosana,0.8439581,0.7738615,0.8215093,0.022448778,0.7590556,0.014805913
5121,Staphylea ternata,0.88220745,0.83359826,0.9022606,-0.020053148,0.86580527,-0.032207012
5122,Stellaria aquatica,0.8097262,0.440489,0.7973827,0.012343466,0.61443657,-0.17394757
5123,Stellaria bungeana,0.96475554,0.95145404,0.8686538,0.09610176,0.8822349,0.06921917
5124,Stellaria graminea,0.6920931,0.4743368,0.65233386,0.03975922,0.54221296,-0.06787616
5125,Stellaria longifolia,0.82999957,0.21137428,0.7708249,0.059174657,-0.1538885,0.36526278
5126,Stellaria longipes,0.9895013,0.9843089,0.9546405,0.03486079,0.9483777,0.03593117
5127,Stellaria media,0.7200185,0.72540987,0.6919712,0.028047323,0.52177536,0.2036345
5128,Stellaria nemorum,0.8447458,0.89827853,0.84361607,0.0011297464,0.87031615,0.027962387
5129,Stellaria palustris,0.8729711,0.8864561,0.83859974,0.034371376,0.9228048,-0.0363487
5130,Stellaria pubera,0.83605003,0.7922407,0.8160323,0.020017743,0.65802324,0.13421744
5131,Stellaria sennii,0.7502727,0.41147724,0.7560454,-0.00577271,0.16550207,0.24597517
5132,Stellera chamaejasme,0.92282593,0.89380044,0.8184274,0.10439855,0.51237386,0.38142657
5133,Stenanthium gramineum,0.8568169,0.7413465,0.8892589,-0.032442033,0.6975777,0.043768764
5134,Stephania abyssinica,0.73853445,0.5537445,0.8372547,-0.09872025,0.84402597,-0.29028147
5135,Stephania japonica,0.92160124,0.94369334,0.9075031,0.014098108,0.95285475,-0.009161413
5136,Stephanotis schimperi,0.83538467,0.6663767,0.783718,0.051666677,0.56888115,0.097495556
5137,Sterculia quadrifida,0.87106174,0.90709776,0.8596,0.011461735,0.7707718,0.13632596
5138,Stevenia dahurica,0.9571017,0.93670404,0.86745054,0.08965117,0.6012153,0.33548874
5139,Stevenia tenuifolia,0.7108044,0.80608225,0.83970916,-0.12890476,0.78328264,0.022799611
5140,Stillingia sylvatica,0.9634265,0.99731743,0.97542685,-0.012000382,0.99739057,-7.31349e-05
5141,Stipa baicalensis,0.9051949,0.77009845,0.8333998,0.071795106,0.5547099,0.21538854
5142,Stipa capillata,0.9548023,0.96677417,0.935991,0.018811285,0.9615649,0.005209267
5143,Stipa glareosa,0.7021469,0.37724864,0.7317917,-0.029644787,0.5370871,-0.15983844
5144,Stipa grandis,0.8707613,0.73919773,0.7517737,0.11898756,0.2842728,0.45492494
5145,Stipa krylovii,0.8752143,0.7912841,0.88422287,-0.009008586,0.8246028,-0.0333187
5146,Stipa lessingiana,0.9023191,0.9916715,0.8331794,0.06913966,0.95780516,0.033866346
5147,Stipa offneri,0.9184368,0.72831345,0.91825765,0.00017917156,0.5699933,0.15832013
5148,Stipa orientalis,0.95968354,0.9486992,0.7006196,0.25906396,-0.11582978,1.064529
5149,Stipa pennata,0.93472576,0.75701845,0.91717553,0.01755023,0.88860315,-0.1315847
5150,Stipa pulcherrima,0.9063171,0.9789363,0.8682985,0.038018644,0.9165643,0.06237203
5151,Stipa zalesskii,0.9591909,0.9551151,0.9466965,0.012494385,0.99669313,-0.041578054
5152,Stipagrostis ciliata,0.6213661,-1.6539137,0.63260657,-0.011240482,-1.1337423,-0.5201714
5153,Stipagrostis obtusa,0.9437251,0.9882132,0.7529566,0.19076848,0.36031643,0.6278968
5154,Stipagrostis plumosa,0.8541622,0.8126624,0.83490515,0.019257069,0.80234593,0.010316491
5155,Stipagrostis uniplumis,0.99315774,0.97744447,0.9724461,0.02071166,0.9574968,0.019947648
5156,Stipellula capensis,0.8564601,-0.4455298,0.71976167,0.13669842,-1.1146572,0.66912735
5157,Stipellula parviflora,0.96770996,0.6353705,0.9308597,0.036850274,0.2725157,0.36285478
5158,Stratiotes aloides,0.870853,0.8486466,0.88040555,-0.009552538,0.9974149,-0.1487683
5159,Streptoglossa adscendens,0.8212104,0.94336474,0.82422113,-0.0030107498,0.6098547,0.33351004
5160,Streptopus amplexifolius,0.90919733,0.93179286,0.89731014,0.011887193,0.9295479,0.0022449493
5161,Strobilanthes flexicaulis,0.81206566,0.8612479,0.8653505,-0.053284824,0.7847883,0.07645959
5162,Strobilanthes rankanensis,0.7179276,0.54950607,0.77297497,-0.055047393,0.84822476,-0.2987187
5163,Strombosia scheffleri,0.9654984,0.9802097,0.9541573,0.011341095,0.93947315,0.040736556
5164,Strychnos brasiliensis,0.7929359,0.9120961,0.67845833,0.114477575,0.45700157,0.45509452
5165,Strychnos lucida,0.92385924,0.74907297,0.8751203,0.048738956,-0.12051228,0.8695853
5166,Stuartina muelleri,0.94178843,0.8388756,0.9422721,-0.0004836917,0.94854355,-0.10966796
5167,Stuckenia pectinata,0.84422386,0.6690325,0.8399667,0.0042571425,0.9894758,-0.32044327
5168,Stylidium eriorhizum,0.9264819,0.9898809,0.88273793,0.043743968,0.93699914,0.052881777
5169,Stylidium graminifolium,0.9274565,0.7023063,0.92124754,0.0062089562,0.25602418,0.4462821
5170,Stylisma patens,0.9018019,0.86979496,0.9007108,0.001091063,0.91765624,-0.047861278
5171,Stylogyne pauciflora,0.8836565,0.9021672,0.8820637,0.0015928149,0.90478164,-0.0026144385
5172,Stylosanthes biflora,0.7669519,0.5033064,0.7670115,-5.9604645e-05,0.5489291,-0.045622706
5173,Stylosanthes fruticosa,0.77720225,0.82793206,0.64947367,0.12772858,-0.64984304,1.4777751
5174,Styphelia leptospermoides,0.98631036,0.93593836,0.98225075,0.0040596128,0.98211503,-0.046176672
5175,Styphelia margarodes,0.6634581,0.9772386,0.6330562,0.030401886,0.98521006,-0.007971466
5176,Styphelia mutica,0.98281324,0.976827,0.9825684,0.00024485588,0.9785985,-0.00177145
5177,Styphelia ruscifolia,0.9597026,0.98810095,0.92900276,0.03069985,0.9350875,0.053013444
5178,Styphelia triflora,0.98723364,0.99335027,0.9882719,-0.0010382533,0.9868219,0.0065283775
5179,Styphelia yorkensis,0.97025985,0.98079777,0.950956,0.019303858,0.9362541,0.044543684
5180,Styrax grandifolius,0.8729315,0.847876,0.7958361,0.07709539,0.8897344,-0.041858375
5181,Styrax japonicus,0.94364065,0.9080819,0.9460028,-0.002362132,0.92646205,-0.018380165
5182,Styrax leprosus,0.8281103,0.8050645,0.7169546,0.11115569,0.40758368,0.39748082
5183,Styrax obassia,0.7858586,0.60171914,0.8075036,-0.02164501,0.65268546,-0.050966322
5184,Suaeda braun-blanquetii,0.95236456,0.93856186,0.9416478,0.010716736,0.8039697,0.13459218
5185,Suaeda corniculata,0.892831,0.36034924,0.8033676,0.08946341,0.77560234,-0.4152531
5186,Suaeda maritima,0.9323968,0.8558316,0.919356,0.013040841,0.530164,0.32566762
5187,Succisa pratensis,0.7969229,0.85257506,0.79014444,0.0067784786,0.8968101,-0.04423505
5188,Swertia crassiuscula,0.9220085,0.9225363,0.9420703,-0.020061791,0.91248786,0.010048449
5189,Swertia perennis,0.96200037,0.97528744,0.95577466,0.006225705,0.9863372,-0.0110497475
5190,Syagrus romanzoffiana,0.8007969,0.68942297,0.68175334,0.11904359,0.38901255,0.30041042
5191,Sympegma regelii,0.86463475,0.91099966,0.7354275,0.12920725,0.42672893,0.48427072
5192,Symphoricarpos albus,0.9143778,0.94184476,0.90924555,0.005132258,0.9072782,0.03456658
5193,Symphoricarpos occidentalis,0.852111,0.99450135,0.84623665,0.0058743358,0.9337482,0.060753167
5194,Symphoricarpos oreophilus,0.9405513,0.96248674,0.93720824,0.0033430457,0.9029018,0.059584916
5195,Symphoricarpos rotundifolius,0.8295653,-0.04178221,0.8260091,0.003556192,0.75584155,-0.79762375
5196,Symphyotrichum adnatum,0.90272075,0.91859746,0.8700985,0.032622278,0.95397335,-0.035375893
5197,Symphyotrichum ciliolatum,0.8545492,0.64311546,0.88912326,-0.03457403,0.86361486,-0.2204994
5198,Symphyotrichum concolor,0.8975109,0.8115631,0.8927101,0.0048007965,0.888431,-0.07686794
5199,Symphyotrichum cordifolium,0.83171064,0.67560285,0.81201583,0.019694805,0.6985105,-0.022907674
5200,Symphyotrichum dumosum,0.7750249,0.58524865,0.7408576,0.03416729,0.5652162,0.020032465
5201,Symphyotrichum foliaceum,0.90808195,0.9219413,0.8773248,0.03075713,-0.5429893,1.4649305
5202,Symphyotrichum lanceolatum,0.78618634,0.4653296,0.6948194,0.09136695,-10.827437,11.292767
5203,Symphyotrichum patens,0.80969346,0.6589968,0.77973485,0.029958606,0.7437062,-0.084709406
5204,Symphyotrichum undulatum,0.7930738,0.7384334,0.7746989,0.01837486,0.65911514,0.079318285
5205,Symphyotrichum walteri,0.90611154,0.8541444,0.8935423,0.012569249,0.8505668,0.00357759
5206,Symphytum bulbosum,0.9410159,0.9994104,0.8978796,0.0431363,0.92115533,0.07825506
5207,Symphytum officinale,0.874564,0.89344144,0.8871573,-0.012593329,0.9370879,-0.043646455
5208,Symphytum tuberosum,0.82216763,0.7809484,0.7736405,0.04852712,0.77062315,0.010325253
5209,Symplocos baeuerlenii,0.16962588,-12.013461,0.5665781,-0.3969522,-3.1023479,-8.911114
5210,Symplocos caudata,0.7374011,0.6802262,0.75962335,-0.02222222,0.5197186,0.16050762
5211,Symplocos glauca,0.69083464,0.5521591,0.65075576,0.04007888,0.57457376,-0.022414684
5212,Symplocos glomerata,0.72308654,0.45579633,0.48540768,0.23767886,-1.6249769,2.080773
5213,Symplocos heishanensis,0.69938284,0.4302956,0.8096242,-0.11024135,0.40917012,0.021125466
5214,Symplocos migoi,0.72313195,0.43418562,0.76491904,-0.041787088,0.37104908,0.06313655
5215,Symplocos sawafutagi,0.77172935,0.62869066,0.73353386,0.03819549,0.44609958,0.18259108
5216,Symplocos stellaris,0.81897044,0.82256377,0.78430456,0.034665883,0.6228493,0.19971448
5217,Symplocos sumuntia,0.80865824,0.72792906,0.84237045,-0.03371221,0.714189,0.013740063
5218,Symplocos tenuifolia,0.8202422,0.7265129,0.709289,0.11095321,0.67605424,0.05045867
5219,Symplocos tetrandra,0.72515506,0.7943677,0.69524056,0.029914498,0.49121243,0.30315524
5220,Symplocos tinctoria,0.70743275,0.44218892,0.66560477,0.041827977,0.38161013,0.060578793
5221,Symplocos uniflora,0.8510158,0.7284494,0.8212364,0.029779434,0.67097104,0.05747837
5222,Symplocos wikstroemiifolia,0.71071124,0.60360307,0.7659425,-0.055231273,0.7670632,-0.16346014
5223,Syncarpia glomulifera,0.9397494,0.7360474,0.93466926,0.0050801635,0.67122185,0.064825535
5224,Syncarpia hillii,0.24485734,-53.16861,0.18280771,0.062049627,-22.126263,-31.042347
5225,Syncolostemon bracteosus,0.76810575,0.4853511,0.8000001,-0.031894326,0.57032794,-0.08497685
5226,Syneilesis palmata,0.77306074,0.53996843,0.7193396,0.05372113,0.44082755,0.09914088
5227,Synoum glandulosum,0.9776198,0.981413,0.97633743,0.0012823939,0.9944029,-0.012989879
5228,Syzygium buxifolium,0.8249191,0.7143722,0.75494075,0.06997836,0.39481506,0.31955716
5229,Syzygium formosanum,0.85710883,0.78859985,0.87615645,-0.019047618,0.8642228,-0.075622976
5230,Syzygium forte,0.9570042,0.87286985,0.93325824,0.023745954,0.9725045,-0.09963465
5231,Syzygium guineense,0.93679106,0.981158,0.8178596,0.11893147,0.51224035,0.46891767
5232,Syzygium smithii,0.9847865,0.9885277,0.9803921,0.004394412,0.9716982,0.01682949
5233,Syzygium suborbiculare,0.919845,0.7930691,0.90434724,0.015497744,0.79572845,-0.0026593208
5234,Tabernaemontana catharinensis,0.8625688,0.78302586,0.9192582,-0.05668938,0.89203864,-0.10901278
5235,Tabernaemontana pandacaqui,0.24145702,-8.066533,0.19872007,0.042736948,-7.259741,-0.80679226
5236,Tabernaemontana stapfiana,0.9098143,0.82662386,0.867413,0.042401314,0.68231076,0.1443131
5237,Tacca leontopetaloides,0.85927004,0.8702074,0.847457,0.011813045,0.91336095,-0.043153524
5238,Taeniatherum caput-medusae,0.95814854,0.820444,0.8881084,0.07004017,0.99556756,-0.17512357
5239,Takhtajaniantha austriaca,0.9608731,0.92626184,0.95330703,0.0075660944,0.97759503,-0.05133319
5240,Takhtajaniantha pseudodivaricata,0.5634645,-0.12171736,0.712378,-0.1489135,0.3644101,-0.48612747
5241,Tamala borbonia,0.8773925,0.9324405,0.8809958,-0.0036033392,0.9187929,0.013647616
5242,Tamala palustris,0.89668334,0.894086,0.8830593,0.0136240125,0.8818143,0.012271702
5243,Tamarix gallica,0.9563737,0.930395,0.93401045,0.022363245,0.87173766,0.05865735
5244,Tamarix nilotica,0.87005275,0.4559351,0.88260114,-0.012548387,0.56490624,-0.10897115
5245,Tamarix ramosissima,0.92224056,0.9494606,0.77252525,0.1497153,0.59137136,0.35808927
5246,Tanacetum corymbosum,0.8562628,0.90500253,0.81828177,0.037981033,0.74456453,0.160438
5247,Tanacetum vulgare,0.8209486,0.90595144,0.73184603,0.089102566,0.8438636,0.062087834
5248,Tapirira guianensis,0.95210695,0.98462063,0.9226604,0.029446542,0.9257095,0.058911145
5249,Taraxacum besarabicum,0.9736838,0.97543454,0.9649849,0.008698881,0.8600385,0.11539602
5250,Taraxacum erythrospermum,0.72382534,0.6860591,0.5648052,0.15902013,0.75868857,-0.07262945
5251,Taxodium distichum,0.90050375,0.90150785,0.87800694,0.02249682,0.90967053,-0.008162677
5252,Taxus baccata,0.82127076,0.6939335,0.8099291,0.011341691,0.7836616,-0.08972812
5253,Teedia lucida,0.46811226,-0.10400151,0.43494898,0.03316328,-0.13382462,0.02982311
5254,Teesdalia nudicaulis,0.91755176,0.9854619,0.904205,0.013346732,0.98616546,-0.0007035732
5255,Telmatoblechnum indicum,0.96089107,0.9516148,0.9605191,0.0003719926,0.9665779,-0.01496309
5256,Teloxys aristata,0.9024874,0.6413546,0.8618649,0.040622473,0.8511353,-0.2097807
5257,Tephroseris frigida,0.7999386,0.7644797,0.7749694,0.02496922,0.63341475,0.13106495
5258,Tephroseris integrifolia,0.94976866,0.6159454,0.90372014,0.046048522,0.70232105,-0.086375654
5259,Tephrosia chrysophylla,0.9075094,0.9354217,0.866858,0.04065138,0.89220357,0.043218136
5260,Tephrosia emeroides,0.7909137,-0.22936459,0.33274764,0.45816606,-1.0375913,0.80822676
5261,Tephrosia filipes,0.7973366,0.7461865,0.7522161,0.045120478,0.64038,0.10580647
5262,Tephrosia florida,0.8982945,0.89939815,0.89366627,0.004628241,0.8952984,0.0040997267
5263,Tephrosia hispidula,0.90366215,0.92047244,0.88764125,0.016020894,0.9389922,-0.01851976
5264,Tephrosia juncea,0.7809901,0.7806657,0.7651451,0.015845,0.600205,0.18046069
5265,Tephrosia leptoclada,0.8304998,0.8239194,0.7612168,0.06928301,0.5931438,0.2307756
5266,Tephrosia lupinifolia,0.90676475,0.92075384,0.5747035,0.33206123,-0.3001826,1.2209364
5267,Tephrosia pedicellata,0.9234015,0.9001517,0.87990916,0.043492317,0.85950816,0.040643573
5268,Tephrosia purpurea,0.8448969,-1.1701599,0.5531648,0.29173213,-0.25551924,-0.91464067
5269,Tephrosia spicata,0.8172631,0.4908772,0.7804364,0.03682673,-0.2774115,0.76828873
5270,Tephrosia virginiana,0.8577773,0.85545903,0.82599163,0.031785667,0.85255283,0.0029062033
5271,Terminalia aridicola,0.89722157,0.8812758,0.821093,0.07612854,0.81309813,0.06817764
5272,Terminalia canescens,0.9763254,0.99237776,0.87759817,0.098727226,0.9735924,0.018785357
5273,Terminalia kleinii,0.8491954,0.7414201,0.8014128,0.0477826,0.57645935,0.16496074
5274,Terminalia muelleri,0.9083659,0.732627,0.85068345,0.057682455,0.66707623,0.065550745
5275,Terminalia oblongata,0.8885572,0.91038334,0.85273117,0.035826027,0.86234677,0.048036575
5276,Terminalia platyphylla,0.86940247,0.5648039,0.7874613,0.08194119,-0.8319779,1.3967818
5277,Terminalia platyptera,0.9468729,0.9827985,0.83177185,0.11510104,0.92561305,0.05718547
5278,Terminalia sericea,0.96179694,0.94616824,0.93097186,0.030825078,0.87336147,0.072806776
5279,Tetradium glabrifolium,0.65769464,0.4412309,0.645225,0.012469649,0.6383962,-0.19716531
5280,Tetradymia canescens,0.7666137,0.8645141,0.70560855,0.061005175,0.9369986,-0.07248449
5281,Tetradymia glabrata,0.85985214,0.95685774,0.7831948,0.076657355,0.870304,0.08655375
5282,Tetragonia microptera,0.80692303,0.52989644,0.62076926,0.18615377,0.3439739,0.18592253
5283,Tetragonia tetragonoides,0.93526906,0.9402377,0.92811954,0.0071495175,0.9036693,0.036568403
5284,Tetrapogon cenchriformis,0.90162593,0.9201772,0.92247033,-0.0208444,0.96816915,-0.04799193
5285,Tetrastigma formosanum,0.67420554,0.473004,0.6296234,0.04458213,0.30687958,0.16612443
5286,Teucrium capitatum,0.8390706,0.5558611,0.85120267,-0.012132049,0.640682,-0.08482087
5287,Teucrium chamaedrys,0.8700868,0.9065246,0.8629552,0.0071315765,0.8804577,0.0260669
5288,Teucrium flavum,0.9389705,0.84639645,0.92782813,0.011142373,0.9726566,-0.12626016
5289,Teucrium junceum,0.9499082,0.988051,0.93801564,0.011892557,0.99206424,-0.0040132403
5290,Teucrium montanum,0.87193966,0.92507637,0.8686704,0.0032692552,0.9335639,-0.008487523
5291,Teucrium polium,0.94742143,0.8989891,0.94597,0.0014514327,0.9025989,-0.003609836
5292,Teucrium pyrenaicum,0.9413286,0.94442964,0.9415523,-0.00022369623,0.9622038,-0.017774165
5293,Teucrium racemosum,0.9412618,0.80087084,0.9324397,0.008822143,0.9158455,-0.11497468
5294,Teucrium scordium,0.8677448,0.36440217,0.81553406,0.05221075,-1.6727307,2.0371327
5295,Teucrium scorodonia,0.86323357,0.9087032,0.86258477,0.00064879656,0.9056005,0.0031027198
5296,Teucrium siculum,0.75727654,0.8168182,0.74286765,0.014408886,0.7123976,0.1044206
5297,Thalictrum alpinum,0.9644995,0.9531483,0.95871246,0.005787015,0.9905355,-0.037387192
5298,Thalictrum appendiculatum,0.867379,0.6685022,0.7617646,0.105614424,-0.5511213,1.2196236
5299,Thalictrum aquilegiifolium,0.8329648,0.8451922,0.8429803,-0.010015547,0.91151875,-0.06632656
5300,Thalictrum dioicum,0.86873543,0.8227699,0.86928594,-0.0005505085,0.80347615,0.019293725
5301,Thalictrum fendleri,0.89960825,0.69302285,0.88378847,0.015819788,0.57162696,0.121395886
5302,Thalictrum flavum,0.83843255,0.98451513,0.7817704,0.056662142,0.9872213,-0.00270617
5303,Thalictrum foetidum,0.94281244,0.97780716,0.9338926,0.008919835,0.92189664,0.055910528
5304,Thalictrum lucidum,0.87761,0.99631155,0.852998,0.02461201,0.633299,0.36301255
5305,Thalictrum minus,0.84438103,0.8014215,0.7295984,0.11478263,0.7484474,0.052974105
5306,Thalictrum occidentale,0.93941724,0.94256765,0.9253398,0.014077425,0.90413654,0.038431108
5307,Thalictrum petaloideum,0.9550395,0.93777806,0.8263144,0.12872511,0.7703455,0.16743255
5308,Thalictrum rhynchocarpum,0.8301868,0.730908,0.79768544,0.03250134,0.64979786,0.08111012
5309,Thalictrum simplex,0.9497256,0.8859466,0.9136333,0.03609234,0.44153935,0.44440722
5310,Thalictrum squarrosum,0.8842635,0.7847686,0.7464322,0.13783133,0.41544098,0.3693276
5311,Thalictrum thalictroides,0.83741385,0.80167055,0.83558786,0.0018259883,0.7645211,0.03714943
5312,Thamnosma montana,0.9117917,0.94801736,0.9387088,-0.0269171,0.9825155,-0.034498155
5313,Thaspium barbinode,0.8564171,0.9522398,0.8209558,0.035461307,0.9287711,0.023468733
5314,Thaumastochloa brassii,0.8818565,0.4440267,0.8114451,0.070411384,-1.7026058,2.1466327
5315,Thaumastochloa major,0.89678335,0.9026966,0.79878396,0.097999394,0.14080635,0.7618903
5316,Thaumastochloa pubescens,0.8231342,0.74198383,0.7418653,0.08126891,0.5547596,0.18722421
5317,Thelypteris acuminata,0.79190606,0.8296594,0.78165245,0.010253608,0.6963303,0.1333291
5318,Thelypteris dentata,0.9249266,0.75545764,0.8856412,0.03928536,0.9534024,-0.19794476
5319,Thelypteris limbosperma,0.8508491,0.9330299,0.82895726,0.021891832,0.8491981,0.08383179
5320,Thelypteris noveboracensis,0.8597541,0.80554503,0.86931807,-0.0095639825,0.8467906,-0.04124558
5321,Thelypteris palustris,0.90129244,0.98942035,0.8753769,0.025915563,0.98974955,-0.00032919645
5322,Thelypteris parasitica,0.9695209,0.95675147,0.97529787,-0.005776942,0.91744685,0.039304614
5323,Themeda arguens,0.9056799,0.8205996,0.8744228,0.031257093,0.8443828,-0.023783207
5324,Themeda avenacea,0.8976329,0.8720361,0.7718595,0.12577337,0.98533887,-0.11330277
5325,Themeda triandra,0.6649925,0.070685394,0.6225156,0.042476892,-0.15208025,0.22276565
5326,Thermopsis lanceolata,0.8648595,0.57005095,0.8392323,0.025627196,0.44799736,0.12205359
5327,Thermopsis montana,0.8218775,0.6853019,0.781348,0.04052949,0.47773394,0.20756796
5328,Thesium alpinum,0.88711685,0.9257064,0.8745574,0.0125594735,0.93006384,-0.004357457
5329,Thesium bavarum,0.87297755,0.8969107,0.8916383,-0.018660724,0.75505275,0.14185798
5330,Thesium divaricatum,0.8853262,0.9363644,0.9016588,-0.016332567,0.97357535,-0.03721094
5331,Thesium linophyllon,0.86107665,0.937644,0.82850134,0.03257531,0.28442603,0.653218
5332,Thesium pyrenaicum,0.8935459,0.9484455,0.8396849,0.053861022,0.9181536,0.030291915
5333,Thesium refractum,0.8580719,0.59083647,0.8159908,0.042081118,0.49751234,0.093324125
5334,Thliphthisa purpurea,0.9351176,0.9285513,0.9180232,0.017094374,0.96896434,-0.040413022
5335,Thryptomene oligandra,0.9392183,0.97562546,0.8957865,0.04343176,0.8052576,0.17036784
5336,Thuja plicata,0.93273276,0.9294222,0.9251248,0.007607937,0.91670126,0.0127209425
5337,Thunbergia alata,0.90090907,0.82407933,0.87292206,0.027987003,0.84352976,-0.019450426
5338,Thymbra capitata,0.9591633,0.85081285,0.95960265,-0.00043934584,0.86975354,-0.018940687
5339,Thymus alpestris,0.9325785,0.9835511,0.9356836,-0.003105104,0.95214045,0.031410635
5340,Thymus baicalensis,0.8925208,0.836299,0.9220335,-0.029512703,0.9010617,-0.06476271
5341,Thymus dahuricus,0.94067883,0.92320716,0.7748156,0.16586322,-0.28186953,1.2050767
5342,Thymus longicaulis,0.72712743,0.44942296,0.6995475,0.027579904,0.44937673,4.6223402e-05
5343,Thymus nervosus,0.9860238,0.9834393,0.9878858,-0.0018619895,0.9117248,0.07171452
5344,Thymus pannonicus,0.9096871,0.95290333,0.90285915,0.0068279505,0.96894217,-0.016038835
5345,Thymus praecox,0.81511086,0.7652996,0.79368985,0.021421015,0.77170455,-0.0064049363
5346,Thymus pulcherrimus,0.9090789,0.96257824,0.91236895,-0.0032900572,0.9606935,0.0018847585
5347,Thymus pulegioides,0.7660143,0.85048026,0.7533802,0.0126340985,0.8901475,-0.03966725
5348,Thymus serpyllum,0.75618833,0.6629237,0.7211236,0.035064757,0.57315236,0.08977133
5349,Thymus sibthorpii,0.9117525,0.86878353,0.89944667,0.012305856,0.8887749,-0.019991338
5350,Thymus striatus,0.8443112,0.6587296,0.7797185,0.06459266,0.6905673,-0.0318377
5351,Thymus vulgaris,0.94436324,0.9447169,0.941606,0.0027572513,0.9048528,0.039864063
5352,Thyrsanthella difformis,0.86914474,0.85651326,0.85965425,0.00949049,0.66836846,0.1881448
5353,Thysanotus tuberosus,0.8422106,-3.429699e-05,0.76881903,0.07339156,0.42718092,-0.42721522
5354,Tiarella cordifolia,0.7485788,0.7153702,0.7333245,0.015254259,0.61710066,0.09826952
5355,Tiarella trifoliata,0.8716446,0.82650137,0.86743003,0.004214585,0.8550047,-0.028503358
5356,Tilia amurensis,0.90738636,0.9068649,0.9083333,-0.000946939,0.8521861,0.054678798
5357,Tilia cordata,0.8093457,0.8911524,0.79560506,0.013740659,0.8277851,0.06336731
5358,Tilia platyphyllos,0.7528966,0.8476913,0.72940785,0.02348876,0.81505114,0.03264016
5359,Tillandsia usneoides,0.88128245,0.8452825,0.8979442,-0.016661763,0.90457046,-0.059287965
5360,Timonius timon,0.9069407,0.7990123,0.87725556,0.02968514,0.64638615,0.15262616
5361,Tinospora smilacina,0.84008616,0.20706183,0.7267204,0.11336577,0.89298445,-0.6859226
5362,Tipularia discolor,0.79333854,0.84868956,0.7747861,0.018552423,0.66896975,0.1797198
5363,Toechima tenax,0.76798296,-13.211381,0.76797056,1.2397766e-05,-6.7162495,-6.4951315
5364,Tofieldia calyculata,0.9112084,0.91737485,0.8976811,0.013527274,0.8532848,0.06409007
5365,Tofieldia pusilla,0.9552533,0.88877136,0.9471548,0.008098483,0.97888607,-0.09011471
5366,Tolpis staticifolia,0.94327193,-0.12758432,0.93287075,0.010401189,0.77521837,-0.9028027
5367,Tonella tenella,0.67740965,0.335096,0.62389547,0.053514183,0.2590729,0.0760231
5368,Tordylium apulum,0.93859136,0.6878265,0.9434974,-0.0049060583,0.9146023,-0.22677577
5369,Torilis arvensis,0.8459428,0.12551546,0.86758083,-0.021638036,0.36998236,-0.2444669
5370,Torilis japonica,0.72211003,0.91447276,0.70555377,0.016556263,0.8568631,0.057609677
5371,Torilis nodosa,0.8590411,-1.3222845,0.8762304,-0.017189324,-0.07573939,-1.2465451
5372,Toxicodendron pubescens,0.91061115,0.9559925,0.89450544,0.016105711,0.935152,0.020840526
5373,Toxicodendron radicans,0.86561066,0.8811403,0.8566656,0.008945048,0.8687786,0.012361705
5374,Toxicodendron succedaneum,0.7716596,0.7740805,0.79355,-0.021890402,0.80874395,-0.03466344
5375,Toxicodendron trichocarpum,0.7773321,0.55683964,0.7312834,0.0460487,0.51753634,0.039303303
5376,Toxicoscordion venenosum,0.9488795,0.9403452,0.91539556,0.033483922,0.8732271,0.06711811
5377,Trachelospermum asiaticum,0.9783624,0.97628844,0.9880836,-0.00972122,0.9767638,-0.00047534704
5378,Trachelospermum jasminoides,0.53847516,-0.15520461,0.59750235,-0.059027195,-0.24029298,0.08508837
5379,Trachyandra muricata,0.7623208,0.36793786,0.77128136,-0.008960545,0.43447426,-0.0665364
5380,Tradescantia subaspera,0.89531046,0.77493924,0.89758664,-0.0022761822,0.8073039,-0.032364666
5381,Tragia smallii,0.8865717,0.81004316,0.8530365,0.033535182,0.83476144,-0.024718285
5382,Tragia urens,0.859656,0.85671276,0.9031154,-0.043459415,0.9226636,-0.06595087
5383,Tragia urticifolia,0.7900568,0.7649776,0.73499,0.055066824,0.5752006,0.18977696
5384,Tragopogon dubius,0.8082365,0.8506159,0.8009906,0.0072458982,0.6173797,0.2332362
5385,Tragopogon orientalis,0.7985207,0.95677286,0.8140132,-0.015492499,0.9108124,0.045960486
5386,Tragopogon pratensis,0.7149518,0.69701105,0.7120733,0.002878487,0.80781597,-0.110804915
5387,Tragus australianus,0.76282555,0.7414693,0.719061,0.04376453,0.7686392,-0.027169883
5388,Tragus berteronianus,0.7475748,-0.65502965,0.7507125,-0.0031377077,0.19617586,-0.8512055
5389,Tragus racemosus,0.96213436,0.46670654,0.91550153,0.046632826,0.9563586,-0.48965207
5390,Traunsteinera globosa,0.89880973,0.9974299,0.886752,0.012057722,0.89180577,0.10562414
5391,Tribulus terrestris,0.9284929,0.91305923,0.8858134,0.04267949,0.7925221,0.12053716
5392,Trichilia claussenii,0.9034608,0.8968224,0.85445404,0.04900676,0.8567613,0.040061116
5393,Trichilia elegans,0.93880343,0.8978823,0.8873488,0.051454663,0.83468145,0.06320083
5394,Trichilia lepidota,0.9100365,0.8872281,0.89598536,0.014051139,0.79764485,0.08958322
5395,Trichilia pallens,0.8853994,0.8386393,0.89070874,-0.0053093433,0.8951696,-0.056530297
5396,Trichodesma zeylanicum,0.88022447,0.89881665,0.8119971,0.06822735,0.84363514,0.055181503
5397,Trichomanes auriculatum,0.7608776,0.57926476,0.7911701,-0.030292511,0.6799162,-0.10065144
5398,Trichophorum cespitosum,0.931545,0.9570193,0.9273526,0.004192412,0.93063486,0.026384473
5399,Tricoryne anceps,0.8956471,0.905284,0.8790918,0.01655531,0.8780677,0.027216315
5400,Tricoryne elatior,0.6764549,-1.9411718,0.6445368,0.03191811,-5.654678,3.7135062
5401,Trifolium angustifolium,0.8785829,0.28302962,0.88205075,-0.0034678578,0.81613976,-0.53311014
5402,Trifolium arvense,0.7885664,0.4173574,0.7910465,-0.0024800897,0.850103,-0.43274564
5403,Trifolium aureum,0.63164264,-2.1434886,0.595762,0.035880625,-2.4056885,0.26219988
5404,Trifolium badium,0.92890155,0.91309035,0.9282467,0.00065487623,0.8804028,0.032687545
5405,Trifolium burchellianum,0.925208,0.9101336,0.93080854,-0.0056005716,0.9321215,-0.021987915
5406,Trifolium campestre,0.632352,0.51179,0.7322021,-0.09985012,0.5066775,0.005112469
5407,Trifolium cherleri,0.8975329,0.3066412,0.8860297,0.01150316,0.24660517,0.06003602
5408,Trifolium dubium,0.74633944,0.85576355,0.75305104,-0.006711602,0.85736144,-0.0015978813
5409,Trifolium fragiferum,0.83276784,0.8946253,0.8653771,-0.032609284,0.9346286,-0.0400033
5410,Trifolium hybridum,0.6694873,-3.1704438,0.722057,-0.052569687,-0.25766402,-2.9127798
5411,Trifolium longipes,0.9363865,0.8203159,0.8953602,0.041026354,-2.5785782,3.398894
5412,Trifolium medium,0.7803496,0.717813,0.73705435,0.043295264,0.66079354,0.057019472
5413,Trifolium montanum,0.8257754,0.8009532,0.821414,0.004361391,0.8300766,-0.029123366
5414,Trifolium nigrescens,0.9019182,0.42568734,0.8982814,0.0036367774,0.79292,-0.36723265
5415,Trifolium ochroleucon,0.8044285,0.70691895,0.82035744,-0.015928924,0.9521525,-0.24523354
5416,Trifolium patens,0.802374,0.3562646,0.6912284,0.111145616,-0.5217579,0.8780225
5417,Trifolium pratense,0.64877367,0.4102868,0.61516654,0.033607125,0.43805355,-0.027766734
5418,Trifolium repens,0.69434416,0.6364098,0.6633829,0.030961275,0.64164656,-0.005236745
5419,Trifolium resupinatum,0.74452865,0.953587,0.7544061,-0.009877443,0.8678811,0.08570588
5420,Trifolium rubens,0.8922723,0.8026335,0.89433324,-0.0020609498,0.6589617,0.14367181
5421,Trifolium scabrum,0.85651535,0.65880233,0.84162104,0.014894307,0.90573937,-0.24693704
5422,Trifolium stellatum,0.85866725,0.64670765,0.8693838,-0.0107165575,0.8824725,-0.23576486
5423,Trifolium striatum,0.77330285,0.82082194,0.72075456,0.05254829,0.9208289,-0.10000694
5424,Trifolium subterraneum,0.8190588,0.9926125,0.8115003,0.007558465,0.85950446,0.13310802
5425,Trifolium thalii,0.94962233,0.80720353,0.9558018,-0.006179452,0.8809251,-0.07372159
5426,Triglochin maritima,0.8772567,0.9786966,0.82063276,0.056623936,0.9888134,-0.010116816
5427,Triglochin palustris,0.9035775,0.96154433,0.88197255,0.021604955,0.9875908,-0.026046455
5428,Trigonella stellata,0.6438237,-0.2682935,0.5098696,0.13395411,-0.19173051,-0.076562986
5429,Trilisa odoratissima,0.8539034,0.14580312,0.8210603,0.032843113,0.40968397,-0.26388085
5430,Trilisa paniculata,0.90528893,0.90123534,0.89582646,0.009462476,0.92046285,-0.019227505
5431,Trillium catesbaei,0.87341124,0.8593891,0.8522939,0.02111733,0.65381086,0.20557827
5432,Trillium erectum,0.9326992,0.9114154,0.9248085,0.007890701,0.7934885,0.117926896
5433,Trillium undulatum,0.897198,0.78171355,0.89056623,0.0066317916,0.73891217,0.04280138
5434,Trinia glauca,0.88681054,0.9714292,0.90895545,-0.022144914,0.98508,-0.013650775
5435,Triodia bitextura,0.9569822,0.98677963,0.8861301,0.0708521,0.9676631,0.01911652
5436,Triodia longiceps,0.91186106,0.8229891,0.84752536,0.064335704,0.8989733,-0.07598418
5437,Triodia mitchellii,0.9364304,0.44255677,0.8776852,0.058745205,0.33028173,0.112275034
5438,Tripogonella loliiformis,0.77232367,0.8131139,0.7377811,0.03454256,0.63075805,0.18235588
5439,Tripolium pannonicum,0.9319365,-3.0708997,0.8857528,0.046183705,-0.3542301,-2.7166696
5440,Tripterospermum taiwanense,0.5270369,0.37179717,0.6029519,-0.07591498,0.19825475,0.17354243
5441,Tripterygium regelii,0.8672714,0.78755856,0.86282855,0.0044428706,0.81433,-0.026771426
5442,Triptilodiscus pygmaeus,0.9058837,0.8397572,0.89962435,0.006259382,0.9274023,-0.08764511
5443,Triraphis mollis,0.8552389,0.97930604,0.79386795,0.06137097,0.93536586,0.043940187
5444,Trisetopsis milanjiana,0.80840164,0.74809074,0.8811475,-0.07274586,0.82551765,-0.07742691
5445,Trisetum flavescens,0.7360071,0.8294223,0.7145367,0.021470368,0.8077765,0.021645784
5446,Tristachya nodiglumis,0.83987963,0.7511842,0.52580273,0.3140769,-0.1897797,0.9409639
5447,Triumfetta rhomboidea,0.79292196,0.66712403,0.76242507,0.030496895,0.916912,-0.24978799
5448,Trocdaris verticillata,0.87827516,0.93833303,0.8833282,-0.0050530434,0.81351453,0.124818504
5449,Trochocarpa laurina,0.9903901,0.9987296,0.99066037,-0.00027024746,0.999297,-0.0005674362
5450,Trochodendron aralioides,0.7909124,0.69194084,0.8340061,-0.04309368,0.6847764,0.0071644187
5451,Trollius asiaticus,0.8606283,0.8699567,0.89277756,-0.032149255,0.78780514,0.08215153
5452,Trollius europaeus,0.8345782,0.8160939,0.841976,-0.007397771,0.80519545,0.010898471
5453,Tsuga canadensis,0.91234195,0.88575757,0.9212923,-0.008950353,0.87886995,0.0068876147
5454,Tsuga caroliniana,0.9674927,0.91612315,0.9729521,-0.005459428,0.98014945,-0.064026296
5455,Tsuga heterophylla,0.95354974,0.98270106,0.93526435,0.018285394,0.9610505,0.021650553
5456,Tsuga mertensiana,0.99171966,0.98370504,0.99093384,0.00078582764,0.998136,-0.01443094
5457,Tuberaria guttata,0.8606889,0.82103354,0.8733675,-0.012678564,0.93364406,-0.11261052
5458,Turritis glabra,0.8119774,0.73213696,0.74316984,0.06880754,0.3658717,0.36626527
5459,Tussilago farfara,0.72482073,0.7545113,0.71906877,0.0057519674,0.8385705,-0.08405918
5460,Typha angustifolia,0.8550182,0.94597983,0.84680444,0.0082137585,0.9784164,-0.03243655
5461,Typha domingensis,0.84438,-0.062791444,0.7856154,0.058764637,0.32403538,-0.3868268
5462,Typha latifolia,0.8073381,0.9333511,0.8173917,-0.010053575,0.9687021,-0.03535098
5463,Ulex europaeus,0.9001196,0.90355325,0.8957958,0.0043237805,0.9395615,-0.03600824
5464,Ulex gallii,0.90783644,0.90282106,0.9172132,-0.009376764,0.9013796,0.0014414787
5465,Ulex minor,0.95492905,0.9693355,0.9398264,0.015102625,0.9850003,-0.015664816
5466,Ulex parviflorus,0.98104,0.82727766,0.9625626,0.01847738,0.48751533,0.33976233
5467,Ulmus alata,0.91556233,0.89577645,0.9035021,0.012060225,0.87911993,0.016656518
5468,Ulmus americana,0.91525805,0.8866419,0.8988726,0.016385436,0.85550314,0.031138778
5469,Ulmus crassifolia,0.96470445,0.9596866,0.9556755,0.009028971,0.89864445,0.06104213
5470,Ulmus glabra,0.7593757,0.5830353,0.71049523,0.048880458,0.4132149,0.1698204
5471,Ulmus laevis,0.87279654,0.6214921,0.8912145,-0.018417954,0.19232903,0.42916304
5472,Ulmus minor,0.82223034,0.8592928,0.8355301,-0.013299763,0.87383616,-0.0145433545
5473,Ulmus pumila,0.92092204,0.9480333,0.7809562,0.13996583,0.897338,0.0506953
5474,Ulmus rubra,0.83631825,0.7944783,0.8046462,0.03167206,0.7421653,0.05231297
5475,Umbilicus rupestris,0.86450577,0.8953031,0.86284477,0.0016610026,0.80161625,0.09368682
5476,Uraria lagopodioides,0.85207695,0.8549692,0.81619585,0.035881102,0.63592005,0.21904916
5477,Uraria picta,0.89029133,0.5680007,0.7799104,0.11038095,0.9816543,-0.4136536
5478,Urceola rosea,0.8678419,0.8939266,0.8834936,-0.015651703,0.94305843,-0.04913181
5479,Urera baccifera,0.92404616,0.95718414,0.78624797,0.13779819,0.43569422,0.5214899
5480,Urochloa brachyura,0.924022,0.97316664,0.7509638,0.17305821,0.7259622,0.24720442
5481,Urochloa holosericea,0.80813307,-0.80285096,0.747813,0.06032008,0.28518888,-1.0880399
5482,Urochloa orthostachys,0.6871981,0.5264979,0.5195368,0.16766131,-0.19552967,0.72202754
5483,Urochloa piligera,0.8657318,0.6817372,0.75416577,0.11156601,0.27319536,0.40854183
5484,Urochloa xantholeuca,0.8529686,0.4488425,0.7840307,0.0689379,0.6928542,-0.24401173
5485,Urospermum dalechampii,0.9204169,0.6673655,0.9160421,0.004374802,0.770707,-0.10334152
5486,Urospermum picroides,0.9111619,-0.02119958,0.90785265,0.0033092499,-0.3855082,0.36430863
5487,Urtica dioica,0.55285364,0.1748644,0.5755882,-0.022734582,-0.0451786,0.220043
5488,Urtica gracilis,0.87166566,-0.6607446,0.8268986,0.04476708,-0.12265381,-0.5380908
5489,Urtica massaica,0.7564977,0.5618795,0.783533,-0.027035296,0.63363343,-0.07175392
5490,Urtica thunbergiana,0.7946271,0.55118793,0.82330203,-0.02867496,0.7511703,-0.19998235
5491,Utricularia intermedia,0.9490275,0.8142607,0.9272799,0.02174759,0.8016164,0.0126443505
5492,Utricularia lateriflora,0.70889956,0.7634639,0.7089087,-9.119511e-06,0.50873834,0.25472558
5493,Utricularia minor,0.91043,0.97523856,0.88423264,0.026197374,0.9778539,-0.0026153326
5494,Utricularia vulgaris,0.8463053,0.9866277,0.83120954,0.01509577,0.96361667,0.023011029
5495,Uvaria leichhardtii,0.90943766,0.84731936,0.8983132,0.011124432,0.37339357,0.4739258
5496,Uvularia perfoliata,0.81596434,0.91653514,0.8239715,-0.008007169,0.8904738,0.026061356
5497,Uvularia puberula,0.88761926,0.84388965,0.86444294,0.023176312,0.7667702,0.07711947
5498,Uvularia sessilifolia,0.7442127,0.81169134,0.747429,-0.0032163262,0.7057478,0.10594356
5499,Vaccinium angustifolium,0.9769668,0.99061364,0.97234845,0.0046183467,0.98374116,0.006872475
5500,Vaccinium arboreum,0.7870279,0.6857771,0.8145905,-0.027562618,0.7857506,-0.0999735
5501,Vaccinium bracteatum,0.7502081,0.59233725,0.76711404,-0.016905963,0.41618478,0.17615247
5502,Vaccinium corymbosum,0.78653216,0.84285754,0.7185209,0.068011284,0.68537587,0.15748167
5503,Vaccinium crassifolium,0.9109216,0.92442673,0.91416836,-0.0032467842,0.94611245,-0.02168572
5504,Vaccinium darrowii,0.8506806,0.5716501,0.8425654,0.008115172,0.7368632,-0.16521311
5505,Vaccinium elliottii,0.86690974,0.8297092,0.8678055,-0.0008957386,0.8941749,-0.0644657
5506,Vaccinium emarginatum,0.8368802,0.9228314,0.8627166,-0.025836408,0.9408584,-0.018027008
5507,Vaccinium erythrocarpum,0.96096873,0.960983,0.9611702,-0.0002014637,0.9278802,0.03310275
5508,Vaccinium floribundum,0.5385524,0.20472069,0.57570875,-0.037156343,0.1780847,0.02663599
5509,Vaccinium formosum,0.8360482,0.85651606,0.85655594,-0.020507753,0.8273011,0.029214978
5510,Vaccinium fuscatum,0.80327225,0.7638691,0.7657313,0.037540972,0.52704954,0.23681957
5511,Vaccinium japonicum,0.86375296,0.91334856,0.8532369,0.0105160475,0.924708,-0.011359453
5512,Vaccinium microcarpum,0.9432535,0.77742887,0.93615687,0.007096648,0.7705382,0.0068906546
5513,Vaccinium myrsinites,0.9071868,0.8413412,0.8985689,0.008617878,0.8414098,-6.8604946e-05
5514,Vaccinium myrtilloides,0.9787982,0.98072803,0.97441065,0.0043875575,0.9428175,0.03791052
5515,Vaccinium myrtillus,0.88527817,0.87658185,0.8760025,0.009275675,0.87296534,0.0036165118
5516,Vaccinium oxycoccos,0.93636847,0.9665913,0.91186345,0.02450502,0.9601103,0.006480992
5517,Vaccinium pallidum,0.76799786,0.576551,0.78827035,-0.020272493,0.6424138,-0.065862775
5518,Vaccinium randaiense,0.6148045,0.5852658,0.668557,-0.053752482,0.28409904,0.30116677
5519,Vaccinium scoparium,0.96562314,0.96288717,0.9574506,0.008172512,0.9694051,-0.0065179467
5520,Vaccinium stamineum,0.67820096,0.51048774,0.69405794,-0.015856981,0.5351245,-0.024636745
5521,Vaccinium tenellum,0.86251456,0.7937345,0.82405835,0.0384562,0.7102685,0.08346599
5522,Vaccinium uliginosum,0.92641217,0.942375,0.91912836,0.007283807,0.9491864,-0.0068113804
5523,Vaccinium vitis-idaea,0.8788815,0.85440856,0.8590568,0.019824743,0.8402212,0.014187336
5524,Vaccinium wrightii,0.58962125,0.27479905,0.62742215,-0.037800908,0.3829787,-0.10817966
5525,Vachellia bidwillii,0.82259226,0.6852675,0.76192534,0.06066692,0.58961874,0.095648766
5526,Vachellia constricta,0.917686,0.90557283,0.91884404,-0.0011580586,0.9373001,-0.031727254
5527,Vachellia erioloba,0.84482586,0.8680004,0.87541646,-0.030590594,0.8262432,0.041757166
5528,Vachellia hockii,0.8832494,0.6017902,0.84776765,0.03548175,0.8115203,-0.20973009
5529,Vachellia nilotica,0.8111111,0.83169866,0.7106436,0.1004675,0.74550307,0.08619559
5530,Vachellia reficiens,0.94606566,0.9072178,0.87287897,0.073186696,0.8088572,0.0983606
5531,Vachellia seyal,0.63178015,-1.3720787,0.6595247,-0.027744532,-1.3417989,-0.030279756
5532,Vachellia tortilis,0.794411,0.6185437,0.7853957,0.009015322,0.60943276,0.009110928
5533,Vahlodea atropurpurea,0.87549937,-0.3431593,0.8695062,0.0059931874,-0.59800917,0.25484988
5534,Valantia muralis,0.8986617,0.33439007,0.89622706,0.0024346113,-0.69035894,1.024749
5535,Valeriana capitata,0.9780008,0.99674803,0.97504205,0.0029587746,0.98541135,0.011336684
5536,Valeriana dioica,0.83314997,0.9081094,0.8087126,0.024437368,0.8997352,0.008374214
5537,Valeriana excelsa,0.8455573,0.87292325,0.8372406,0.008316696,0.64723814,0.22568512
5538,Valeriana microphylla,0.8575539,0.7887767,0.72970194,0.12785196,0.5719177,0.21685898
5539,Valeriana montana,0.91598463,0.9754029,0.9045428,0.011441827,0.9457266,0.029676318
5540,Valeriana officinalis,0.7342236,0.6935219,0.69858444,0.035639167,0.7046362,-0.011114299
5541,Valeriana pilosa,0.5757542,0.07375397,0.53560334,0.04015088,0.08376729,-0.01001332
5542,Valeriana rubra,0.95843816,0.97168374,0.95208627,0.006351888,0.9026291,0.06905466
5543,Valeriana saxatilis,0.9132409,0.79921854,0.91155875,0.0016821623,0.7614827,0.03773582
5544,Valeriana sitchensis,0.82805,0.91682255,0.8191035,0.008946538,0.91384727,0.002975285
5545,Valeriana tripteris,0.87482363,0.7977178,0.87610185,-0.0012782216,0.8467709,-0.049053073
5546,Valeriana tuberosa,0.93852526,0.98287207,0.9183703,0.020154953,0.99705374,-0.0141816735
5547,Vangueria infausta,0.58338577,-0.9714873,0.85642314,-0.27303737,0.60779107,-1.5792783
5548,Ventilago elegans,0.8721054,0.9271341,0.87904537,-0.0069399476,0.9262632,0.00087088346
5549,Ventilago viminalis,0.8147724,0.7773177,0.7825403,0.032232106,0.9256052,-0.14828748
5550,Vepris nobilis,0.50663143,-2.4520764,0.5132845,-0.0066530704,-1.6531188,-0.7989576
5551,Veratrum album,0.87579286,0.80997026,0.8643648,0.011428058,0.69902396,0.1109463
5552,Veratrum lobelianum,0.8989829,0.93946505,0.89351124,0.005471647,0.94596845,-0.006503403
5553,Veratrum nigrum,0.9536748,0.8598211,0.8791973,0.074477494,0.99584687,-0.13602579
5554,Veratrum viride,0.90580976,0.902902,0.9101641,-0.0043543577,0.901259,0.001643002
5555,Verbascum chaixii,0.87311924,0.99709934,0.85662514,0.016494095,0.81276894,0.1843304
5556,Verbascum lychnitis,0.87096554,0.6911641,0.83796275,0.033002794,0.8652412,-0.17407715
5557,Verbascum nigrum,0.7218104,-3.3949099,0.649291,0.07251942,-2.4199321,-0.97497773
5558,Verbascum phoeniceum,0.91105354,0.9389727,0.86613977,0.04491377,0.9008722,0.03810054
5559,Verbena officinalis,0.7891785,0.5819077,0.76826715,0.020911336,0.33365938,0.24824831
5560,Verbesina alternifolia,0.8888503,0.88300776,0.8767979,0.012052357,0.9254756,-0.042467833
5561,Verbesina occidentalis,0.83843,0.83558595,0.831447,0.006982982,0.8170378,0.018548131
5562,Vernonanthura discolor,0.8437182,0.73610395,0.6687334,0.17498475,0.37610796,0.359996
5563,Vernonanthura puberula,0.7945663,0.69097334,0.740654,0.053912282,0.6625915,0.028381824
5564,Vernonia angustifolia,0.9304394,0.9669889,0.89632857,0.034110844,0.928259,0.038729906
5565,Veronica alpina,0.9527736,0.94643307,0.9569107,-0.0041371584,0.98051876,-0.03408569
5566,Veronica anagallis-aquatica,0.7985538,0.4855007,0.7902504,0.008303404,0.8515706,-0.3660699
5567,Veronica aphylla,0.96001214,0.9775017,0.95999956,1.257658e-05,0.91872835,0.05877334
5568,Veronica arvensis,0.6832895,0.91873753,0.66620374,0.01708579,0.9407733,-0.022035778
5569,Veronica austriaca,0.86331016,0.79514056,0.8433982,0.019911945,0.7966149,-0.0014743209
5570,Veronica beccabunga,0.75717723,0.93342906,0.74376297,0.013414264,0.9045696,0.028859437
5571,Veronica bellidioides,0.9466614,0.9839189,0.9641268,-0.017465413,0.9923576,-0.008438706
5572,Veronica chamaedrys,0.68316865,0.45727596,0.6509101,0.03225857,0.47528872,-0.018012762
5573,Veronica dillenii,0.9750872,0.9560848,0.95400566,0.021081567,-0.60919434,1.5652791
5574,Veronica fruticans,0.9329672,0.9593696,0.9289168,0.004050374,0.6758278,0.2835418
5575,Veronica glandulosa,0.8836217,0.7303115,0.9243944,-0.040772736,0.84307355,-0.112762034
5576,Veronica hederifolia,0.7424818,-1.0292248,0.7255993,0.016882539,-2.9728277,1.9436029
5577,Veronica incana,0.92429817,0.92691016,0.88876224,0.03553593,0.9064669,0.02044326
5578,Veronica krylovii,0.95653695,0.91691035,0.890252,0.066284955,0.8972649,0.019645452
5579,Veronica linariifolia,0.8747549,0.69915205,0.7084087,0.16634619,-1.0214227,1.7205749
5580,Veronica longifolia,0.91709685,0.9306939,0.8979458,0.019151032,0.91785675,0.012837172
5581,Veronica montana,0.80509937,0.626845,0.8039086,0.0011907816,0.8334422,-0.20659721
5582,Veronica officinalis,0.7111869,0.6001856,0.70179915,0.009387732,0.66681015,-0.06662458
5583,Veronica pinnata,0.9690019,0.97677886,0.9725667,-0.0035648346,0.9763479,0.00043094158
5584,Veronica plebeia,0.9057833,0.9570992,0.9016864,0.0040969253,0.9519596,0.0051395893
5585,Veronica scutellata,0.8761765,0.87737083,0.8703694,0.0058071017,0.5166306,0.36074024
5586,Veronica serpyllifolia,0.76313096,0.66604286,0.73637235,0.026758611,-0.025229,0.69127184
5587,Veronica spicata,0.91875964,0.85066366,0.880507,0.03825265,0.8178026,0.032861054
5588,Veronica spuria,0.9642443,0.828581,0.95350593,0.010738373,0.15583575,0.6727452
5589,Veronica teucrium,0.90017205,0.869226,0.89077735,0.009394705,0.8523766,0.016849399
5590,Veronica urticifolia,0.9250108,0.84251595,0.91415,0.010860801,0.8039363,0.038579643
5591,Veronica verna,0.8762964,0.73739487,0.84674066,0.029555738,0.990112,-0.25271714
5592,Veronica wormskjoldii,0.9683392,0.95370996,0.97035366,-0.0020144582,0.9623642,-0.008654237
5593,Veronica wyomingensis,0.9521871,0.9669275,0.93018734,0.021999776,0.9210568,0.04587072
5594,Viburnum acerifolium,0.8661032,0.87730515,0.8409821,0.025121093,0.7664569,0.11084825
5595,Viburnum cassinoides,0.91421914,0.98387486,0.9060451,0.008174062,0.9451543,0.03872055
5596,Viburnum erosum,0.88184917,0.91682905,0.8645069,0.01734227,0.9513603,-0.034531236
5597,Viburnum foetidum,0.8421879,0.80568403,0.85371554,-0.0115276575,0.8020973,0.0035867095
5598,Viburnum formosanum,0.6149312,0.18968084,0.6639514,-0.04902017,0.48622224,-0.2965414
5599,Viburnum hayatae,0.7941191,0.61421406,0.73992676,0.054192364,0.67932427,-0.06511021
5600,Viburnum lantana,0.8819518,0.89630014,0.8648989,0.017052889,0.8707436,0.025556564
5601,Viburnum lantanoides,0.9610429,0.9421757,0.9644007,-0.0033578277,0.95646805,-0.014292359
5602,Viburnum luzonicum,0.60558516,0.5599827,0.69258106,-0.0869959,0.6838091,-0.123826385
5603,Viburnum nudum,0.74466074,0.7582316,0.6990982,0.045562506,0.5078177,0.2504139
5604,Viburnum odoratissimum,0.8407135,0.9470788,0.6391144,0.20159912,0.9119749,0.035103917
5605,Viburnum opulus,0.8029715,0.5989179,0.77808094,0.024890542,0.6425606,-0.0436427
5606,Viburnum prunifolium,0.9057482,0.95026284,0.8916794,0.014068782,0.88266724,0.0675956
5607,Viburnum rafinesqueanum,0.962515,0.9543963,0.9642136,-0.0016986132,0.9218143,0.032581985
5608,Viburnum rufidulum,0.8903097,0.8617797,0.86081445,0.02949524,0.9117467,-0.04996699
5609,Viburnum taitoense,0.7829473,0.7124736,0.80723745,-0.024290144,0.84801745,-0.13554388
5610,Viburnum tinus,0.8988625,0.6971187,0.8976213,0.0012412071,0.6651293,0.031989396
5611,Viburnum urceolatum,0.8468542,0.88529104,0.84316456,0.0036896467,0.8174406,0.06785041
5612,Vicia americana,0.8897281,0.86657536,0.8457757,0.043952405,0.8583381,0.008237243
5613,Vicia amoena,0.90924126,0.947739,0.85428613,0.054955125,0.062148977,0.88559
5614,Vicia cracca,0.76560605,0.54794455,0.697653,0.06795305,0.60244775,-0.054503202
5615,Vicia grandiflora,0.85296005,0.88268083,0.82084614,0.03211391,0.6791233,0.20355755
5616,Vicia hirsuta,0.75315547,0.8005332,0.7388925,0.014262974,0.81988174,-0.019348562
5617,Vicia incana,0.9077283,0.63108695,0.86757445,0.04015386,0.94928825,-0.3182013
5618,Vicia lathyroides,0.9140351,0.9984066,0.87901324,0.03502184,0.88433325,0.114073336
5619,Vicia megalotropis,0.8932335,0.96055275,0.8311183,0.062115192,0.5469166,0.41363615
5620,Vicia popovii,0.84651506,0.7266624,0.5197726,0.32674247,-0.008871573,0.73553395
5621,Vicia pyrenaica,0.97306544,0.6621754,0.9718281,0.0012373328,0.9132856,-0.2511102
5622,Vicia sativa,0.7712493,0.8459746,0.76340705,0.007842243,0.8243505,0.021624148
5623,Vicia sepium,0.7623182,0.5537175,0.6640314,0.09828681,0.53769165,0.016025841
5624,Vicia sylvatica,0.920673,0.9695554,0.7953026,0.12537038,0.86100775,0.10854763
5625,Vicia tenuifolia,0.6398292,-0.07081697,0.60510063,0.034728587,0.20431122,-0.2751282
5626,Vicia tetrasperma,0.76261586,-1.0605676,0.7536417,0.008974135,0.32274234,-1.38331
5627,Vicia unijuga,0.92393607,0.81631744,0.7882765,0.13565958,0.85936373,-0.043046296
5628,Vicia villosa,0.8570427,0.67813325,0.8666744,-0.009631753,0.5432053,0.13492793
5629,Vigna lanceolata,0.8052351,0.71556675,0.7256761,0.07955897,0.7168548,-0.0012880564
5630,Vigna marina,0.647081,-0.7508317,0.4389355,0.20814553,-4.5369635,3.7861319
5631,Vigna radiata,0.71063375,0.95782197,0.68969285,0.0209409,0.9102998,0.047522187
5632,Vigna unguiculata,0.84371424,0.58475494,0.5659048,0.27780944,-2.0923574,2.6771123
5633,Vigna vexillata,0.8946111,-0.2568715,0.8781998,0.016411304,0.49069124,-0.74756277
5634,Vinca minor,0.7362627,0.57036257,0.6917653,0.04449737,-0.16831858,0.73868114
5635,Vincetoxicum hirundinaria,0.84128016,0.91871774,0.83514965,0.0061305165,0.9051437,0.013574064
5636,Vincetoxicum lineare,0.81958276,0.9799115,0.86372805,-0.044145286,0.5871907,0.39272082
5637,Vincetoxicum paniculatum,0.98401743,0.9776931,0.98235714,0.0016602874,0.9975669,-0.019873798
5638,Viola abyssinica,0.77916384,0.5978637,0.73580176,0.04336208,0.52420026,0.07366341
5639,Viola alba,0.7650126,0.8019824,0.7985207,-0.033508062,0.8945804,-0.09259802
5640,Viola ambigua,0.94938684,0.9266157,0.9308288,0.018558025,0.99760985,-0.07099414
5641,Viola arvensis,0.7651196,-3.2946458,0.75612783,0.008991778,-0.0077077863,-3.286938
5642,Viola banksii,0.98406726,0.9774888,0.9804646,0.0036026835,0.8718767,0.1056121
5643,Viola betonicifolia,0.95094365,0.99215263,0.94493264,0.006011009,0.9976574,-0.005504787
5644,Viola biflora,0.9195657,0.86837745,0.9167372,0.0028284788,0.8747904,-0.0064129233
5645,Viola calcarata,0.96766794,0.9825684,0.9700523,-0.0023843646,0.94914246,0.033425927
5646,Viola canina,0.70307493,0.68922997,0.6400896,0.06298536,0.6597458,0.029484153
5647,Viola collina,0.87920046,0.9127,0.8303424,0.048858047,0.933437,-0.020736992
5648,Viola dehnhardtii,0.87064964,0.688626,0.8709754,-0.00032573938,0.7392949,-0.050668895
5649,Viola eminii,0.7552732,0.44250306,0.9014698,-0.1461966,0.8432508,-0.40074775
5650,Viola epipsila,0.86431813,0.9039487,0.8150421,0.049276054,0.93990916,-0.035960436
5651,Viola glabella,0.75854826,0.40448764,0.79866743,-0.04011917,0.5460877,-0.14160004
5652,Viola hastata,0.8910569,0.86805636,0.89379776,-0.00274086,0.8833792,-0.015322864
5653,Viola hederacea,0.86411464,0.900562,0.8593308,0.004783869,0.96205795,-0.06149596
5654,Viola hirta,0.8086059,0.8868532,0.76771414,0.040891767,0.87133396,0.015519261
5655,Viola lutea,0.975148,0.9867025,0.96681726,0.008330762,0.932302,0.054400504
5656,Viola mirabilis,0.9119481,0.91522706,0.87515163,0.03679645,0.39254773,0.5226793
5657,Viola nannae,0.8041843,0.56606907,0.862782,-0.058597684,0.70946467,-0.1433956
5658,Viola odorata,0.7103025,0.8067835,0.7272332,-0.0169307,0.80358094,0.0032025576
5659,Viola orbiculata,0.78144187,0.578313,0.7533685,0.02807337,0.6376148,-0.059301794
5660,Viola palustris,0.8740228,0.89687735,0.8630426,0.010980189,0.89413744,0.0027399063
5661,Viola pedata,0.7925967,0.8379364,0.7175967,0.07499999,-0.17686749,1.0148039
5662,Viola primulifolia,0.6906817,0.75689733,0.6465182,0.044163525,-0.078861944,0.8357593
5663,Viola reichenbachiana,0.73019063,0.5442709,0.71939015,0.010800481,0.53216296,0.012107909
5664,Viola riviniana,0.79994756,0.86872137,0.80864155,-0.008693993,0.86858654,0.0001348257
5665,Viola rossii,0.83902323,0.7028976,0.84992886,-0.010905623,0.73550665,-0.032609046
5666,Viola rupestris,0.87442446,0.86386913,0.83398473,0.040439725,0.6551002,0.2087689
5667,Viola scopulorum,0.96086264,0.97649336,0.9539869,0.0068757534,0.9651468,0.011346579
5668,Viola selkirkii,0.95034087,0.74365556,0.810398,0.13994288,0.6779902,0.065665364
5669,Viola septemloba,0.8820046,0.9276737,0.8963226,-0.014317989,0.95000815,-0.022334456
5670,Viola sororia,0.6530184,0.25071257,0.6925763,-0.039557874,0.39707965,-0.14636707
5671,Viola suavis,0.7389475,-0.8947703,0.80425614,-0.06530863,-0.2637154,-0.63105494
5672,Viola tricolor,0.8025752,0.9884374,0.789001,0.013574183,0.99115807,-0.002720654
5673,Viola variegata,0.83746135,0.7885595,0.7487894,0.08867192,0.8250106,-0.0364511
5674,Virola bicuhyba,0.93972546,0.9231345,0.92922205,0.010503411,0.8903035,0.032831013
5675,Viscaria vulgaris,0.89491624,0.64758897,0.8743621,0.020554125,0.67928416,-0.031695187
5676,Viscum album,0.7574812,0.5426432,0.6759715,0.08150971,-2.416783,2.9594264
5677,Viscum tuberculatum,0.7546124,0.66008544,0.64048153,0.114130855,0.8778625,-0.21777707
5678,Vitex agnus-castus,0.9150172,0.913201,0.9332757,-0.018258512,0.93059963,-0.017398655
5679,Vitex fischeri,0.89514905,0.95052916,0.7929865,0.10216254,0.2508224,0.6997068
5680,Vitex megapotamica,0.73642707,0.6874395,0.6141317,0.12229538,-0.0081405435,0.69558007
5681,Vitis aestivalis,0.65467316,0.4235197,0.54715043,0.107522726,0.13792245,0.28559726
5682,Vitis cinerea,0.6931332,0.52173954,0.63473547,0.05839771,0.42521527,0.09652427
5683,Vitis rotundifolia,0.72675335,0.46691272,0.72255176,0.004201591,0.44379583,0.023116887
5684,Vitis vulpina,0.61740667,0.11929856,0.5856135,0.031793177,-0.89829934,1.0175979
5685,Vittadinia cervicularis,0.7557695,-2.6733766,0.6655028,0.090266705,0.30113328,-2.9745097
5686,Vittadinia cuneata,0.9005821,0.81805146,0.88955486,0.011027217,0.83271897,-0.014667511
5687,Vittadinia dissecta,0.8707265,0.49877706,0.83986664,0.030859888,0.89630884,-0.39753178
5688,Vittadinia gracilis,0.84466124,0.4273398,0.81685483,0.027806401,0.78206825,-0.35472846
5689,Vittadinia muelleri,0.9698243,0.9334664,0.9673009,0.0025234222,0.9623548,-0.028888404
5690,Vittadinia pustulata,0.9096992,0.74248767,0.8520604,0.057638824,-0.31324595,1.0557337
5691,Vittadinia sulcata,0.8491329,0.85211366,0.8369945,0.012138367,0.8166814,0.03543228
5692,Wahlenbergia caryophylloides,0.83400834,0.08484763,0.8907505,-0.05674219,0.87601376,-0.7911661
5693,Wahlenbergia fluminalis,0.96974385,0.9085593,0.9674429,0.002300918,0.99769545,-0.08913612
5694,Wahlenbergia gracilis,0.77450943,0.95218635,0.74268603,0.031823397,0.93960965,0.012576699
5695,Wahlenbergia hederacea,0.9521026,0.96530586,0.9519229,0.000179708,0.9517034,0.013602436
5696,Wahlenbergia linarioides,0.8068447,0.5992876,0.5183158,0.28852892,-1.1095957,1.7088833
5697,Wahlenbergia luteola,0.8054018,0.7049596,0.78506553,0.02033627,0.48478398,0.2201756
5698,Wahlenbergia planiflora,0.940471,0.9637282,0.93658096,0.0038900375,0.9618611,0.0018671155
5699,Wahlenbergia stricta,0.9038211,0.9767421,0.9129336,-0.009112477,0.87200457,0.10473752
5700,Walsholaria muelleri,0.98110104,0.9715605,0.9383379,0.042763114,0.8350088,0.13655168
5701,Walwhalleya proluta,0.9526875,0.9836908,0.94145274,0.01123476,0.9922067,-0.008515894
5702,Walwhalleya subxerophila,0.9447009,0.9847672,0.92683524,0.017865658,0.9908398,-0.006072581
5703,Weinmannia paulliniifolia,0.85660267,0.8645513,0.7918848,0.06471789,0.83576566,0.028785646
5704,Welchiodendron longivalve,0.9762044,0.97606075,0.9615789,0.01462549,0.9655912,0.010469556
5705,Wendlandia formosana,0.8988254,0.9090068,0.920077,-0.021251619,0.95803183,-0.04902506
5706,Werneria humilis,0.8107089,0.6589257,0.7923076,0.018401265,0.7124564,-0.053530693
5707,Wikstroemia indica,0.9347147,0.79930925,0.92282474,0.011889935,0.97424453,-0.17493528
5708,Wilkiea rigidifolia,0.9749559,0.97730553,0.97435814,0.000597775,0.8654693,0.111836255
5709,Willemetia stipitata,0.9690378,0.9616194,0.961352,0.0076857805,0.9928814,-0.03126204
5710,Wollastonia biflora,0.8443041,-0.10148052,0.83209157,0.012212515,-0.37077996,0.26929945
5711,Woodwardia areolata,0.7352781,0.6426093,0.7626187,-0.027340591,0.59740156,0.04520774
5712,Woodwardia unigemmata,0.8079598,0.8110839,0.858127,-0.050167203,0.8903172,-0.07923329
5713,Woodwardia virginica,0.890947,0.89809674,0.8809998,0.009947181,0.8745386,0.02355814
5714,Wrightia saligna,0.776943,0.8390293,0.7888184,-0.011875391,0.86443657,-0.025407255
5715,Wyethia amplexicaulis,0.9485541,0.66963506,0.9352195,0.013334572,0.0990519,0.57058316
5716,Wyethia sagittata,0.93047947,0.97565055,0.89968514,0.030794322,0.9464922,0.029158354
5717,Xanthium strumarium,0.9014344,0.9185561,0.8058073,0.09562713,0.87801623,0.04053986
5718,Xanthorhiza simplicissima,0.8557812,0.86749464,0.8339349,0.021846294,0.7473979,0.12009674
5719,Xanthorrhoea johnsonii,0.8289031,0.4729356,0.8201862,0.008716881,0.2563767,0.21655887
5720,Xanthorrhoea latifolia,0.95798236,0.8208371,0.95220363,0.00577873,0.874173,-0.053335905
5721,Xanthosia pilosa,0.9643656,0.9636166,0.9620804,0.0022851825,0.9662599,-0.0026432872
5722,Xenostegia pinnata,0.8193716,0.64167047,0.65729505,0.16207653,0.47541815,0.16625232
5723,Xenostegia tridentata,0.8408402,0.85635793,0.67195255,0.16888767,-0.013011267,0.8693692
5724,Xeranthemum annuum,0.97721314,0.99565697,0.9694885,0.0077246428,0.9713922,0.024264753
5725,Xerophyllum tenax,0.8871838,0.79807466,0.87988025,0.007303536,0.8160687,-0.017994046
5726,Ximenia americana,0.9529918,0.48109722,0.7761874,0.17680436,0.9547298,-0.47363257
5727,Xylomelum scottianum,0.8900398,0.9110984,0.8792525,0.010787308,0.89656895,0.014529467
5728,Xylopia brasiliensis,0.939179,0.92341965,0.94167787,-0.0024988651,0.93096435,-0.0075446963
5729,Xylopia tomentosa,0.830512,0.7007669,0.81750613,0.013005853,0.713067,-0.012300074
5730,Xylosalsola arbuscula,0.7771445,0.80749553,0.80959994,-0.032455444,0.42945465,0.37804088
5731,Xylosma pseudosalzmannii,0.6885562,0.5227314,0.50262034,0.18593585,-0.1347609,0.65749234
5732,Xymalos monospora,0.92423683,0.8822746,0.8765295,0.04770732,0.83630913,0.045965493
5733,Xyris ambigua,0.89019924,0.93248856,0.8549255,0.03527373,0.91242796,0.020060599
5734,Xyris caroliniana,0.8924055,0.88252753,0.89691293,-0.0045074224,0.8786064,0.003921151
5735,Xyris complanata,0.9188934,0.90784544,0.8787514,0.040142,0.980617,-0.07277155
5736,Yucca angustissima,0.93108964,0.91405135,0.8590907,0.071998954,0.8740796,0.03997177
5737,Yucca baccata,0.81122595,0.5860915,0.7779348,0.03329116,0.6803056,-0.09421408
5738,Yucca elata,0.87226844,0.9212381,0.86455756,0.007710874,0.92452353,-0.003285408
5739,Yucca filamentosa,0.71261245,0.45286798,0.7059422,0.0066702366,0.87742746,-0.42455947
5740,Yucca glauca,0.8587474,0.8350393,0.7733945,0.0853529,0.58543646,0.24960285
5741,Yucca schidigera,0.9285741,0.9817094,0.9179117,0.010662377,0.971021,0.010688424
5742,Yushania niitakayamensis,0.8651751,0.8513019,0.8982948,-0.03311968,0.91122854,-0.05992663
5743,Zannichellia palustris,0.87272954,-1.1072398,0.817803,0.054926515,0.99951357,-2.1067533
5744,Zanthoxylum asiaticum,0.6917924,0.09245477,0.7116658,-0.01987338,0.29430327,-0.2018485
5745,Zanthoxylum gilletii,0.9784722,0.981914,0.83988404,0.13858813,0.6069285,0.37498546
5746,Zanthoxylum nitidum,0.9744699,0.99817824,0.9790956,-0.004625678,0.97836727,0.019810975
5747,Zanthoxylum rhoifolium,0.7700169,0.55137557,0.7562677,0.013749182,0.5641291,-0.012753546
5748,Zanthoxylum scandens,0.5646779,0.14742093,0.5784464,-0.013768494,0.09924888,0.04817205
5749,Zanthoxylum schinifolium,0.9395311,0.989796,0.89419985,0.04533124,0.9797072,0.010088801
5750,Zehneria scabra,0.8825081,0.83552307,0.8984367,-0.015928626,0.8974296,-0.061906517
5751,Zelkova serrata,0.8166187,0.95682627,0.8327849,-0.01616621,0.90775305,0.04907322
5752,Zilla spinosa,0.53557885,-0.04235035,0.5863617,-0.05078286,0.22928257,-0.2716329
5753,Zizia trifoliata,0.79615587,0.7350016,0.8765927,-0.080436826,0.7809765,-0.04597485
5754,Ziziphora clinopodioides,0.9290449,0.8627713,0.8676948,0.061350107,0.9548876,-0.092116356
5755,Ziziphus mauritiana,0.88828343,0.7700593,0.8841168,0.004166603,0.3471189,0.42294037
5756,Ziziphus mucronata,0.8340549,0.88321286,0.72754467,0.10651022,0.72890764,0.15430522
5757,Zollernia ilicifolia,0.8497088,0.7909162,0.83747387,0.012234926,0.7347493,0.056166887
5758,Zornia dyctiocarpa,0.73560524,0.8359586,0.6932014,0.042403817,0.8196848,0.016273797
5759,Zornia glochidiata,0.9422699,0.9140599,0.93569297,0.0065769553,0.88699955,0.02706033
5760,Zornia muriculata,0.8448624,0.78536576,0.8369519,0.00791049,0.7911115,-0.0057457685
5761,Zornia prostrata,0.8996568,0.9551543,0.75206435,0.14759243,0.8535442,0.101610124
5762,Zygophyllum album,0.8492322,-0.24700181,0.5374772,0.311755,-0.36989725,0.122895434
5763,Zygophyllum bruguieri,0.8393279,0.8503471,0.8095843,0.029743552,0.62041384,0.22993326
5764,Zygophyllum glutinosum,0.5082052,-0.5602621,0.51153845,-0.0033332705,-0.66460556,0.104343474
5765,Zygophyllum indicum,0.8980568,0.9586514,0.8242569,0.07379991,0.48705244,0.47159898
5766,Zygophyllum kaschgaricum,0.4755699,-1.0638982,0.284234,0.19133592,-1.7764012,0.71250296
5767,Zygophyllum neglectum,0.78227514,0.7331109,0.6323634,0.14991176,0.42326546,0.30984545
5768,Zygophyllum rosowii,0.66840214,0.6231089,0.7546626,-0.08626044,0.28450674,0.3386022
5769,Zygophyllum simplex,0.902825,0.87136585,0.8527177,0.0501073,0.5562225,0.31514335
5770,Zygophyllum xanthoxylum,0.79803824,0.55801207,0.83168274,-0.033644497,0.7305773,-0.17256522
